AvgOrderValue,PurchaseFrequency,NumProductCategoriesShoppedIn,AvgDiscountUsed
23.84,1.28,1,0.02
185.29,1.94,2,0.017
40.77,2.3,2,0.285
43.39,4.22,2,0.402
28.85,11.21,4,0.076
45.74,2.8,2,0.278
167.78,1.75,2,0.045
46.33,1.91,2,0.238
53.59,3.57,1,0.339
41.23,14.76,4,0.133
26.54,10.28,2,0.129
52.64,2.37,3,0.388
196.62,1.75,2,0.033
161.81,3.6,3,0.05
45.57,3.15,2,0.502
36.56,3.13,2,0.341
30.37,17.61,2,0.063
37.48,12.22,3,0.06
36.43,10.13,2,0.117
166.91,2.38,1,0.072
204.96,3.34,2,0.051
37.82,1.98,2,0.289
36.92,9.34,3,0.087
207.01,1.54,2,0.005
34.99,12.11,3,0.039
29.47,3.52,3,0.358
29.37,12.16,3,0.133
44.19,8.2,3,0.109
212.5,2.58,2,0.001
46.2,3.47,1,0.343
47.99,2.5,3,0.33
28.14,11.27,3,0.071
42.02,9.93,2,0.109
39.38,9.29,3,0.167
156.83,2.3,2,0.028
187.69,1.96,2,0.093
28.0,1.02,1,0.018
35.65,11.04,2,0.102
213.2,1.35,2,0.027
168.08,2.74,3,0.076
30.73,14.12,2,0.131
194.59,1.75,1,0.048
232.12,2.44,1,0.099
36.33,1.17,1,0.015
198.82,0.4,1,0.081
35.32,12.65,4,0.132
22.44,12.87,2,0.125
216.23,1.8,1,0.044
27.13,8.69,1,0.085
29.49,10.71,4,0.152
218.95,2.32,1,0.0
24.82,8.01,4,0.092
29.21,0.98,1,0.036
38.34,14.43,4,0.172
22.71,0.45,2,0.018
30.81,3.3,1,0.295
41.57,2.26,2,0.396
38.32,11.08,4,0.086
48.82,10.01,3,0.055
33.3,11.93,3,0.107
213.05,2.68,2,0.109
178.57,1.15,3,0.045
34.21,1.29,1,0.038
15.2,11.94,2,0.047
19.54,0.96,1,0.0
28.21,1.33,1,0.016
45.72,2.84,2,0.376
49.3,10.83,3,0.199
181.86,3.1,3,0.059
201.13,2.01,1,0.027
21.17,0.45,1,0.046
37.2,8.84,4,0.132
231.48,1.57,3,0.054
26.75,0.3,1,0.007
27.84,9.95,2,0.091
27.21,0.81,1,0.032
21.32,0.65,1,0.011
204.15,1.64,2,0.079
50.29,2.75,2,0.323
27.7,3.12,1,0.343
206.08,1.08,2,0.06
200.02,3.0,2,0.059
190.99,2.54,1,0.106
31.84,2.86,2,0.368
32.63,4.33,2,0.341
28.88,9.95,2,0.159
40.94,2.43,2,0.327
54.13,3.68,2,0.404
44.39,3.74,2,0.356
30.49,1.26,2,0.0
41.09,13.92,3,0.082
179.23,1.83,1,0.064
28.55,14.17,3,0.03
162.04,2.02,2,0.047
31.22,13.06,4,0.074
53.84,2.35,2,0.296
37.93,12.92,3,0.099
33.57,9.99,4,0.151
44.34,4.7,2,0.283
189.26,2.42,2,0.022
188.79,2.33,2,0.029
202.51,1.16,2,0.042
174.82,0.97,2,0.076
226.84,1.91,2,0.003
41.12,8.96,2,0.0
42.23,7.51,3,0.02
37.92,13.82,2,0.117
29.57,1.05,1,0.012
42.65,12.23,2,0.135
34.59,13.55,3,0.111
210.52,2.34,1,0.084
39.23,9.58,3,0.128
222.18,2.28,3,0.073
24.76,0.74,1,0.046
49.23,2.8,1,0.394
235.11,1.03,2,0.049
44.88,13.95,3,0.052
31.92,12.01,3,0.013
48.97,15.77,4,0.022
18.79,3.43,2,0.381
28.55,0.97,1,0.014
49.71,11.94,4,0.085
28.68,7.92,3,0.08
29.93,14.91,2,0.145
183.69,1.83,2,0.03
50.71,2.97,2,0.345
17.6,11.58,3,0.025
24.58,1.92,1,0.038
43.1,4.52,2,0.43
183.06,2.13,3,0.041
32.44,0.68,1,0.017
40.86,14.93,2,0.033
53.39,2.22,2,0.382
194.52,1.23,3,0.081
33.22,13.51,2,0.091
43.67,3.69,2,0.399
189.73,1.61,1,0.067
40.47,1.65,2,0.336
43.26,17.17,4,0.091
40.38,11.27,3,0.116
22.99,3.72,3,0.236
176.45,3.0,2,0.038
39.17,7.54,4,0.054
39.27,12.1,2,0.113
180.86,1.82,2,0.075
30.79,15.73,4,0.07
181.82,2.16,2,0.029
48.66,14.6,3,0.114
42.86,3.26,2,0.203
45.64,8.82,1,0.128
164.41,1.95,2,0.048
33.33,3.29,2,0.297
34.13,10.92,4,0.063
23.48,0.64,1,0.032
48.71,4.11,2,0.4
45.49,3.59,2,0.423
28.65,4.3,2,0.125
35.65,17.38,3,0.093
33.52,11.23,4,0.08
39.93,11.21,2,0.079
51.38,3.1,1,0.232
54.22,2.45,2,0.288
30.57,10.41,3,0.169
39.51,14.73,3,0.141
59.91,3.03,2,0.419
42.41,3.43,2,0.461
174.36,0.71,1,0.005
169.67,2.47,3,0.063
17.94,3.66,1,0.261
243.73,2.53,2,0.031
32.41,13.42,2,0.156
191.42,1.1,2,0.053
23.81,0.52,1,0.034
36.02,12.85,3,0.161
219.06,1.81,2,0.055
236.06,1.6,2,0.081
211.19,2.45,2,0.073
51.72,2.97,2,0.218
50.15,3.73,2,0.411
196.13,1.33,2,0.036
195.88,2.08,2,0.049
47.68,3.68,3,0.259
18.47,4.38,2,0.236
25.26,2.75,2,0.301
35.24,1.39,1,0.0
51.84,2.59,3,0.353
204.46,1.93,2,0.047
55.03,3.1,2,0.407
29.35,9.02,3,0.198
32.36,1.35,1,0.031
184.76,1.01,2,0.047
31.42,1.44,1,0.037
189.52,1.89,2,0.047
219.8,2.32,2,0.058
32.83,8.95,3,0.027
193.61,0.42,1,0.019
19.34,1.13,1,0.048
37.72,9.92,4,0.128
41.02,11.69,3,0.07
24.29,0.91,1,0.05
35.91,11.85,2,0.041
17.08,1.62,2,0.0
53.02,2.36,2,0.29
74.54,2.45,1,0.427
230.9,2.8,1,0.085
41.97,3.03,3,0.33
222.88,2.49,3,0.037
47.25,2.35,1,0.295
45.6,3.5,3,0.458
27.13,11.91,2,0.056
222.2,1.59,2,0.076
137.58,2.29,2,0.092
33.2,10.93,2,0.029
54.83,1.8,2,0.352
199.46,2.83,3,0.038
22.61,0.96,1,0.037
51.22,4.42,2,0.407
28.69,14.14,2,0.129
39.96,1.71,1,0.375
49.67,3.71,1,0.259
192.07,1.48,2,0.018
33.13,11.28,3,0.157
196.4,1.54,1,0.04
190.99,1.8,1,0.054
223.49,2.18,2,0.004
33.48,3.69,2,0.337
237.81,1.69,3,0.0
156.81,1.99,3,0.063
33.46,4.13,2,0.345
23.05,0.71,1,0.011
33.01,16.75,4,0.095
191.62,2.53,1,0.116
36.33,11.8,5,0.131
48.6,11.66,4,0.078
52.12,2.93,2,0.377
222.61,1.9,2,0.063
36.49,11.89,4,0.122
18.31,0.79,1,0.018
209.47,2.19,2,0.105
203.85,2.86,2,0.096
197.68,2.02,2,0.07
25.03,11.81,2,0.094
20.79,0.81,2,0.0
214.99,1.67,1,0.085
28.67,10.82,2,0.059
222.66,1.63,3,0.065
39.76,3.61,2,0.2
23.41,0.87,1,0.007
164.32,2.68,3,0.043
162.21,2.14,1,0.039
21.61,1.28,1,0.025
163.08,1.95,2,0.012
216.12,2.29,1,0.107
23.09,3.83,2,0.307
34.86,1.41,1,0.0
59.14,3.12,2,0.409
41.56,10.67,3,0.06
48.07,3.68,2,0.377
45.08,2.3,2,0.386
210.07,1.57,1,0.02
195.49,1.33,2,0.082
42.97,6.54,3,0.057
261.04,3.31,1,0.023
52.69,2.0,1,0.322
44.61,0.82,2,0.412
52.08,14.67,4,0.052
259.28,2.03,3,0.07
14.61,0.92,2,0.0
162.61,1.02,3,0.069
176.29,1.56,2,0.007
27.36,3.51,2,0.317
48.31,3.63,3,0.369
40.37,10.13,2,0.128
226.72,2.15,2,0.078
22.69,1.8,1,0.033
47.99,3.44,1,0.222
38.78,10.17,3,0.114
189.79,1.68,2,0.064
57.43,2.42,2,0.267
37.37,3.2,2,0.27
232.93,1.32,1,0.025
213.63,1.81,1,0.006
42.16,4.01,3,0.176
47.11,19.36,3,0.062
44.75,3.34,2,0.383
184.86,1.78,2,0.082
34.57,2.17,2,0.359
35.19,14.86,4,0.101
180.14,2.25,2,0.091
36.16,13.94,4,0.027
35.48,11.46,4,0.174
24.47,1.3,2,0.023
237.16,2.19,3,0.061
51.72,2.53,2,0.415
34.77,2.83,2,0.365
34.47,0.76,1,0.044
18.34,15.95,4,0.027
204.02,2.82,1,0.079
186.24,2.74,3,0.087
20.38,1.19,1,0.04
35.56,1.86,2,0.156
37.43,11.38,3,0.162
193.73,1.32,2,0.101
192.55,1.66,2,0.077
32.38,0.5,1,0.006
189.62,2.0,2,0.014
59.97,2.84,2,0.359
44.08,10.93,3,0.105
25.93,1.55,2,0.032
47.66,1.6,2,0.273
15.21,1.31,1,0.058
28.51,2.26,2,0.393
48.91,2.92,2,0.225
169.48,2.26,1,0.074
29.32,12.85,3,0.133
38.69,14.18,2,0.066
28.71,10.15,4,0.126
160.78,1.84,2,0.059
47.64,8.23,1,0.064
196.32,1.87,2,0.042
12.75,0.59,1,0.007
26.85,11.32,3,0.102
34.07,3.52,2,0.339
263.25,2.39,2,0.016
32.64,2.94,2,0.37
30.49,10.06,3,0.12
40.1,9.88,2,0.063
27.55,1.58,1,0.009
31.69,2.5,3,0.404
58.93,2.52,2,0.286
22.68,0.75,1,0.06
29.92,13.28,5,0.038
31.61,2.73,2,0.328
31.55,1.53,1,0.064
53.51,2.06,3,0.338
57.79,3.37,1,0.367
50.86,1.48,2,0.385
140.63,1.55,2,0.048
37.07,14.14,4,0.075
50.9,3.94,2,0.338
45.03,12.34,3,0.164
183.72,2.42,2,0.047
36.42,9.72,5,0.116
177.35,3.33,2,0.054
161.62,2.01,3,0.057
38.56,12.41,3,0.039
164.59,2.09,3,0.12
51.15,3.22,2,0.311
30.45,14.99,3,0.082
49.15,3.49,2,0.418
24.59,1.43,1,0.005
31.49,9.54,2,0.057
37.4,12.38,3,0.104
42.74,15.14,4,0.155
18.58,1.06,1,0.013
41.56,11.01,4,0.165
41.27,11.41,3,0.086
29.41,1.16,1,0.022
23.55,1.99,2,0.266
50.51,3.91,3,0.221
28.73,0.65,1,0.007
24.09,0.41,1,0.009
17.53,0.46,1,0.024
224.12,1.19,2,0.098
29.64,12.58,4,0.098
28.34,16.87,2,0.048
214.11,1.14,1,0.075
65.74,2.75,2,0.326
222.57,1.3,3,0.044
196.23,1.76,1,0.035
45.6,2.09,2,0.303
23.41,14.04,3,0.185
201.67,1.18,2,0.093
210.99,0.67,2,0.095
196.14,0.79,3,0.042
224.48,1.13,2,0.065
198.91,0.92,3,0.0
194.9,2.14,2,0.073
42.55,4.85,2,0.379
175.03,2.05,2,0.027
232.03,2.4,3,0.028
205.08,2.0,2,0.074
23.17,9.99,4,0.152
207.59,2.31,2,0.034
46.37,2.83,3,0.469
32.82,11.3,4,0.079
192.42,3.38,2,0.119
48.62,5.16,2,0.348
36.64,13.0,1,0.07
173.58,2.86,2,0.109
38.36,12.78,3,0.109
31.04,1.57,1,0.033
23.62,1.17,1,0.025
169.07,0.93,2,0.041
63.84,1.92,2,0.362
44.81,2.65,1,0.296
23.79,1.24,1,0.01
36.91,19.21,5,0.119
45.69,3.82,3,0.414
30.69,12.48,3,0.044
12.37,1.62,1,0.04
143.94,1.51,1,0.113
23.87,16.1,3,0.136
227.92,1.48,2,0.058
41.5,3.87,2,0.449
25.99,10.63,3,0.044
225.42,0.77,2,0.004
19.7,1.21,1,0.0
152.88,1.06,2,0.063
32.04,13.21,2,0.077
41.78,3.33,2,0.476
43.26,3.37,2,0.369
46.06,4.26,2,0.457
41.73,16.45,2,0.044
232.75,1.57,2,0.073
209.63,2.86,2,0.046
210.36,1.96,1,0.005
40.86,3.22,2,0.327
38.61,3.37,2,0.246
203.43,1.92,2,0.054
25.03,6.64,2,0.131
221.4,2.43,2,0.031
212.61,2.75,2,0.079
20.63,12.89,2,0.065
49.02,3.92,2,0.352
30.03,14.42,5,0.087
50.57,4.18,2,0.447
174.72,2.39,2,0.063
47.62,2.85,2,0.525
197.97,1.02,2,0.066
54.55,2.73,2,0.196
29.33,1.64,1,0.025
165.48,1.86,2,0.011
215.27,2.24,2,0.076
36.29,10.76,4,0.118
43.79,12.74,3,0.126
234.33,2.67,2,0.024
28.96,0.52,1,0.004
189.02,1.52,2,0.066
21.34,1.54,2,0.054
27.62,1.8,1,0.0
28.39,14.04,4,0.143
35.08,10.61,4,0.115
40.8,11.38,2,0.06
31.39,1.18,1,0.008
174.56,1.06,1,0.091
22.59,0.51,1,0.025
38.39,15.68,4,0.053
30.69,1.29,1,0.047
37.92,10.72,3,0.101
49.08,12.32,3,0.032
155.23,1.53,1,0.079
36.58,9.05,4,0.112
210.95,2.37,3,0.033
54.0,2.06,2,0.287
34.42,1.72,1,0.051
28.74,1.6,1,0.037
23.61,15.59,3,0.099
26.7,2.37,2,0.39
30.91,1.04,1,0.047
139.02,2.06,2,0.053
42.27,3.22,2,0.365
188.42,2.56,2,0.093
44.06,10.81,3,0.053
38.19,9.36,3,0.038
26.94,0.82,1,0.0
37.81,10.31,3,0.118
24.95,0.54,1,0.0
241.86,2.51,1,0.0
165.16,1.68,3,0.09
235.57,2.43,1,0.047
185.98,1.52,1,0.115
229.63,1.98,2,0.017
210.21,2.68,1,0.105
34.48,0.68,1,0.0
48.93,10.27,4,0.042
36.74,7.91,5,0.067
171.82,1.47,1,0.025
31.84,5.8,5,0.114
50.32,2.52,3,0.327
19.73,1.58,1,0.005
195.85,1.53,2,0.084
39.66,3.17,2,0.303
47.49,4.38,3,0.463
34.1,8.75,3,0.051
43.01,12.31,3,0.041
52.49,3.26,1,0.183
225.97,1.35,2,0.058
32.28,1.21,1,0.0
43.46,8.24,2,0.147
47.67,12.9,4,0.132
20.19,1.02,1,0.043
41.16,2.39,2,0.338
220.34,1.51,1,0.03
34.27,1.14,1,0.025
42.88,1.82,2,0.294
143.25,2.31,1,0.053
61.65,4.01,2,0.502
41.58,3.31,1,0.212
40.45,2.44,2,0.246
22.24,1.56,1,0.0
209.27,1.72,3,0.064
198.75,1.99,2,0.092
195.1,2.62,2,0.067
48.98,2.83,2,0.437
37.87,11.29,4,0.107
43.21,3.04,2,0.405
25.03,8.02,2,0.076
23.64,1.05,1,0.017
31.46,13.02,3,0.176
26.37,0.43,1,0.0
51.61,1.78,1,0.443
27.0,0.76,1,0.022
202.57,2.45,2,0.035
213.88,2.35,2,0.052
24.54,8.9,2,0.138
45.32,2.38,2,0.219
35.19,11.07,3,0.141
39.32,13.9,4,0.134
13.56,1.65,1,0.015
24.55,1.13,1,0.005
135.46,3.06,3,0.072
251.68,2.19,2,0.04
21.85,0.73,1,0.0
210.87,1.14,2,0.058
238.17,1.99,1,0.098
212.3,1.89,2,0.012
242.2,1.73,2,0.088
63.66,4.24,2,0.361
47.18,2.3,2,0.409
49.03,3.54,2,0.248
34.65,14.79,4,0.09
53.7,2.59,2,0.513
18.12,11.89,2,0.101
222.16,3.31,3,0.069
46.42,1.3,2,0.342
215.35,1.86,3,0.049
28.27,9.38,3,0.152
49.82,2.19,2,0.409
20.56,1.05,1,0.037
35.83,8.14,2,0.131
249.55,1.54,1,0.11
24.18,14.81,2,0.136
49.81,4.19,3,0.304
239.15,2.88,3,0.068
202.65,1.62,2,0.05
37.45,11.13,3,0.109
47.69,3.65,1,0.468
29.23,1.67,1,0.002
48.87,9.62,3,0.094
21.83,2.0,1,0.032
256.91,2.13,2,0.0
31.58,3.05,3,0.334
155.97,2.72,2,0.08
49.56,3.92,3,0.379
37.12,3.89,2,0.282
44.67,3.77,2,0.418
23.4,1.33,1,0.015
37.29,12.73,2,0.155
32.12,9.27,2,0.136
43.56,2.84,1,0.2
37.11,0.99,1,0.037
178.79,1.51,2,0.087
41.28,4.88,2,0.392
31.12,3.28,1,0.438
228.07,2.04,3,0.03
33.89,17.85,3,0.177
18.19,1.03,2,0.001
20.42,0.82,1,0.065
56.1,3.91,2,0.387
216.22,2.62,1,0.046
241.38,2.6,1,0.043
200.05,2.06,3,0.06
59.77,1.59,1,0.287
31.23,3.41,2,0.365
144.48,2.34,2,0.042
22.83,0.32,1,0.013
49.12,3.3,2,0.434
215.11,2.46,1,0.04
26.54,0.82,1,0.006
243.32,1.99,1,0.025
32.73,14.93,3,0.166
42.86,8.6,4,0.113
22.15,0.65,1,0.012
27.1,11.81,1,0.093
30.14,2.96,3,0.2
43.55,11.19,3,0.127
224.29,1.83,2,0.019
30.69,1.17,1,0.022
25.76,0.86,1,0.054
237.25,1.68,2,0.087
39.9,2.11,3,0.372
190.73,1.89,2,0.001
47.77,2.35,2,0.256
185.69,1.69,2,0.033
181.63,2.42,2,0.0
45.38,2.02,2,0.385
40.32,13.51,4,0.092
49.72,3.12,2,0.305
157.24,1.63,1,0.064
56.02,1.84,1,0.344
219.93,2.93,3,0.035
44.75,2.49,2,0.39
44.75,2.68,3,0.364
196.14,1.89,2,0.063
24.41,1.11,1,0.038
47.75,2.39,2,0.209
177.03,1.52,2,0.027
52.35,10.78,4,0.142
57.73,2.92,2,0.407
23.31,1.34,1,0.0
215.55,2.49,3,0.006
35.4,14.16,4,0.143
190.0,2.47,2,0.068
24.61,0.68,1,0.021
191.26,1.9,2,0.073
34.8,0.97,1,0.029
34.48,8.81,2,0.144
52.37,10.21,2,0.221
29.01,0.74,1,0.016
139.83,1.74,1,0.048
50.14,12.42,2,0.098
55.71,2.01,2,0.412
55.33,4.19,3,0.457
21.53,12.36,2,0.113
16.59,0.64,1,0.008
144.52,2.71,3,0.061
26.8,9.46,4,0.118
28.2,16.04,3,0.111
202.67,1.43,2,0.038
241.36,2.67,2,0.042
18.5,11.58,2,0.047
42.48,10.9,4,0.141
46.16,3.74,3,0.476
43.22,9.16,2,0.122
24.75,0.2,1,0.0
175.92,1.69,2,0.066
38.19,2.34,2,0.342
24.43,0.2,1,0.038
40.01,4.18,2,0.414
24.08,11.14,3,0.094
19.25,1.76,1,0.053
43.96,11.5,3,0.063
10.42,5.1,2,0.292
182.02,2.62,3,0.038
23.32,11.28,5,0.018
21.03,13.78,2,0.115
40.03,13.23,2,0.136
30.69,1.58,1,0.006
28.48,1.69,2,0.465
47.02,11.25,3,0.086
172.85,2.28,1,0.074
15.91,1.03,1,0.022
52.77,3.77,2,0.327
24.53,1.4,1,0.023
207.05,0.91,2,0.045
28.78,7.02,1,0.132
24.06,0.2,1,0.019
49.78,3.08,2,0.258
47.85,2.36,1,0.331
39.23,3.25,2,0.336
34.22,13.72,4,0.1
186.46,2.07,2,0.046
158.55,2.81,2,0.084
39.66,3.44,2,0.392
15.49,0.49,1,0.0
47.45,4.22,3,0.106
65.49,2.05,2,0.281
167.27,2.3,2,0.055
45.39,2.24,3,0.273
55.9,3.38,2,0.439
124.63,1.34,2,0.043
32.68,12.11,2,0.133
38.64,11.81,2,0.149
34.32,6.49,2,0.165
186.96,1.2,3,0.008
221.25,2.66,2,0.045
154.49,2.84,1,0.071
24.14,16.82,2,0.22
25.68,1.04,1,0.015
49.31,1.97,2,0.214
41.06,15.05,3,0.179
28.9,1.34,1,0.0
28.54,1.11,1,0.009
25.59,1.83,1,0.018
48.46,1.35,3,0.348
20.96,0.82,2,0.029
39.76,16.98,3,0.114
26.83,2.46,2,0.216
174.84,1.77,2,0.052
122.14,1.19,2,0.057
56.38,3.9,1,0.478
31.41,1.18,1,0.0
45.16,12.85,3,0.162
36.04,2.65,2,0.313
215.94,2.09,2,0.043
43.82,2.77,2,0.352
34.83,12.32,4,0.06
56.78,2.08,1,0.384
14.97,1.06,1,0.035
52.26,1.57,3,0.415
31.5,13.37,3,0.086
36.71,10.66,3,0.073
185.54,2.5,3,0.059
47.08,3.45,2,0.379
198.91,2.29,2,0.081
27.29,4.75,2,0.221
37.89,4.58,2,0.377
193.04,2.93,1,0.056
32.67,0.5,1,0.0
28.47,9.47,3,0.075
17.62,15.62,4,0.095
12.05,1.2,1,0.059
38.55,1.65,2,0.416
51.48,2.18,1,0.433
30.95,1.09,1,0.0
133.11,1.62,2,0.054
37.25,9.07,3,0.061
55.08,3.43,3,0.192
46.76,2.95,2,0.404
214.04,2.05,3,0.022
36.56,11.68,1,0.076
31.15,18.3,3,0.059
36.99,8.62,4,0.09
34.28,7.89,4,0.135
37.96,11.99,5,0.117
25.35,1.17,1,0.0
20.4,1.06,1,0.008
39.09,13.29,2,0.04
35.8,2.78,2,0.383
40.43,13.12,4,0.128
21.3,1.18,2,0.007
49.53,2.89,2,0.323
32.98,15.51,2,0.061
35.56,9.73,1,0.096
36.28,3.41,2,0.389
19.26,0.32,1,0.035
24.3,1.34,1,0.016
230.5,2.47,3,0.049
214.69,0.42,3,0.057
40.62,13.1,2,0.138
26.68,0.76,1,0.016
35.33,4.13,1,0.262
33.08,9.35,3,0.131
34.09,10.12,2,0.105
34.65,2.52,1,0.31
36.27,1.82,2,0.377
41.62,2.69,3,0.421
31.81,2.33,2,0.361
30.0,0.8,1,0.014
163.07,2.32,3,0.022
37.73,1.61,2,0.407
21.99,0.2,1,0.031
29.62,3.11,2,0.366
28.86,14.39,2,0.059
213.89,2.07,2,0.123
171.16,2.86,2,0.003
39.73,4.57,3,0.339
33.3,1.05,1,0.034
45.29,3.52,2,0.478
37.64,2.23,2,0.402
8.36,4.19,2,0.192
193.07,2.18,2,0.047
42.66,11.2,3,0.115
23.19,9.54,2,0.102
29.98,11.53,4,0.089
23.15,1.51,1,0.028
196.99,2.69,2,0.046
52.27,3.59,1,0.329
223.05,1.8,1,0.099
40.76,8.77,2,0.067
30.41,3.49,2,0.402
245.67,1.23,2,0.072
42.07,13.73,3,0.026
24.1,10.82,2,0.004
25.01,1.34,2,0.015
43.75,9.19,3,0.142
210.22,2.22,2,0.058
31.97,1.23,1,0.012
30.02,10.79,3,0.076
42.85,1.71,1,0.389
26.97,0.2,1,0.0
249.73,2.02,2,0.079
34.61,1.49,2,0.031
239.73,1.52,2,0.035
34.0,2.55,2,0.25
192.55,1.8,1,0.009
199.2,2.8,1,0.043
44.02,12.78,3,0.127
32.43,6.79,3,0.083
45.69,12.45,3,0.147
56.18,1.94,2,0.378
34.06,18.8,4,0.175
208.43,1.66,2,0.0
41.55,3.35,2,0.357
35.03,13.51,2,0.161
185.23,2.69,3,0.032
38.73,11.17,3,0.048
34.64,0.72,2,0.046
211.92,1.21,2,0.075
23.39,14.26,3,0.124
36.73,11.39,4,0.0
50.59,3.35,2,0.232
37.67,2.87,1,0.292
30.09,2.53,3,0.341
22.55,0.2,1,0.0
151.53,1.98,2,0.066
61.41,2.38,2,0.407
236.45,2.32,2,0.02
222.11,3.03,2,0.065
29.73,0.41,1,0.017
237.48,2.4,2,0.072
22.71,1.22,1,0.0
42.13,4.37,2,0.362
196.13,2.29,2,0.032
221.63,3.17,2,0.043
226.31,2.74,3,0.034
52.06,2.0,1,0.46
198.61,1.03,2,0.052
196.45,2.54,2,0.03
48.18,2.57,2,0.378
48.27,1.82,1,0.283
41.66,13.26,4,0.08
39.71,1.14,1,0.007
21.1,0.48,1,0.019
45.41,1.82,1,0.327
36.65,1.85,1,0.222
33.73,1.08,1,0.032
16.37,6.58,3,0.12
30.54,1.1,1,0.006
197.06,2.79,2,0.077
28.18,15.65,4,0.036
19.75,0.72,1,0.033
38.37,9.28,3,0.013
243.19,1.85,1,0.081
39.55,2.87,3,0.272
185.95,2.21,2,0.081
45.16,2.49,1,0.385
219.84,1.75,3,0.035
42.5,2.28,2,0.38
175.81,1.88,2,0.02
24.08,0.8,1,0.055
13.59,0.57,1,0.0
234.46,2.24,1,0.055
24.0,13.29,4,0.089
56.24,2.36,2,0.27
204.48,2.82,2,0.02
216.28,1.68,2,0.038
29.66,1.35,1,0.0
30.59,1.92,2,0.345
62.44,3.43,2,0.289
34.72,3.47,2,0.201
36.23,2.67,2,0.074
35.39,10.19,3,0.165
203.71,1.38,2,0.048
36.32,1.64,2,0.453
36.47,3.11,2,0.376
31.98,16.04,2,0.097
35.57,8.38,3,0.115
44.46,3.18,2,0.28
34.14,8.2,3,0.105
30.04,12.99,2,0.12
27.62,14.29,3,0.096
42.36,4.98,2,0.123
25.51,0.83,1,0.0
192.06,3.17,3,0.025
30.41,1.27,1,0.029
36.41,12.21,3,0.132
199.9,3.42,2,0.049
38.23,3.44,2,0.232
33.48,8.01,3,0.075
39.07,2.92,3,0.298
38.67,14.69,2,0.149
22.21,11.41,3,0.052
24.89,3.15,1,0.356
176.31,2.25,1,0.088
22.84,10.29,4,0.079
44.52,3.65,2,0.255
40.16,13.36,3,0.073
29.73,13.82,3,0.093
21.81,1.17,1,0.029
34.4,13.57,3,0.0
32.91,11.34,3,0.083
41.8,2.48,3,0.337
51.36,3.23,2,0.353
30.18,0.46,1,0.068
35.13,4.46,3,0.415
33.89,10.75,2,0.03
49.41,2.89,2,0.312
38.63,9.47,1,0.113
36.24,2.51,1,0.349
39.87,13.08,2,0.083
32.63,14.84,2,0.061
45.98,2.34,2,0.422
170.33,2.1,2,0.079
46.32,8.06,3,0.098
33.17,1.15,1,0.014
197.89,2.58,1,0.094
29.58,1.09,1,0.041
26.76,11.25,5,0.105
185.35,2.46,1,0.07
32.41,17.19,2,0.073
177.51,3.0,2,0.01
34.06,14.99,4,0.042
53.95,2.76,3,0.269
165.22,2.37,2,0.089
37.87,8.48,3,0.126
171.73,1.5,3,0.051
13.48,14.58,2,0.11
44.56,10.39,4,0.1
233.48,2.01,2,0.0
67.3,1.89,2,0.398
37.55,2.06,3,0.357
27.76,0.8,1,0.017
60.95,1.09,1,0.358
33.45,1.02,1,0.062
28.26,10.87,3,0.099
47.19,3.06,1,0.426
61.8,1.22,2,0.341
41.12,7.15,3,0.083
33.91,6.57,3,0.119
36.1,9.23,4,0.018
35.67,8.04,4,0.092
26.03,4.74,2,0.349
237.26,2.48,2,0.054
189.71,3.33,2,0.063
51.74,12.91,4,0.067
208.42,2.89,2,0.037
171.74,2.15,2,0.029
45.87,13.65,4,0.097
18.98,11.87,3,0.121
33.56,11.57,1,0.068
37.06,8.94,2,0.052
35.79,12.72,2,0.114
29.89,11.94,4,0.112
44.22,3.23,1,0.499
181.33,2.69,1,0.022
35.93,8.56,3,0.106
44.91,3.98,2,0.302
47.24,14.1,3,0.107
25.45,7.83,5,0.128
132.14,2.21,1,0.006
16.52,0.83,1,0.017
15.39,0.54,2,0.0
32.91,6.89,3,0.12
137.48,2.33,2,0.027
34.48,8.12,2,0.066
43.54,14.68,4,0.068
225.16,2.22,3,0.056
25.94,1.14,1,0.0
209.76,3.02,3,0.098
20.53,1.7,1,0.043
227.41,1.36,2,0.068
34.06,8.93,2,0.068
222.32,2.39,3,0.066
35.75,11.25,3,0.146
30.78,1.31,1,0.019
28.07,15.34,4,0.094
36.47,11.41,2,0.105
22.52,1.3,2,0.044
61.96,2.53,1,0.42
25.83,0.6,1,0.005
173.05,1.37,1,0.039
26.65,15.25,3,0.16
36.98,2.4,2,0.384
18.76,11.37,3,0.153
55.22,3.05,2,0.154
218.04,2.14,2,0.093
221.29,1.49,2,0.02
214.58,1.53,2,0.013
46.66,10.98,3,0.138
146.45,1.29,3,0.075
190.65,1.64,2,0.032
42.02,11.37,1,0.079
33.75,2.97,3,0.311
55.66,14.04,4,0.067
208.27,1.72,2,0.026
219.99,2.0,2,0.142
50.76,3.39,2,0.177
45.34,2.66,2,0.415
262.68,1.97,1,0.116
33.39,13.85,2,0.032
226.93,2.33,2,0.035
31.82,0.99,1,0.001
246.8,2.55,1,0.03
39.82,2.53,3,0.308
11.36,1.95,1,0.019
14.41,0.82,1,0.036
40.48,10.64,4,0.055
41.23,12.66,2,0.103
45.78,12.02,2,0.157
40.73,9.97,2,0.045
206.67,1.52,2,0.055
25.0,0.94,1,0.0
195.97,0.75,1,0.058
39.63,2.82,1,0.419
179.67,1.59,1,0.039
15.27,14.86,4,0.105
56.79,3.05,2,0.412
153.42,2.16,1,0.061
28.07,11.94,3,0.1
67.28,3.96,1,0.342
35.29,11.74,2,0.085
35.66,2.45,2,0.258
52.48,14.93,1,0.097
31.94,13.72,4,0.088
19.7,3.21,2,0.385
173.13,0.53,1,0.067
37.88,1.04,1,0.027
35.73,11.57,3,0.128
38.63,11.27,4,0.048
29.73,4.04,2,0.316
34.31,0.56,1,0.0
43.24,14.34,4,0.119
55.86,3.36,2,0.366
230.07,1.5,2,0.043
204.5,1.77,3,0.051
37.73,2.87,1,0.433
33.24,0.77,1,0.016
33.11,17.16,5,0.091
43.56,3.7,3,0.266
29.43,12.99,2,0.141
21.63,0.63,1,0.0
54.8,1.78,3,0.511
43.99,3.67,2,0.513
52.02,2.2,2,0.137
210.3,3.42,2,0.037
42.84,10.03,3,0.105
61.43,2.46,2,0.269
50.46,3.7,1,0.351
170.55,2.68,3,0.058
229.91,3.16,3,0.043
36.44,12.57,3,0.118
48.11,2.51,1,0.376
169.81,2.23,2,0.021
23.48,0.23,2,0.027
24.86,13.11,4,0.117
53.67,3.5,3,0.401
30.2,1.65,1,0.001
24.06,0.61,2,0.02
34.11,2.31,2,0.333
40.03,3.11,1,0.318
28.94,2.06,1,0.021
202.44,2.89,2,0.059
161.07,2.64,3,0.106
40.43,1.09,2,0.248
31.79,8.39,3,0.102
23.91,11.28,2,0.032
27.86,1.83,1,0.032
37.52,10.65,2,0.042
32.29,11.8,4,0.079
30.08,1.12,1,0.043
27.84,1.29,1,0.032
47.74,2.74,1,0.357
185.28,2.53,1,0.068
28.54,1.21,1,0.021
32.11,10.73,3,0.063
43.31,9.76,2,0.089
26.98,4.25,1,0.182
28.25,1.03,1,0.016
26.12,12.47,4,0.12
25.09,11.72,3,0.158
41.84,11.49,3,0.136
24.91,1.56,1,0.041
204.65,1.65,2,0.077
35.98,5.25,3,0.173
43.38,10.31,4,0.138
185.73,1.88,2,0.06
50.9,3.14,2,0.275
34.4,2.31,2,0.282
57.01,2.22,3,0.449
127.36,1.17,3,0.118
33.47,3.97,1,0.349
28.77,14.74,3,0.068
16.81,1.5,1,0.043
40.69,13.75,3,0.043
152.48,2.11,1,0.045
198.72,2.23,2,0.006
30.59,0.4,1,0.036
22.01,1.0,1,0.032
45.6,2.47,2,0.437
31.36,12.91,3,0.117
199.04,1.3,1,0.03
209.14,2.6,2,0.044
37.68,12.97,3,0.095
211.23,1.11,2,0.028
47.4,16.38,2,0.123
208.23,1.41,2,0.015
45.16,3.44,2,0.295
52.88,3.66,1,0.335
32.52,3.32,2,0.346
190.47,1.83,2,0.05
18.59,1.01,1,0.024
29.59,9.67,3,0.133
24.56,3.38,3,0.241
25.73,17.35,3,0.102
22.58,11.09,2,0.078
43.17,4.16,2,0.415
30.82,1.67,1,0.013
179.92,1.95,1,0.056
176.51,2.63,1,0.019
48.46,3.14,1,0.423
52.93,3.56,1,0.401
21.88,0.97,1,0.019
51.65,2.17,2,0.331
37.6,13.52,2,0.105
224.61,1.51,2,0.033
34.84,11.97,3,0.049
44.57,11.56,4,0.134
39.71,3.37,2,0.386
222.46,1.35,2,0.026
38.84,10.34,3,0.079
55.13,2.4,2,0.411
35.98,13.89,4,0.099
29.28,13.59,4,0.018
45.83,13.4,2,0.077
40.47,2.58,2,0.376
21.88,4.34,2,0.236
21.7,1.5,1,0.004
51.5,1.19,3,0.341
167.94,1.92,3,0.043
35.69,11.68,3,0.077
165.26,1.97,2,0.055
144.95,1.47,2,0.097
25.68,18.06,3,0.1
65.71,3.83,2,0.377
44.75,10.35,3,0.157
34.86,13.26,2,0.069
33.74,11.8,2,0.089
35.25,2.43,2,0.371
33.96,2.72,3,0.382
24.34,1.43,2,0.029
43.75,17.11,4,0.123
192.22,3.05,1,0.101
180.31,1.96,2,0.08
38.83,10.21,2,0.104
164.89,1.65,3,0.106
38.28,13.86,2,0.105
43.19,15.49,4,0.165
192.49,1.5,3,0.0
38.17,8.87,4,0.074
26.95,1.17,1,0.022
51.12,3.21,2,0.366
53.05,3.1,2,0.403
208.71,2.27,1,0.087
24.54,11.93,4,0.127
33.13,1.59,2,0.388
28.96,9.02,4,0.077
216.78,2.84,1,0.057
25.38,14.67,3,0.035
39.54,3.35,2,0.424
40.68,3.18,2,0.391
53.03,2.92,2,0.461
27.55,14.29,4,0.147
19.07,0.37,1,0.047
27.71,1.0,1,0.013
208.93,2.8,2,0.058
181.59,2.75,3,0.042
236.86,2.57,3,0.081
33.34,11.2,2,0.151
239.62,2.26,1,0.069
40.75,13.43,4,0.021
42.82,12.97,2,0.049
29.55,1.12,1,0.019
37.77,12.64,4,0.089
30.03,11.79,4,0.086
44.95,11.51,3,0.132
32.26,10.22,4,0.096
44.55,3.51,1,0.33
27.04,10.67,2,0.08
40.67,4.52,2,0.407
26.72,1.17,1,0.023
24.04,1.97,1,0.039
40.08,2.75,1,0.239
29.49,1.33,1,0.016
51.18,3.64,2,0.286
45.35,3.77,1,0.586
57.53,2.39,1,0.336
36.3,14.32,3,0.118
28.39,10.8,2,0.067
48.12,3.38,1,0.484
47.27,2.77,2,0.415
33.0,2.56,2,0.382
27.85,12.5,2,0.033
178.81,1.83,1,0.065
22.74,3.28,2,0.329
52.97,2.71,2,0.498
36.5,13.4,5,0.071
135.18,1.03,2,0.07
39.21,15.0,2,0.142
235.33,2.56,1,0.039
39.28,2.57,2,0.426
35.69,5.31,2,0.145
30.19,12.42,3,0.058
222.8,1.76,2,0.017
33.41,1.62,2,0.307
42.58,0.57,1,0.0
24.65,9.36,2,0.017
52.62,14.49,3,0.059
29.72,1.37,1,0.053
207.19,1.25,1,0.043
35.62,12.81,3,0.077
192.51,1.52,2,0.029
26.41,0.95,1,0.003
27.36,12.57,3,0.095
65.47,1.91,2,0.363
38.54,15.92,2,0.104
29.16,3.88,2,0.286
53.69,16.27,2,0.18
34.13,9.63,3,0.062
27.85,1.16,1,0.042
231.92,1.11,3,0.037
143.31,1.56,3,0.036
29.76,1.57,1,0.003
43.68,2.8,2,0.412
55.46,2.66,2,0.35
34.77,14.1,3,0.081
20.15,1.05,1,0.044
36.38,9.84,2,0.122
31.39,9.75,4,0.07
23.88,0.54,1,0.038
47.21,3.72,2,0.153
34.68,9.27,3,0.024
232.1,2.21,1,0.016
37.09,3.08,2,0.415
36.89,1.24,1,0.027
34.52,1.04,1,0.026
24.76,3.98,2,0.117
39.82,1.13,1,0.039
9.88,1.04,1,0.03
237.41,2.79,2,0.0
44.96,3.2,2,0.308
218.88,1.75,2,0.11
21.13,12.72,3,0.075
21.28,0.82,1,0.033
74.6,3.85,2,0.446
46.29,13.9,4,0.103
36.1,11.51,2,0.115
192.59,1.99,2,0.042
26.82,9.3,3,0.058
52.56,2.56,2,0.283
214.99,1.61,1,0.087
48.67,15.0,5,0.109
33.34,1.7,2,0.415
30.5,3.12,1,0.322
222.17,1.66,2,0.096
35.17,3.1,3,0.446
17.46,0.2,2,0.004
31.0,14.21,2,0.04
26.04,12.01,2,0.008
211.24,2.0,2,0.078
39.14,2.39,2,0.367
34.48,11.3,2,0.147
138.01,1.66,2,0.0
33.4,7.99,3,0.127
56.87,3.65,2,0.28
205.08,1.28,2,0.001
32.22,10.96,3,0.076
46.89,1.78,3,0.212
41.92,10.25,1,0.048
15.57,1.18,2,0.012
45.85,2.42,2,0.308
243.72,1.07,3,0.068
28.8,2.44,2,0.411
197.3,1.86,2,0.036
43.99,1.72,1,0.28
37.61,14.46,4,0.066
219.05,2.5,2,0.03
47.81,2.67,2,0.355
25.01,11.02,3,0.087
53.05,1.92,1,0.339
166.78,3.24,2,0.01
28.42,12.66,3,0.101
21.39,11.67,2,0.104
34.2,13.82,3,0.068
186.87,2.24,3,0.016
17.36,1.14,1,0.003
25.96,17.67,3,0.034
33.74,2.75,2,0.407
139.88,3.15,3,0.057
212.91,1.37,3,0.041
276.13,1.83,1,0.032
29.99,15.14,2,0.112
35.19,9.25,5,0.115
23.19,0.86,1,0.023
28.47,1.53,1,0.019
149.0,2.15,2,0.08
36.51,4.03,2,0.415
205.16,1.78,1,0.052
21.53,0.28,1,0.015
41.75,12.46,3,0.143
47.39,2.91,2,0.454
47.84,8.05,3,0.03
19.48,12.73,3,0.086
27.58,9.15,3,0.168
24.35,1.42,1,0.011
177.13,1.99,2,0.019
23.41,8.84,3,0.154
29.19,13.3,4,0.033
53.94,13.95,3,0.098
18.72,0.9,1,0.01
218.73,1.98,3,0.033
37.63,10.82,4,0.101
56.32,1.71,3,0.274
153.78,1.98,2,0.017
219.57,2.14,1,0.027
52.95,3.13,1,0.207
30.44,14.09,4,0.17
174.51,1.62,1,0.077
233.85,2.14,3,0.123
178.83,1.74,2,0.028
51.37,2.24,2,0.265
21.15,16.83,2,0.118
206.78,1.6,2,0.036
225.91,1.81,2,0.074
26.29,12.44,3,0.09
47.24,5.05,2,0.234
39.72,11.72,4,0.181
26.93,1.5,1,0.0
43.36,2.0,2,0.433
21.3,1.79,1,0.056
40.86,3.45,3,0.267
19.04,1.75,1,0.013
29.88,3.94,2,0.537
171.51,2.53,2,0.015
33.52,9.88,2,0.026
22.65,8.51,2,0.014
193.17,2.42,1,0.062
37.54,1.73,1,0.02
66.85,2.85,2,0.358
34.53,15.95,3,0.1
42.99,2.63,2,0.444
38.56,11.55,4,0.056
32.09,0.2,1,0.024
162.14,0.46,2,0.046
18.03,14.25,3,0.105
50.76,3.42,2,0.314
51.24,15.34,3,0.128
38.65,13.15,2,0.121
59.08,2.1,2,0.304
66.69,3.96,2,0.225
36.58,11.9,2,0.093
114.64,2.11,2,0.038
43.39,1.64,1,0.031
186.86,2.1,1,0.0
46.72,3.59,2,0.25
254.19,2.6,2,0.098
202.8,1.34,2,0.081
208.29,2.59,2,0.068
194.11,2.06,2,0.059
23.31,0.88,1,0.0
38.75,18.13,4,0.119
196.21,1.73,2,0.06
222.79,2.73,2,0.052
222.39,1.03,3,0.049
38.61,2.74,1,0.311
211.34,2.43,2,0.054
173.3,2.79,1,0.028
41.35,2.41,2,0.356
29.11,7.29,2,0.152
43.21,13.42,3,0.029
230.92,2.34,2,0.076
153.66,1.12,3,0.026
61.25,2.94,2,0.302
28.42,10.69,1,0.156
29.56,1.38,1,0.037
45.01,8.22,3,0.114
246.12,1.2,1,0.054
43.9,3.75,2,0.369
39.51,8.84,4,0.09
192.21,1.98,1,0.04
50.91,2.69,2,0.359
31.07,10.81,4,0.105
49.54,1.41,2,0.232
196.49,1.94,1,0.057
23.59,16.13,2,0.061
37.33,17.22,3,0.063
23.44,0.54,1,0.052
19.99,1.31,1,0.029
190.59,1.71,2,0.039
28.11,1.02,2,0.019
194.88,0.2,2,0.071
35.59,3.81,2,0.331
37.39,4.07,2,0.346
155.42,2.09,1,0.082
222.71,2.02,4,0.015
39.07,12.28,2,0.156
30.48,1.19,1,0.063
44.5,3.23,2,0.289
21.04,1.75,1,0.019
33.34,13.24,4,0.044
32.27,11.23,2,0.088
21.37,0.65,2,0.033
36.24,2.38,2,0.293
206.1,0.75,1,0.011
189.11,1.57,2,0.023
40.08,2.13,2,0.523
36.31,10.85,2,0.12
227.74,2.94,2,0.0
172.68,2.23,2,0.038
47.46,14.04,3,0.145
192.26,2.84,2,0.087
249.2,1.96,2,0.069
187.58,1.52,1,0.007
34.75,9.22,3,0.152
47.95,1.25,1,0.405
22.89,1.5,3,0.362
48.06,2.67,2,0.393
33.78,1.58,1,0.0
236.04,2.3,2,0.024
55.82,3.31,2,0.416
32.44,10.42,3,0.152
22.39,10.52,3,0.056
28.1,11.94,2,0.098
223.65,1.52,2,0.013
233.38,2.03,2,0.043
38.22,10.55,3,0.083
32.6,2.45,2,0.383
7.24,1.13,1,0.025
35.46,2.48,2,0.419
212.11,1.67,2,0.003
32.57,1.05,1,0.0
197.73,2.02,2,0.012
159.89,2.02,2,0.095
33.04,13.7,2,0.164
259.25,1.48,1,0.088
211.87,2.08,2,0.021
37.32,3.4,2,0.574
196.12,1.04,1,0.101
30.22,11.73,3,0.081
44.9,2.94,2,0.28
21.44,1.0,1,0.0
27.0,14.62,3,0.173
183.67,1.99,2,0.067
39.57,1.24,1,0.031
207.39,2.87,1,0.018
47.73,3.22,2,0.344
201.28,2.0,2,0.037
46.8,12.58,4,0.128
54.68,2.16,3,0.38
28.56,0.9,1,0.009
28.58,14.3,4,0.131
243.23,2.18,2,0.046
44.49,15.71,2,0.116
43.9,12.13,3,0.046
27.96,12.85,3,0.141
37.67,10.82,3,0.207
27.3,10.81,2,0.082
240.09,1.96,2,0.04
195.4,0.88,2,0.071
47.57,12.35,4,0.127
25.13,11.27,3,0.134
39.13,3.67,2,0.362
39.33,3.77,3,0.351
209.04,1.26,2,0.038
51.73,2.94,2,0.297
25.78,12.58,2,0.128
20.18,0.82,2,0.007
39.47,10.53,4,0.096
46.1,2.52,2,0.436
24.95,3.66,2,0.417
55.79,3.38,1,0.244
35.72,2.57,3,0.298
26.99,0.92,1,0.0
20.19,1.42,1,0.0
29.13,1.25,2,0.05
41.46,10.91,1,0.103
219.53,1.62,1,0.064
24.97,12.28,3,0.093
56.72,1.68,1,0.276
40.63,9.95,3,0.101
200.85,1.66,3,0.097
245.67,1.66,2,0.029
222.35,2.41,3,0.069
59.91,1.66,2,0.415
23.09,1.06,1,0.044
179.09,1.19,2,0.121
68.0,2.12,2,0.305
42.79,3.88,2,0.325
32.39,3.04,2,0.427
66.66,2.02,2,0.474
46.22,3.91,2,0.419
20.83,0.2,1,0.009
33.15,13.34,3,0.087
144.37,1.13,1,0.004
33.64,1.46,1,0.0
30.06,1.44,2,0.0
23.08,1.5,1,0.013
16.08,0.77,1,0.042
26.94,8.38,3,0.073
46.43,10.29,3,0.109
173.58,1.87,3,0.036
38.74,13.45,3,0.013
45.51,13.56,2,0.119
156.02,1.87,3,0.092
60.23,2.75,1,0.215
14.0,15.11,3,0.094
29.08,4.29,2,0.179
41.63,2.44,2,0.357
30.03,13.53,3,0.108
204.2,3.38,3,0.021
28.4,3.42,1,0.329
20.82,1.78,1,0.022
44.12,2.76,2,0.492
225.15,1.89,2,0.095
22.96,0.55,1,0.031
57.82,2.5,2,0.421
41.2,14.62,3,0.085
197.51,3.12,2,0.051
33.29,11.53,2,0.11
45.56,3.02,2,0.406
32.6,11.34,3,0.098
39.74,12.82,4,0.066
48.75,1.65,1,0.401
36.11,2.59,2,0.368
23.27,11.58,3,0.138
28.58,2.84,2,0.435
20.2,0.22,1,0.03
50.16,3.33,1,0.45
201.84,2.66,1,0.013
33.75,10.53,4,0.03
169.43,0.41,2,0.103
236.93,2.46,2,0.073
221.06,1.5,2,0.0
39.14,10.1,3,0.172
60.55,3.01,1,0.348
231.89,2.85,2,0.087
26.41,0.97,1,0.037
226.37,2.05,2,0.093
20.36,2.81,2,0.42
30.26,0.85,1,0.008
35.54,12.24,3,0.099
38.23,9.73,5,0.118
33.87,4.27,3,0.074
43.04,12.35,3,0.075
20.08,0.64,1,0.0
21.54,1.44,1,0.017
152.81,2.24,2,0.035
143.2,2.07,1,0.031
25.1,11.94,3,0.114
164.44,0.81,2,0.06
30.33,9.23,2,0.142
171.8,1.48,3,0.085
40.99,2.11,3,0.246
188.98,1.63,1,0.054
31.45,1.66,1,0.338
24.05,0.53,2,0.046
25.12,4.57,2,0.307
53.66,3.03,3,0.439
70.95,2.92,3,0.371
227.57,2.29,2,0.001
33.34,15.12,4,0.051
60.93,2.89,2,0.405
39.13,2.59,2,0.339
194.97,1.39,2,0.087
58.78,3.51,3,0.361
202.45,1.9,2,0.044
44.13,3.36,3,0.41
223.8,1.45,2,0.046
31.82,8.21,4,0.051
37.56,2.8,1,0.392
188.24,1.93,2,0.032
36.06,2.5,1,0.388
15.8,1.42,1,0.014
24.66,13.65,3,0.031
37.62,16.53,3,0.099
24.24,3.43,1,0.271
50.01,3.17,2,0.41
23.96,0.68,1,0.0
26.17,15.4,4,0.191
45.42,2.9,2,0.258
246.01,2.68,2,0.061
189.63,2.66,3,0.023
211.65,3.24,3,0.054
29.55,2.71,2,0.374
214.53,2.42,2,0.02
39.38,10.75,3,0.13
27.48,10.28,3,0.187
38.14,12.02,3,0.083
23.91,0.64,1,0.011
47.4,2.12,3,0.391
35.46,12.18,4,0.07
23.35,1.07,2,0.006
203.01,1.15,2,0.099
32.97,7.35,3,0.096
208.26,2.19,2,0.066
61.52,3.49,3,0.386
46.19,2.11,2,0.262
179.5,1.6,1,0.078
20.66,10.65,2,0.023
53.1,1.9,2,0.345
24.28,8.87,4,0.172
32.69,14.51,4,0.074
52.24,3.82,2,0.236
53.0,3.36,3,0.384
41.37,6.44,2,0.18
197.32,1.5,2,0.022
46.28,3.8,2,0.429
38.6,13.12,3,0.12
42.78,8.17,2,0.06
213.7,2.33,3,0.101
36.43,13.64,2,0.132
207.87,1.99,2,0.072
18.38,1.21,1,0.035
24.69,12.24,4,0.076
33.98,14.45,3,0.083
191.02,1.51,2,0.088
159.16,2.58,3,0.003
164.9,2.0,2,0.051
38.25,14.46,2,0.055
31.95,1.99,3,0.275
60.67,3.58,1,0.357
40.72,10.04,3,0.103
34.36,12.11,2,0.087
47.88,2.85,1,0.375
41.82,1.98,2,0.495
44.84,3.34,1,0.503
24.03,7.56,2,0.075
26.49,0.72,1,0.049
29.78,2.79,2,0.255
210.51,2.31,3,0.024
197.32,1.68,1,0.029
33.26,10.97,3,0.101
52.48,5.71,2,0.271
26.94,11.56,2,0.096
188.23,2.23,2,0.07
20.32,1.58,1,0.037
204.65,1.4,1,0.105
24.6,16.18,5,0.127
30.84,12.3,3,0.13
188.57,2.04,2,0.008
37.13,3.43,2,0.307
213.81,1.38,2,0.038
44.97,11.39,2,0.117
189.18,2.21,2,0.089
26.0,1.04,1,0.0
170.95,1.86,3,0.029
27.69,0.87,1,0.036
222.79,1.16,3,0.05
43.82,14.12,3,0.09
37.08,2.44,2,0.332
41.73,3.83,3,0.346
31.48,6.01,3,0.127
31.6,3.59,2,0.417
30.73,4.97,2,0.338
43.02,15.71,2,0.123
26.15,1.04,1,0.0
47.07,2.33,2,0.396
45.2,3.1,2,0.385
183.27,1.61,2,0.0
38.43,15.34,3,0.007
204.22,1.79,3,0.016
35.33,0.45,2,0.037
26.01,14.92,3,0.057
26.26,1.53,1,0.027
34.85,1.17,1,0.04
37.71,14.26,2,0.078
42.35,2.5,2,0.271
42.24,3.69,2,0.36
52.93,2.39,2,0.37
207.8,1.72,3,0.077
37.44,2.31,3,0.322
161.57,3.0,2,0.025
31.35,1.31,1,0.031
28.71,12.16,2,0.111
46.27,2.61,2,0.376
37.67,3.21,2,0.449
34.31,13.43,3,0.073
186.68,3.02,1,0.02
22.35,0.78,1,0.008
147.54,1.96,2,0.016
214.5,2.48,2,0.002
217.92,2.96,2,0.025
208.25,2.54,1,0.093
43.29,8.69,2,0.158
23.04,0.96,1,0.021
22.73,0.98,1,0.029
210.76,1.04,2,0.05
251.62,1.93,2,0.039
34.6,1.57,3,0.261
58.74,3.75,1,0.347
38.93,3.48,2,0.135
51.44,9.94,2,0.128
167.15,1.69,2,0.008
27.45,0.2,1,0.012
44.35,3.22,2,0.201
218.65,2.03,2,0.027
214.37,3.01,2,0.031
170.4,3.02,2,0.06
220.34,1.46,1,0.098
35.33,9.55,2,0.144
18.96,1.57,1,0.027
30.61,0.96,1,0.004
172.98,1.42,2,0.0
205.89,2.06,2,0.046
39.6,17.28,2,0.076
25.7,1.68,1,0.0
35.25,13.2,3,0.057
35.21,9.44,2,0.13
36.52,12.76,2,0.095
171.48,2.32,2,0.052
27.97,14.9,3,0.069
62.52,2.31,3,0.349
29.61,11.5,3,0.107
33.21,15.15,3,0.082
51.94,3.09,2,0.403
44.58,3.7,2,0.338
31.69,3.06,2,0.288
26.67,1.38,1,0.054
194.95,1.95,2,0.037
158.36,1.25,1,0.04
35.9,1.91,2,0.0
48.83,3.05,2,0.4
36.69,11.43,3,0.126
46.97,12.28,2,0.066
40.94,3.08,1,0.508
60.46,2.88,2,0.451
41.97,2.25,2,0.271
241.2,1.24,3,0.049
40.72,18.5,3,0.07
43.41,2.44,2,0.404
136.66,2.87,2,0.091
54.55,3.44,3,0.417
45.53,9.49,3,0.093
44.04,4.07,2,0.384
42.81,4.1,2,0.358
29.13,12.74,3,0.1
53.52,3.18,1,0.453
51.38,3.74,2,0.318
32.33,12.18,4,0.155
56.23,4.08,2,0.213
43.62,12.38,4,0.147
30.28,1.23,1,0.048
51.05,11.28,2,0.098
20.74,11.48,5,0.088
180.32,2.22,2,0.053
240.81,1.76,2,0.046
225.41,2.89,2,0.041
196.15,2.98,2,0.026
33.48,12.26,4,0.149
42.5,11.61,2,0.099
223.44,0.7,2,0.093
20.85,0.84,1,0.036
46.48,2.54,2,0.347
34.39,10.11,3,0.125
32.24,15.63,3,0.122
27.39,0.96,1,0.016
31.89,13.59,4,0.108
34.38,3.71,3,0.537
237.73,2.25,1,0.05
201.53,2.44,3,0.106
37.46,12.38,3,0.068
32.06,7.88,2,0.032
204.91,2.62,2,0.033
185.33,2.23,1,0.028
58.77,2.7,2,0.427
215.67,2.11,3,0.032
55.65,3.84,2,0.296
24.95,0.84,2,0.0
47.42,2.91,2,0.465
28.96,1.22,1,0.029
207.62,3.03,2,0.03
190.44,0.62,2,0.036
161.67,2.98,2,0.051
30.79,8.21,3,0.066
60.32,3.49,3,0.386
206.6,2.58,2,0.003
58.79,2.15,2,0.297
37.49,2.72,1,0.379
31.09,12.22,3,0.028
25.05,1.54,1,0.038
31.49,0.49,1,0.022
43.98,3.7,1,0.275
50.2,4.23,3,0.295
195.51,1.97,1,0.031
39.89,4.4,3,0.408
55.1,3.37,2,0.241
37.22,11.86,3,0.109
17.33,1.1,2,0.066
155.59,2.72,1,0.068
146.67,1.86,2,0.036
25.83,8.69,4,0.143
188.4,3.67,2,0.052
258.79,2.17,2,0.0
202.86,1.69,3,0.054
24.2,0.57,1,0.013
22.18,0.51,1,0.035
27.75,0.96,1,0.002
39.41,1.75,1,0.338
195.79,0.63,2,0.028
47.63,2.44,2,0.276
29.45,13.71,3,0.078
33.48,3.91,3,0.347
195.08,1.91,1,0.055
219.36,1.92,2,0.03
223.68,0.66,2,0.02
221.09,2.46,2,0.111
28.44,11.01,2,0.149
41.31,1.7,2,0.361
42.8,2.69,2,0.25
157.63,1.63,1,0.042
51.73,3.32,3,0.376
181.59,0.73,3,0.024
23.9,1.49,1,0.019
40.21,1.68,3,0.313
33.74,3.05,2,0.457
203.77,2.48,2,0.0
24.96,1.13,1,0.0
30.53,15.08,2,0.138
67.55,3.29,2,0.374
51.2,3.64,3,0.308
34.7,2.75,2,0.294
45.15,16.9,4,0.131
31.37,3.73,2,0.411
43.85,4.36,1,0.406
36.96,1.49,3,0.418
50.64,15.73,4,0.173
39.05,10.86,3,0.082
208.03,1.78,2,0.056
24.76,0.95,1,0.002
44.72,13.87,4,0.118
252.14,0.96,1,0.071
37.83,10.01,2,0.098
229.52,1.49,2,0.011
49.66,2.7,1,0.452
176.53,2.52,2,0.028
29.58,15.34,3,0.088
41.26,2.4,2,0.334
32.93,10.57,3,0.168
201.74,2.31,2,0.068
37.21,9.29,3,0.117
30.81,3.68,2,0.26
46.29,4.59,1,0.394
165.35,1.57,3,0.103
191.36,2.11,3,0.089
52.57,2.98,2,0.394
25.94,14.88,3,0.132
30.13,0.53,1,0.018
29.86,8.68,1,0.095
250.27,1.49,1,0.036
43.26,3.27,2,0.33
37.23,3.92,2,0.468
37.91,12.07,2,0.114
188.4,1.38,2,0.068
41.41,16.12,2,0.057
25.72,0.42,1,0.0
211.91,2.25,2,0.045
28.92,13.63,3,0.173
212.24,2.06,2,0.035
182.86,2.18,3,0.024
208.15,2.63,2,0.045
35.38,2.86,2,0.421
176.42,2.55,2,0.099
30.2,2.57,2,0.323
190.4,1.3,2,0.094
33.44,15.13,3,0.052
29.12,11.17,2,0.081
32.14,10.25,3,0.087
43.01,3.93,2,0.176
169.21,2.97,2,0.105
225.14,1.26,3,0.058
48.32,11.24,3,0.067
23.93,13.67,3,0.068
16.88,1.59,1,0.028
31.69,2.36,1,0.496
42.16,10.25,3,0.105
203.13,2.97,3,0.0
19.29,1.21,1,0.0
49.86,2.07,2,0.344
49.47,12.19,5,0.055
242.06,2.31,4,0.088
225.05,2.71,3,0.046
213.89,1.8,2,0.002
28.29,12.58,4,0.091
55.28,3.32,2,0.354
34.89,15.71,1,0.18
26.8,0.55,1,0.005
30.37,11.01,3,0.087
38.88,14.47,1,0.102
39.41,3.71,3,0.348
38.05,1.67,1,0.309
141.57,1.57,1,0.049
42.36,14.51,2,0.06
39.36,13.69,3,0.148
49.57,2.11,1,0.221
127.95,3.11,1,0.074
22.47,0.55,2,0.056
42.78,13.53,2,0.181
26.44,0.64,1,0.034
26.37,0.72,1,0.0
49.63,2.9,1,0.437
49.06,10.02,4,0.094
29.5,2.85,2,0.306
30.02,13.8,3,0.096
35.94,3.03,2,0.441
42.87,2.3,1,0.398
26.54,11.85,3,0.096
40.1,15.43,3,0.094
32.2,10.18,2,0.119
40.93,3.35,2,0.303
43.13,3.12,1,0.379
37.28,10.71,3,0.053
183.52,1.91,3,0.048
13.43,0.54,1,0.0
42.68,11.04,3,0.129
193.1,1.26,1,0.0
155.53,2.75,2,0.011
29.96,13.62,3,0.079
21.21,1.19,1,0.023
29.43,12.87,2,0.061
58.46,3.18,3,0.31
199.75,1.91,2,0.091
29.7,12.71,3,0.07
22.08,0.4,1,0.04
34.45,8.91,3,0.037
48.75,11.31,4,0.137
220.92,2.15,3,0.056
54.68,12.0,4,0.029
30.37,1.14,1,0.0
32.28,12.99,3,0.14
214.95,3.47,3,0.078
190.25,1.7,2,0.002
16.09,0.78,1,0.035
199.78,1.66,2,0.039
224.58,2.25,1,0.038
25.78,0.51,1,0.0
23.15,1.68,1,0.034
41.34,11.13,2,0.126
35.76,11.2,2,0.015
38.42,12.26,2,0.016
188.04,2.71,2,0.115
40.4,0.82,2,0.38
37.72,13.66,3,0.065
244.45,2.44,2,0.021
25.91,1.16,1,0.025
20.88,0.94,1,0.0
234.17,1.47,2,0.001
38.4,12.0,2,0.114
222.34,2.43,3,0.044
30.92,11.88,3,0.072
58.55,3.07,2,0.283
45.82,2.59,2,0.334
45.59,2.11,1,0.476
30.13,2.68,2,0.275
33.58,9.43,2,0.122
136.19,2.07,3,0.075
36.28,11.3,3,0.05
12.45,0.6,1,0.019
40.9,3.45,2,0.347
45.73,4.45,2,0.29
25.79,0.79,1,0.043
26.78,17.04,3,0.115
178.42,1.55,1,0.061
27.34,0.26,1,0.014
16.84,15.94,2,0.056
51.18,3.56,2,0.319
40.58,10.91,3,0.079
48.09,2.43,3,0.429
23.95,1.53,2,0.0
191.44,2.48,2,0.051
225.1,0.96,2,0.023
34.33,9.64,3,0.078
21.49,1.14,1,0.013
201.32,2.66,2,0.059
193.45,2.87,1,0.06
205.93,3.12,3,0.038
190.97,1.87,1,0.049
36.09,3.44,3,0.399
212.16,2.64,2,0.053
43.39,3.76,1,0.3
22.11,15.21,3,0.093
220.78,0.82,1,0.009
40.88,12.94,3,0.071
34.25,2.51,2,0.25
47.69,2.72,1,0.307
19.51,0.64,2,0.005
206.66,2.36,2,0.05
240.0,0.82,2,0.102
189.11,3.07,1,0.017
264.69,1.91,1,0.033
24.43,1.07,1,0.004
31.61,8.45,2,0.106
29.03,12.62,4,0.058
161.39,0.29,2,0.095
30.91,11.46,3,0.126
37.1,3.29,2,0.47
34.4,2.11,3,0.256
32.47,12.44,3,0.053
29.29,0.36,2,0.044
53.26,4.58,1,0.325
26.25,9.77,4,0.094
15.06,1.03,1,0.024
193.86,1.79,3,0.07
28.17,12.64,2,0.085
47.62,2.6,3,0.399
42.78,12.76,3,0.07
27.59,10.79,3,0.057
194.39,2.37,2,0.045
164.62,2.48,2,0.033
185.31,2.46,2,0.031
30.93,18.68,3,0.123
28.41,1.83,2,0.048
224.34,1.29,3,0.018
38.16,3.59,2,0.297
37.84,12.24,4,0.137
16.59,0.92,2,0.003
219.24,1.85,2,0.073
49.77,2.9,2,0.424
34.82,15.7,3,0.074
39.98,3.2,3,0.226
52.23,2.34,3,0.271
214.37,1.39,2,0.001
44.51,2.74,3,0.18
161.23,2.9,3,0.025
274.37,2.94,2,0.002
112.78,1.37,2,0.005
35.62,9.07,3,0.151
235.99,3.06,1,0.0
46.23,2.55,3,0.347
153.81,2.92,2,0.04
24.66,11.26,3,0.071
173.94,3.09,2,0.073
159.65,1.45,3,0.054
244.3,1.77,2,0.036
173.59,2.16,2,0.075
39.15,10.72,1,0.103
30.63,6.12,2,0.065
223.79,1.43,2,0.046
45.22,3.08,2,0.342
25.16,14.18,4,0.109
290.61,2.11,3,0.084
175.12,1.79,2,0.032
177.32,2.39,3,0.077
54.03,3.57,3,0.335
221.26,2.0,3,0.037
37.02,13.44,3,0.104
237.78,2.6,3,0.101
21.35,1.43,1,0.044
18.93,1.04,1,0.041
39.92,13.84,4,0.064
43.53,3.4,3,0.223
40.34,1.33,2,0.315
34.19,15.55,4,0.075
22.67,6.41,4,0.07
30.47,10.48,3,0.095
28.29,10.93,3,0.142
225.6,0.95,2,0.02
34.4,16.87,3,0.13
39.78,16.86,2,0.114
51.22,1.75,3,0.272
39.07,7.37,4,0.103
32.85,8.9,2,0.093
251.01,2.59,2,0.031
25.35,2.54,3,0.31
43.85,2.53,2,0.28
27.55,1.04,1,0.029
39.05,11.16,3,0.051
52.64,3.32,1,0.443
241.16,1.28,2,0.041
34.42,14.27,3,0.159
187.87,2.33,2,0.038
31.97,12.13,3,0.081
41.44,15.14,3,0.086
20.39,11.7,2,0.094
32.68,15.33,5,0.116
146.63,2.56,2,0.036
40.8,3.32,1,0.211
9.71,1.48,1,0.002
17.37,1.03,1,0.0
174.79,2.33,2,0.059
221.74,0.29,2,0.038
34.79,1.42,2,0.264
33.99,12.71,3,0.102
27.31,1.03,1,0.057
24.0,0.9,1,0.011
38.78,10.6,1,0.059
33.49,3.96,2,0.362
57.57,3.5,2,0.414
246.16,3.24,3,0.106
219.16,1.61,2,0.041
228.82,2.3,3,0.06
34.23,10.48,4,0.046
175.13,2.61,2,0.008
25.15,17.25,4,0.162
166.09,1.79,2,0.038
213.16,2.25,2,0.07
35.32,2.98,2,0.384
45.29,3.44,2,0.421
152.84,2.67,3,0.086
32.47,7.83,3,0.107
47.5,12.32,3,0.084
41.83,17.28,2,0.087
38.38,10.29,3,0.062
52.79,4.02,2,0.354
200.87,1.81,3,0.035
46.16,3.72,1,0.447
19.96,9.22,3,0.137
21.33,1.66,1,0.047
37.33,10.78,4,0.0
20.09,3.62,1,0.395
26.24,1.07,1,0.055
29.64,10.67,4,0.184
188.17,2.47,2,0.035
41.43,1.41,1,0.024
172.9,2.83,2,0.004
49.3,2.48,2,0.26
257.38,1.82,2,0.064
18.64,1.36,1,0.0
176.58,1.67,2,0.037
45.31,1.91,2,0.424
182.43,1.88,3,0.043
172.95,0.8,2,0.069
50.97,2.64,2,0.369
37.18,3.11,2,0.357
25.85,8.23,5,0.068
30.9,13.03,4,0.11
33.88,9.44,2,0.056
57.61,3.71,2,0.368
40.99,13.06,3,0.079
42.7,14.94,3,0.161
17.18,13.03,4,0.155
30.02,1.01,1,0.007
210.6,1.96,2,0.043
32.33,9.95,3,0.116
37.59,14.02,3,0.175
26.93,9.99,3,0.052
164.87,1.44,1,0.044
47.65,10.05,3,0.123
41.06,7.55,4,0.091
33.78,14.88,2,0.074
51.42,2.73,2,0.371
219.73,1.51,2,0.065
40.65,11.31,4,0.119
43.65,2.36,3,0.334
226.55,3.59,3,0.006
184.62,1.82,3,0.048
166.91,2.0,2,0.0
15.46,11.72,4,0.048
40.32,1.96,2,0.348
35.6,2.07,1,0.22
32.15,10.89,2,0.126
46.82,4.03,2,0.248
43.18,6.2,3,0.088
200.13,1.59,2,0.01
25.48,13.81,4,0.126
51.19,3.35,1,0.419
51.37,3.66,2,0.386
38.94,9.34,3,0.107
17.84,1.12,1,0.0
210.22,1.27,1,0.045
22.62,1.35,1,0.007
36.1,10.06,4,0.151
185.96,3.22,2,0.036
179.63,1.55,1,0.003
164.98,1.98,2,0.052
46.37,2.09,2,0.197
52.72,3.97,2,0.326
237.52,2.47,2,0.07
241.44,1.47,1,0.043
22.69,0.6,1,0.01
34.97,3.18,2,0.298
28.94,13.81,3,0.103
186.18,1.5,2,0.064
43.22,11.94,4,0.122
227.25,1.48,3,0.025
53.16,3.45,2,0.359
144.76,1.27,2,0.065
32.31,1.0,1,0.009
184.36,2.26,3,0.047
38.74,11.03,3,0.082
36.79,3.11,1,0.166
186.04,2.11,4,0.045
41.13,13.55,3,0.086
40.5,7.14,3,0.053
199.5,3.0,1,0.026
22.67,0.71,1,0.016
50.37,12.63,3,0.095
176.37,1.9,1,0.054
214.16,2.5,1,0.058
215.26,1.7,2,0.04
160.62,1.76,2,0.042
195.69,1.57,1,0.02
23.16,0.51,1,0.0
46.59,10.2,3,0.11
259.61,1.48,2,0.003
31.12,6.9,3,0.192
199.93,1.62,1,0.041
228.36,1.9,1,0.064
164.56,2.39,2,0.078
27.62,13.73,3,0.131
34.82,17.81,3,0.13
44.05,2.08,2,0.218
57.85,8.8,2,0.094
50.87,13.21,3,0.048
51.89,3.42,2,0.362
41.28,2.61,2,0.306
57.32,3.68,2,0.342
50.71,12.75,4,0.025
179.43,1.51,1,0.065
49.34,10.9,4,0.082
46.86,3.92,2,0.361
18.26,1.44,1,0.012
45.11,3.23,2,0.276
49.76,4.39,3,0.15
28.02,1.91,2,0.297
33.57,3.71,2,0.372
186.62,2.51,2,0.069
37.04,4.3,2,0.451
181.57,2.59,1,0.04
38.19,14.82,2,0.059
25.12,12.86,3,0.063
40.32,14.55,2,0.082
23.82,13.8,3,0.107
36.09,0.91,1,0.034
25.22,1.11,1,0.0
25.96,15.61,3,0.15
46.59,1.73,2,0.413
201.84,1.17,2,0.042
14.11,1.1,1,0.0
232.53,1.87,2,0.043
37.48,9.94,3,0.126
56.57,3.07,3,0.216
51.3,2.07,2,0.397
176.86,1.81,2,0.101
42.95,10.96,3,0.066
55.74,4.02,3,0.224
52.95,3.12,2,0.581
59.62,3.34,1,0.248
41.06,3.24,2,0.343
36.68,2.77,1,0.341
58.94,3.96,2,0.261
46.22,1.87,2,0.37
44.76,1.97,2,0.288
34.55,9.54,4,0.089
288.5,1.93,2,0.019
41.71,2.95,2,0.275
191.89,2.92,2,0.02
177.3,3.28,1,0.077
36.77,2.12,1,0.4
217.9,2.04,2,0.0
28.6,0.84,1,0.032
15.36,1.45,1,0.0
29.5,8.08,2,0.009
26.3,13.67,2,0.174
244.41,2.71,4,0.078
41.12,2.67,2,0.235
36.6,16.08,2,0.157
20.38,1.4,1,0.054
222.14,1.9,3,0.098
43.88,10.0,3,0.125
44.28,7.77,3,0.127
32.79,3.81,2,0.27
36.5,13.5,5,0.042
171.36,1.77,2,0.047
17.0,13.7,3,0.051
40.43,4.92,2,0.484
200.21,1.66,2,0.055
47.8,3.53,1,0.307
215.5,2.33,2,0.06
24.19,1.15,1,0.03
220.94,1.98,1,0.032
151.5,1.3,2,0.085
31.42,12.84,3,0.111
49.89,3.04,3,0.361
34.16,1.3,1,0.0
202.12,1.84,1,0.071
30.4,14.4,3,0.085
167.15,0.27,3,0.083
57.77,2.81,2,0.385
44.6,13.06,5,0.104
49.64,3.26,2,0.35
26.91,1.2,1,0.012
241.36,2.01,3,0.013
24.93,1.19,1,0.023
55.92,3.09,2,0.382
30.98,0.59,1,0.004
26.75,3.49,3,0.352
23.22,4.21,2,0.297
42.78,2.12,2,0.373
236.16,0.75,3,0.006
42.31,17.29,5,0.008
41.83,3.18,1,0.424
25.43,1.6,1,0.022
24.33,0.65,1,0.0
28.17,2.87,1,0.416
22.63,3.73,3,0.491
49.16,3.41,2,0.254
60.11,3.3,3,0.363
31.81,13.25,2,0.107
59.77,3.11,2,0.319
206.33,1.66,2,0.07
36.61,4.07,2,0.302
26.18,2.44,2,0.353
39.97,16.52,2,0.122
27.49,13.43,3,0.077
44.03,12.78,4,0.079
46.9,2.64,2,0.402
207.43,1.45,3,0.045
34.86,10.69,3,0.125
47.1,10.57,3,0.145
24.44,11.09,3,0.096
193.25,2.79,2,0.053
22.63,0.73,1,0.026
49.96,1.89,1,0.41
49.2,16.27,4,0.075
34.76,7.65,2,0.12
60.32,3.38,2,0.265
30.63,14.26,4,0.1
39.18,2.63,2,0.381
174.19,0.91,2,0.065
34.9,1.03,1,0.034
48.8,3.44,2,0.449
44.83,2.66,2,0.302
165.95,1.02,2,0.006
27.39,16.92,3,0.048
212.67,2.54,2,0.036
35.13,4.23,3,0.358
37.39,3.45,2,0.333
37.17,7.92,2,0.05
34.76,7.09,2,0.17
44.37,2.74,2,0.499
181.69,1.98,2,0.049
44.18,2.51,3,0.275
62.07,3.21,2,0.272
43.4,2.97,2,0.36
21.07,0.95,1,0.002
39.77,2.39,1,0.387
183.85,2.56,2,0.046
197.9,2.33,1,0.048
28.03,4.07,2,0.372
239.21,1.72,3,0.053
204.5,2.1,3,0.058
36.93,2.67,3,0.231
39.37,10.3,5,0.067
214.8,2.61,3,0.069
29.81,13.13,3,0.062
41.62,2.3,3,0.331
210.14,1.49,3,0.06
54.16,14.98,2,0.084
224.45,3.0,3,0.05
50.29,3.3,2,0.391
46.39,3.52,2,0.257
41.32,15.04,4,0.087
198.34,2.44,2,0.003
24.86,1.54,1,0.008
42.73,11.28,3,0.181
42.49,11.69,3,0.088
44.46,2.87,2,0.279
50.74,2.88,2,0.232
231.32,2.11,2,0.034
62.89,3.99,2,0.393
64.93,3.18,2,0.389
34.76,10.6,3,0.179
208.08,3.16,3,0.072
206.21,1.92,1,0.022
32.89,12.2,4,0.182
42.22,13.3,3,0.074
50.44,3.28,2,0.367
225.66,2.78,2,0.067
44.39,13.85,3,0.126
27.65,10.57,3,0.052
183.69,0.88,1,0.056
37.79,1.09,1,0.0
184.02,1.29,2,0.055
218.51,2.29,1,0.047
48.41,7.77,4,0.118
20.95,12.54,1,0.137
27.09,3.45,2,0.461
195.13,1.25,2,0.046
37.76,7.69,4,0.129
34.98,3.45,2,0.348
34.77,11.2,4,0.093
27.16,1.15,1,0.011
37.76,14.07,2,0.076
32.37,10.21,2,0.175
31.46,1.94,2,0.371
29.42,1.25,1,0.017
32.32,0.85,1,0.054
38.65,11.56,3,0.161
34.16,13.44,3,0.099
24.19,1.54,1,0.025
201.31,2.13,2,0.037
27.7,3.41,2,0.267
20.04,0.75,2,0.025
35.27,0.42,1,0.0
43.48,4.05,1,0.545
38.15,13.19,2,0.099
35.01,11.27,2,0.075
21.36,0.62,1,0.021
40.08,7.06,3,0.081
219.3,1.53,2,0.044
25.69,11.28,3,0.016
175.4,1.74,3,0.074
204.08,2.25,1,0.071
47.28,3.77,2,0.319
230.65,2.71,3,0.063
37.84,16.61,4,0.1
28.89,10.97,3,0.088
43.77,3.46,1,0.298
211.6,2.72,2,0.077
39.17,7.86,3,0.077
15.54,0.82,1,0.0
39.13,2.3,1,0.328
43.03,3.96,2,0.331
20.48,1.54,1,0.01
36.22,10.36,4,0.053
23.75,12.92,3,0.104
50.22,15.33,3,0.086
122.94,2.09,1,0.033
52.8,3.09,2,0.401
200.92,2.98,4,0.013
147.91,1.34,2,0.076
50.63,13.68,2,0.084
32.62,9.64,3,0.01
68.42,2.95,2,0.335
230.09,2.14,1,0.057
223.58,3.28,1,0.101
25.54,11.38,3,0.071
27.87,9.03,2,0.129
33.36,2.46,1,0.438
41.79,12.64,2,0.051
49.79,4.38,3,0.273
23.46,13.65,3,0.055
46.47,15.13,3,0.138
193.47,1.95,3,0.071
22.11,15.81,3,0.093
43.4,2.31,2,0.3
31.98,16.9,3,0.134
185.68,1.64,2,0.068
31.86,14.58,4,0.155
26.67,1.28,1,0.015
27.96,14.11,3,0.091
30.19,2.3,2,0.464
32.25,3.02,1,0.255
184.77,2.97,3,0.022
26.6,11.95,3,0.083
43.93,3.0,2,0.166
54.27,4.51,2,0.197
46.03,7.84,2,0.13
55.45,2.08,2,0.469
40.18,13.71,2,0.082
39.26,13.28,3,0.011
25.78,1.37,1,0.045
46.07,16.4,3,0.079
35.13,4.04,2,0.361
42.82,13.35,2,0.143
39.33,0.58,2,0.061
201.24,2.85,2,0.063
29.75,12.46,4,0.012
35.93,7.68,4,0.136
187.27,2.92,2,0.069
46.38,3.29,1,0.45
42.53,14.82,2,0.127
27.71,1.64,1,0.0
176.63,2.17,1,0.069
224.23,1.26,3,0.066
31.06,9.22,3,0.158
27.97,3.83,2,0.333
40.2,10.71,2,0.196
32.44,12.67,4,0.113
232.8,2.89,1,0.081
31.49,11.63,3,0.096
32.65,11.74,2,0.09
30.0,12.41,2,0.144
219.44,1.96,2,0.082
137.55,3.53,2,0.023
30.66,14.91,3,0.052
17.43,2.7,2,0.325
175.78,1.06,2,0.078
41.67,15.85,3,0.147
160.97,2.59,1,0.059
19.08,10.1,4,0.175
40.78,10.62,3,0.025
66.82,2.45,2,0.311
24.33,0.75,1,0.0
30.82,11.32,2,0.138
225.99,2.93,3,0.065
21.59,0.93,1,0.03
199.28,2.62,2,0.035
50.85,1.89,3,0.393
62.2,2.08,2,0.327
34.71,11.95,3,0.088
60.37,2.9,2,0.247
188.69,2.66,2,0.027
32.18,0.2,1,0.028
30.92,10.84,4,0.04
18.79,0.75,1,0.005
224.34,1.99,2,0.036
37.47,8.95,3,0.144
222.01,1.27,2,0.026
163.93,1.56,3,0.043
44.44,9.95,3,0.101
202.88,2.39,2,0.012
17.61,14.96,4,0.129
250.74,2.56,1,0.013
170.14,2.06,3,0.052
40.11,2.88,2,0.337
215.99,1.72,2,0.074
59.42,1.79,2,0.342
39.9,6.42,3,0.135
40.92,2.92,2,0.134
19.33,1.32,1,0.044
56.42,3.83,2,0.303
63.98,2.45,2,0.384
43.59,10.57,3,0.107
226.51,1.4,2,0.053
206.44,1.51,3,0.092
28.65,10.08,4,0.151
190.98,2.55,3,0.102
49.5,3.31,1,0.193
189.76,1.71,2,0.005
215.66,2.44,2,0.043
192.51,2.6,2,0.062
33.87,1.15,1,0.0
191.15,1.99,2,0.091
31.18,3.45,2,0.284
40.66,3.8,1,0.333
193.63,1.64,3,0.028
205.21,2.15,2,0.031
36.56,8.29,4,0.078
45.36,13.69,3,0.083
45.03,1.66,1,0.304
161.32,1.4,2,0.072
216.62,1.21,2,0.008
35.37,6.85,3,0.056
33.02,11.11,3,0.133
36.03,8.8,3,0.117
54.26,2.89,2,0.282
44.72,2.26,2,0.366
14.63,0.69,1,0.011
43.74,2.36,2,0.42
16.23,0.2,1,0.045
28.64,8.32,4,0.08
22.14,14.63,4,0.132
263.28,1.01,2,0.031
255.12,2.41,2,0.04
35.32,11.77,3,0.132
69.58,3.49,1,0.451
191.11,1.94,2,0.054
192.33,2.17,2,0.071
43.59,11.69,2,0.14
38.09,11.69,2,0.026
15.33,10.2,3,0.145
31.26,11.43,4,0.021
214.15,1.63,3,0.087
197.75,2.23,1,0.094
22.45,0.74,1,0.037
17.05,1.19,1,0.058
28.3,1.09,1,0.023
40.59,4.68,2,0.221
41.58,9.04,4,0.079
255.98,0.82,3,0.016
30.15,9.23,4,0.152
49.43,2.04,2,0.256
170.68,2.27,2,0.045
135.59,1.59,2,0.045
26.77,0.99,1,0.012
32.61,1.04,1,0.05
37.53,10.18,3,0.132
227.58,1.76,2,0.045
27.09,0.63,1,0.018
28.12,20.77,2,0.085
28.48,1.22,2,0.024
24.56,9.99,3,0.048
48.59,3.32,1,0.38
43.49,4.53,1,0.381
47.7,2.38,2,0.329
231.08,2.96,3,0.094
187.74,2.15,1,0.0
184.0,2.25,2,0.053
33.63,9.59,3,0.15
51.14,4.03,1,0.367
32.91,0.68,1,0.0
195.84,0.73,3,0.068
21.59,0.65,1,0.045
257.56,2.35,2,0.009
43.33,1.63,2,0.355
216.41,2.38,2,0.1
172.8,3.22,2,0.037
134.18,1.97,1,0.039
52.52,4.17,2,0.172
212.53,1.91,2,0.04
39.75,11.93,2,0.102
56.94,3.18,3,0.325
53.9,2.29,2,0.265
38.0,8.51,4,0.115
45.95,3.64,1,0.368
24.05,1.19,1,0.054
28.62,11.75,3,0.119
43.99,10.59,2,0.089
36.68,3.52,3,0.418
49.82,5.21,3,0.089
172.72,1.28,1,0.04
30.43,1.33,1,0.04
49.13,4.25,2,0.244
34.99,1.01,2,0.032
26.72,14.13,3,0.094
25.68,4.34,2,0.282
67.43,2.63,3,0.272
30.91,10.36,3,0.075
70.29,2.1,2,0.41
197.81,0.6,1,0.017
164.32,1.4,1,0.107
18.15,1.1,1,0.018
37.03,1.12,3,0.445
33.14,10.05,3,0.037
139.06,3.29,2,0.027
58.3,2.52,3,0.319
58.1,2.23,1,0.359
175.71,2.28,2,0.074
25.1,0.47,1,0.0
245.67,1.59,2,0.084
40.01,17.06,4,0.083
35.2,14.75,2,0.127
19.19,1.23,1,0.034
38.74,4.23,1,0.436
11.9,1.02,1,0.019
153.69,1.32,2,0.0
47.83,3.81,1,0.405
54.3,3.55,2,0.263
47.77,1.59,2,0.29
40.47,3.44,1,0.272
38.96,2.74,2,0.284
35.56,3.41,2,0.455
175.66,1.83,2,0.103
35.47,11.28,3,0.116
22.57,0.38,1,0.022
230.65,2.9,3,0.054
229.84,2.03,1,0.036
144.62,2.13,3,0.048
25.81,0.92,1,0.01
200.76,1.39,3,0.07
53.89,3.7,1,0.352
144.61,1.74,2,0.072
225.0,1.94,3,0.076
60.41,2.93,2,0.425
27.47,0.72,1,0.001
44.81,3.72,2,0.258
44.57,3.1,3,0.319
39.63,8.07,3,0.102
54.04,2.85,3,0.311
190.51,2.24,1,0.064
33.59,3.0,2,0.282
53.91,4.45,2,0.215
24.77,12.24,2,0.04
25.05,12.8,3,0.081
184.87,1.98,2,0.056
189.31,2.41,2,0.049
191.37,3.12,2,0.106
205.74,2.29,3,0.054
42.9,13.06,1,0.127
19.35,16.25,4,0.051
121.03,0.89,2,0.105
40.04,14.43,4,0.2
176.4,2.02,1,0.074
45.37,3.36,2,0.303
25.8,0.73,2,0.042
52.82,2.72,2,0.405
237.09,1.76,2,0.068
35.11,15.89,3,0.034
45.64,2.88,3,0.185
19.13,2.27,2,0.389
212.55,2.06,2,0.029
30.35,0.82,1,0.004
27.85,10.54,2,0.094
209.73,1.54,1,0.046
204.09,1.12,2,0.059
192.48,1.82,2,0.057
195.13,1.8,2,0.059
44.7,2.22,3,0.346
30.02,10.57,2,0.052
34.04,14.98,3,0.092
151.42,3.19,1,0.081
164.84,1.62,1,0.073
33.25,10.91,4,0.119
221.85,2.42,3,0.083
30.82,12.46,3,0.048
25.24,0.7,1,0.046
25.57,13.4,4,0.13
212.59,2.07,1,0.109
50.1,2.86,2,0.263
182.52,2.28,1,0.075
228.37,1.16,2,0.116
150.27,2.32,2,0.022
30.5,1.34,1,0.054
33.77,0.82,1,0.001
198.98,2.78,2,0.111
182.32,2.37,2,0.072
197.07,2.4,2,0.059
40.02,3.62,2,0.332
56.99,2.2,2,0.547
36.67,8.4,1,0.071
43.0,2.39,3,0.438
42.68,3.16,2,0.157
51.19,3.05,1,0.335
224.91,2.6,2,0.034
35.4,10.42,3,0.081
47.28,3.75,1,0.525
29.37,14.27,3,0.133
56.21,3.49,2,0.335
45.39,13.02,3,0.051
49.27,2.99,2,0.37
36.68,3.7,3,0.411
32.81,11.91,2,0.123
36.44,1.31,1,0.013
26.99,1.28,1,0.0
41.24,2.93,2,0.369
22.92,13.74,3,0.085
231.55,2.1,2,0.044
223.6,2.51,3,0.046
21.94,1.11,1,0.003
18.6,1.34,2,0.001
57.73,2.27,2,0.259
22.39,0.88,1,0.043
170.03,2.14,2,0.045
225.15,1.16,2,0.034
198.58,0.36,2,0.049
42.6,1.53,1,0.026
52.16,2.68,2,0.437
193.64,2.28,2,0.022
201.23,2.03,2,0.033
48.69,3.74,2,0.477
26.52,2.62,2,0.371
31.52,3.45,2,0.339
61.58,3.54,2,0.343
36.37,9.67,3,0.022
32.78,1.06,1,0.018
39.63,14.84,3,0.107
45.58,2.57,2,0.423
238.73,1.68,2,0.075
50.64,4.25,3,0.522
54.15,2.5,3,0.418
31.05,1.15,2,0.03
17.41,1.57,1,0.034
190.0,2.86,1,0.031
28.39,9.67,4,0.059
42.37,11.15,2,0.135
31.68,8.35,3,0.131
193.27,1.49,3,0.021
54.39,2.5,1,0.284
26.85,10.58,3,0.086
19.38,12.63,3,0.049
16.09,0.8,1,0.0
36.2,14.05,2,0.092
178.01,2.16,2,0.076
32.29,12.11,2,0.124
191.79,1.55,2,0.072
47.73,5.31,2,0.351
31.27,11.35,4,0.129
195.05,1.99,3,0.02
43.39,3.24,2,0.298
21.21,15.41,3,0.039
55.49,3.05,2,0.38
34.31,2.74,2,0.51
22.31,0.89,1,0.046
226.68,2.53,1,0.068
27.16,12.7,4,0.124
53.5,5.27,3,0.5
243.54,3.42,1,0.031
175.63,1.77,2,0.08
39.57,2.79,2,0.334
177.41,2.07,3,0.075
164.51,2.14,2,0.085
37.44,4.29,2,0.273
33.11,17.05,3,0.047
36.39,12.85,3,0.097
200.7,2.48,2,0.04
56.94,16.76,2,0.039
62.02,3.37,1,0.334
51.25,3.41,2,0.212
39.76,13.58,2,0.114
20.72,0.39,1,0.027
45.47,3.46,2,0.428
40.24,1.02,1,0.393
228.65,1.63,3,0.03
39.58,1.72,2,0.327
201.42,2.34,2,0.063
219.65,2.0,2,0.044
170.8,2.57,2,0.023
43.96,3.03,2,0.36
35.85,6.22,3,0.036
223.67,2.36,2,0.077
146.1,2.19,1,0.047
43.13,12.54,4,0.106
38.55,2.51,3,0.31
43.48,3.51,3,0.228
44.93,2.65,2,0.293
47.31,3.36,2,0.333
43.06,2.95,3,0.37
22.9,1.63,1,0.009
50.46,3.31,3,0.354
18.16,4.88,3,0.115
207.13,2.89,2,0.085
27.46,0.62,1,0.011
20.63,0.87,1,0.014
41.94,2.54,2,0.364
22.55,0.98,1,0.033
35.02,2.79,2,0.359
34.97,11.15,3,0.078
49.29,12.21,2,0.13
39.97,2.88,2,0.523
16.18,14.76,4,0.129
44.31,6.88,3,0.086
39.54,9.65,4,0.118
54.68,2.81,2,0.208
44.67,2.49,1,0.347
33.07,12.28,4,0.052
153.09,2.72,2,0.044
175.54,1.44,2,0.0
27.54,1.21,1,0.005
62.21,1.68,1,0.369
27.65,0.61,1,0.015
38.87,10.12,3,0.108
46.75,3.09,2,0.356
31.7,5.44,1,0.11
33.17,15.48,3,0.061
34.12,1.38,1,0.036
26.93,0.92,1,0.0
49.13,2.32,2,0.192
21.89,0.35,2,0.007
206.66,2.83,2,0.029
207.05,2.16,2,0.093
43.51,3.15,2,0.318
26.31,14.72,4,0.121
198.23,2.12,2,0.0
174.87,3.18,1,0.037
233.4,2.72,3,0.085
21.53,12.9,4,0.024
17.89,1.23,1,0.038
23.68,1.44,1,0.0
52.16,2.6,2,0.227
36.82,12.12,1,0.145
30.03,12.53,3,0.101
135.11,1.46,2,0.066
32.59,4.61,2,0.372
41.49,14.42,3,0.07
165.94,2.48,2,0.052
25.89,14.23,3,0.094
43.22,1.33,2,0.379
162.33,2.45,2,0.05
34.98,11.36,2,0.124
36.15,13.33,2,0.124
23.43,12.07,2,0.116
244.67,2.24,1,0.05
61.68,2.28,1,0.442
40.93,3.08,2,0.275
36.49,2.68,3,0.435
49.93,1.57,2,0.31
33.29,2.81,3,0.417
49.99,4.11,2,0.456
21.77,1.44,1,0.037
211.54,1.83,2,0.0
39.07,3.84,2,0.34
29.94,8.33,2,0.038
219.34,3.09,2,0.025
36.09,4.46,2,0.427
200.33,1.97,2,0.022
165.58,0.83,3,0.026
37.83,12.57,4,0.078
24.48,12.85,2,0.15
222.87,1.5,3,0.077
48.23,1.81,2,0.438
20.49,1.07,1,0.004
245.92,3.46,3,0.066
45.76,2.5,3,0.479
40.56,8.37,4,0.122
180.32,1.85,1,0.0
50.16,13.81,3,0.163
32.61,12.92,4,0.094
120.86,2.01,1,0.039
45.12,1.51,2,0.354
49.95,2.66,3,0.318
29.51,1.01,1,0.022
39.95,3.24,2,0.294
27.61,12.44,4,0.069
233.28,1.1,2,0.075
37.13,13.66,3,0.033
193.17,1.87,2,0.086
171.28,2.07,3,0.099
36.92,13.36,4,0.104
152.88,2.67,3,0.141
34.44,10.6,4,0.058
56.47,2.49,2,0.228
44.89,3.28,1,0.475
32.84,0.3,1,0.012
190.04,2.5,2,0.0
26.97,0.73,1,0.007
247.02,1.33,2,0.065
152.84,1.28,2,0.059
29.44,2.93,2,0.321
37.97,2.59,2,0.412
46.36,3.14,2,0.301
212.97,2.11,3,0.115
25.85,1.37,1,0.005
25.89,1.51,1,0.005
174.38,2.83,2,0.031
36.39,11.17,2,0.082
220.09,1.77,2,0.058
43.93,12.78,3,0.136
197.95,1.56,3,0.049
35.88,2.5,2,0.379
19.77,1.2,1,0.01
28.59,10.76,2,0.14
35.48,3.54,2,0.284
28.57,1.32,1,0.042
34.04,8.31,3,0.046
30.07,6.31,3,0.081
217.33,1.51,3,0.084
17.63,0.87,1,0.025
43.89,18.83,4,0.057
42.58,12.71,4,0.052
219.26,2.5,2,0.102
145.93,2.44,3,0.063
169.84,2.52,1,0.021
54.19,2.84,3,0.404
41.31,2.83,2,0.258
168.54,1.31,2,0.125
62.03,3.2,1,0.383
36.72,3.3,1,0.493
44.42,2.36,2,0.495
52.18,2.68,3,0.372
249.33,1.82,3,0.096
36.18,2.7,2,0.351
166.12,1.42,2,0.058
235.29,1.94,2,0.068
44.31,6.7,3,0.06
37.13,2.5,2,0.25
212.78,2.09,1,0.045
35.63,8.2,3,0.098
192.65,2.38,1,0.034
32.63,8.68,3,0.145
199.21,1.0,2,0.07
21.1,1.73,2,0.02
33.25,4.2,1,0.355
21.86,1.88,1,0.02
143.28,1.54,2,0.09
43.32,4.0,2,0.303
218.24,2.08,3,0.047
36.24,2.93,2,0.376
32.15,10.02,2,0.081
27.23,15.33,4,0.075
216.91,0.91,2,0.047
26.38,9.92,3,0.082
219.83,1.87,3,0.02
35.78,10.29,4,0.129
35.45,16.85,2,0.062
43.72,12.48,3,0.043
50.0,2.09,3,0.459
161.2,3.47,2,0.012
227.46,1.28,1,0.039
31.36,10.8,3,0.069
194.42,2.96,1,0.062
230.97,1.76,1,0.041
34.58,8.0,3,0.1
36.74,2.9,3,0.324
58.2,3.14,2,0.434
26.17,1.51,1,0.016
20.69,3.06,1,0.3
55.64,2.46,2,0.272
213.29,0.87,2,0.073
240.23,3.05,2,0.068
41.15,3.15,2,0.29
243.96,1.94,3,0.07
38.39,2.07,2,0.336
39.91,14.71,4,0.026
26.77,1.09,1,0.009
33.21,3.38,2,0.427
59.22,3.75,2,0.393
14.13,1.54,2,0.005
223.44,1.86,2,0.065
41.77,10.46,2,0.049
225.1,1.66,2,0.039
52.47,1.97,2,0.387
33.44,11.63,4,0.122
30.94,12.38,4,0.099
31.66,6.69,3,0.104
19.78,14.6,4,0.097
57.32,2.81,1,0.469
26.91,1.31,1,0.029
28.01,2.43,1,0.458
22.47,13.65,3,0.134
30.14,0.58,1,0.021
22.28,0.34,2,0.031
28.57,3.53,2,0.35
30.4,10.14,3,0.096
31.86,0.64,1,0.042
43.63,12.11,3,0.107
44.26,10.52,3,0.074
219.12,1.24,2,0.004
46.23,10.01,2,0.078
62.05,2.67,2,0.34
32.2,11.09,4,0.052
21.02,1.75,1,0.055
38.02,7.69,3,0.098
11.14,0.99,1,0.046
37.88,4.44,1,0.383
36.97,16.2,3,0.087
58.8,2.41,2,0.351
199.39,2.37,1,0.054
17.7,0.86,1,0.008
15.71,0.74,1,0.048
40.51,3.85,2,0.346
26.76,1.01,1,0.021
154.19,2.21,2,0.083
24.07,0.63,1,0.012
42.75,10.1,4,0.079
211.08,2.31,3,0.079
33.76,10.39,3,0.029
36.79,17.47,3,0.153
28.22,2.65,1,0.314
226.89,1.46,2,0.0
54.3,3.65,1,0.286
41.72,9.98,2,0.054
29.09,8.71,2,0.071
27.79,9.83,3,0.116
239.35,2.36,2,0.066
232.45,1.22,3,0.07
43.21,3.7,3,0.27
31.29,2.31,2,0.38
42.99,2.73,3,0.458
37.77,3.97,2,0.311
70.27,2.36,2,0.414
249.09,2.09,2,0.053
202.24,2.56,2,0.083
60.02,2.81,2,0.372
40.72,13.77,4,0.086
35.78,1.65,1,0.029
26.52,6.31,3,0.052
25.52,0.83,1,0.0
44.69,2.34,2,0.336
184.46,2.28,2,0.031
30.97,2.89,2,0.388
47.46,10.14,3,0.051
176.57,2.83,2,0.069
59.87,3.89,2,0.341
44.48,4.89,1,0.299
235.24,2.04,1,0.038
22.22,0.85,1,0.006
247.9,1.95,3,0.037
47.86,3.5,2,0.432
199.05,1.38,1,0.038
23.74,0.88,1,0.052
20.21,0.67,1,0.0
55.65,3.05,2,0.185
47.32,10.34,2,0.099
38.35,3.06,2,0.352
33.56,14.82,3,0.173
50.47,10.06,3,0.108
177.91,3.13,1,0.095
31.07,14.56,2,0.116
23.28,1.17,2,0.03
66.61,4.37,2,0.237
212.23,1.78,2,0.025
49.33,3.67,2,0.305
27.92,3.22,2,0.323
24.07,1.64,2,0.29
62.61,2.96,3,0.339
217.2,2.9,2,0.07
172.46,2.51,2,0.055
27.88,11.9,3,0.073
189.39,3.19,1,0.079
210.23,2.8,2,0.095
26.81,0.39,1,0.024
32.39,10.44,3,0.014
32.09,9.64,2,0.054
37.26,11.13,3,0.063
167.18,2.53,2,0.056
35.16,1.51,1,0.0
195.82,3.14,2,0.092
199.01,1.76,1,0.067
31.39,3.56,3,0.297
37.08,14.02,3,0.149
30.71,6.44,5,0.113
206.39,1.86,3,0.092
56.41,2.68,2,0.393
21.98,13.04,3,0.145
192.89,2.4,1,0.0
42.95,11.09,1,0.08
154.35,1.82,2,0.058
45.53,9.87,4,0.08
41.8,1.26,2,0.325
28.07,10.84,2,0.134
46.01,2.79,2,0.41
31.5,11.96,4,0.077
37.28,2.4,2,0.465
30.9,3.32,2,0.343
42.47,9.24,3,0.136
25.69,13.6,4,0.093
25.79,0.91,1,0.013
51.98,15.76,5,0.077
37.95,2.99,3,0.309
38.31,2.6,2,0.434
196.76,4.03,3,0.07
50.37,3.63,2,0.262
31.92,10.6,3,0.098
62.36,3.63,2,0.409
197.03,2.23,2,0.021
227.58,2.88,3,0.097
42.31,2.84,3,0.259
175.03,1.88,2,0.019
57.51,2.52,1,0.298
24.25,1.0,2,0.016
243.12,2.12,3,0.126
26.47,4.39,1,0.263
193.01,2.47,2,0.032
35.32,8.88,4,0.159
209.09,1.89,3,0.009
200.12,2.33,2,0.057
266.77,2.18,2,0.024
31.06,15.37,3,0.115
41.76,3.0,2,0.274
245.3,2.19,1,0.027
37.27,2.84,1,0.35
11.63,0.69,1,0.036
145.45,2.39,3,0.066
237.38,1.21,2,0.038
24.74,1.27,1,0.005
31.44,12.02,4,0.13
226.23,2.38,2,0.0
24.92,0.52,2,0.028
259.71,2.46,2,0.016
26.28,11.79,3,0.103
188.35,2.07,3,0.103
31.39,10.29,3,0.107
29.91,1.26,2,0.029
38.42,0.4,1,0.0
30.92,15.0,2,0.032
23.87,1.52,1,0.015
37.46,2.09,2,0.444
40.26,3.8,2,0.229
40.99,12.54,4,0.13
26.84,15.77,2,0.063
37.65,10.83,3,0.122
32.15,11.34,3,0.101
28.52,11.02,2,0.139
53.3,2.23,3,0.363
26.12,1.23,1,0.02
184.68,2.54,1,0.085
27.72,13.29,3,0.0
38.46,1.77,1,0.388
196.39,2.24,2,0.064
42.94,2.33,2,0.258
39.27,4.12,2,0.152
19.71,0.43,2,0.0
34.05,9.55,3,0.145
186.76,2.53,1,0.071
41.77,9.92,3,0.057
43.54,4.23,2,0.433
36.19,7.45,3,0.11
20.54,1.4,1,0.031
22.26,14.33,4,0.079
44.28,12.93,2,0.084
29.93,1.04,2,0.0
28.5,10.78,3,0.097
49.18,3.32,2,0.283
32.9,0.5,1,0.082
46.85,3.19,2,0.467
194.28,2.89,2,0.04
51.17,3.04,2,0.377
231.05,1.71,2,0.102
22.42,0.65,1,0.028
187.32,2.81,2,0.023
68.17,2.79,1,0.36
26.22,1.33,1,0.037
178.89,1.75,2,0.031
19.96,10.72,2,0.102
44.55,3.39,3,0.368
32.22,11.33,3,0.031
33.57,2.9,2,0.252
44.45,1.13,1,0.282
37.32,2.83,2,0.365
193.68,2.72,2,0.092
31.46,2.14,2,0.39
40.97,12.41,3,0.093
27.08,9.63,5,0.117
45.36,10.91,3,0.193
37.97,3.73,2,0.293
178.71,2.61,2,0.033
28.0,11.61,2,0.087
220.74,1.4,2,0.039
169.6,1.7,3,0.033
61.82,1.91,3,0.397
190.92,2.46,2,0.05
225.65,2.35,1,0.06
24.45,0.91,1,0.0
24.11,2.8,2,0.404
38.56,12.47,2,0.044
22.79,0.95,1,0.034
230.01,0.79,1,0.018
24.31,11.05,4,0.098
200.44,2.25,2,0.026
37.44,15.5,2,0.054
40.05,14.44,4,0.131
176.48,3.33,2,0.065
36.61,0.87,1,0.007
191.64,2.61,2,0.103
32.11,7.25,2,0.186
41.97,3.6,2,0.301
31.81,3.18,2,0.369
50.33,7.13,4,0.115
215.78,2.3,2,0.081
34.56,2.01,3,0.243
49.56,2.02,2,0.363
214.89,1.56,2,0.044
214.15,1.11,2,0.052
246.25,1.57,2,0.012
51.63,4.07,2,0.398
28.57,0.93,1,0.042
183.97,1.91,2,0.031
153.18,1.02,3,0.04
164.4,1.88,2,0.08
194.5,1.8,2,0.071
22.91,0.76,2,0.0
177.01,1.73,3,0.0
45.07,12.34,4,0.042
205.62,2.01,1,0.036
41.47,17.29,3,0.073
21.34,1.4,1,0.015
54.84,1.91,1,0.386
165.66,2.43,2,0.042
39.72,3.17,2,0.151
240.56,0.96,2,0.077
210.12,1.81,2,0.086
213.63,2.53,1,0.035
204.56,2.31,3,0.078
64.25,1.97,2,0.275
227.22,1.53,2,0.05
16.6,1.86,2,0.051
36.25,13.14,1,0.138
32.05,2.79,2,0.404
253.45,1.4,1,0.072
206.02,2.48,2,0.098
38.61,2.83,2,0.316
170.86,1.18,2,0.096
26.97,9.96,3,0.081
36.95,13.25,2,0.084
55.31,3.15,2,0.443
47.67,2.24,2,0.218
185.83,2.17,3,0.038
43.34,9.77,2,0.119
161.76,1.05,1,0.071
37.32,3.79,3,0.307
15.89,1.1,1,0.002
37.89,0.67,1,0.0
56.34,3.18,2,0.279
20.73,1.43,1,0.0
49.67,1.01,2,0.333
25.95,9.71,4,0.142
232.85,2.06,2,0.069
33.29,0.48,2,0.008
166.88,1.35,2,0.036
43.51,2.54,2,0.315
60.83,3.27,2,0.417
220.68,1.92,2,0.061
33.11,2.21,3,0.236
228.15,1.69,3,0.074
45.7,2.09,2,0.364
37.87,15.36,5,0.099
20.98,0.55,1,0.034
36.89,8.07,3,0.157
190.08,1.63,2,0.044
27.64,7.44,3,0.07
53.36,4.38,2,0.347
36.3,15.13,4,0.073
27.71,1.23,1,0.015
44.44,13.46,3,0.092
39.04,12.88,3,0.101
26.9,16.58,4,0.116
40.38,1.91,1,0.429
58.39,3.19,1,0.272
46.81,19.52,3,0.07
26.97,0.47,1,0.047
46.1,1.75,2,0.391
39.06,2.76,3,0.36
29.72,13.77,3,0.027
143.22,1.21,1,0.038
199.97,1.89,3,0.085
183.85,1.89,2,0.037
19.17,1.15,1,0.021
43.02,14.21,3,0.184
31.77,10.22,4,0.062
233.65,2.44,2,0.066
204.67,2.36,3,0.041
33.3,0.87,1,0.031
60.31,3.05,1,0.281
45.15,11.35,3,0.102
228.72,1.8,2,0.057
17.24,12.94,3,0.068
34.87,8.06,4,0.024
216.16,2.18,3,0.047
223.9,1.44,2,0.025
60.6,2.8,2,0.411
45.63,10.81,3,0.069
54.11,4.12,1,0.267
42.78,2.47,2,0.3
21.09,0.55,1,0.017
36.73,1.24,1,0.009
190.17,1.66,3,0.061
55.33,12.13,2,0.086
49.15,12.2,2,0.122
34.61,14.17,3,0.112
50.29,12.84,2,0.094
18.48,14.35,3,0.136
34.65,3.1,3,0.466
26.55,0.84,1,0.033
20.04,2.97,2,0.26
33.78,1.35,1,0.038
47.65,2.65,1,0.426
205.88,1.23,3,0.054
177.32,2.4,3,0.017
30.26,1.18,1,0.02
185.08,1.49,3,0.0
55.07,2.72,2,0.509
175.49,1.69,2,0.016
191.7,1.11,2,0.059
32.83,12.78,2,0.105
227.85,3.43,1,0.095
148.54,2.38,1,0.068
238.9,1.67,3,0.073
19.17,0.92,1,0.005
36.87,3.96,3,0.46
200.9,1.75,2,0.048
36.96,10.61,4,0.063
37.5,0.25,1,0.039
46.63,2.17,2,0.321
33.24,1.84,1,0.0
26.93,0.37,1,0.008
27.28,0.83,1,0.0
225.66,2.89,2,0.083
235.83,1.01,2,0.0
193.0,1.45,1,0.046
23.49,0.64,1,0.013
45.29,3.26,2,0.299
44.81,10.17,3,0.035
214.19,0.61,2,0.094
150.19,1.45,2,0.069
198.37,1.66,2,0.012
160.07,1.53,2,0.074
32.72,10.29,3,0.06
34.29,13.38,4,0.122
25.15,0.88,1,0.056
41.06,1.89,2,0.466
27.2,11.98,3,0.206
25.44,0.83,1,0.034
27.55,10.76,3,0.13
140.43,2.57,2,0.037
43.25,9.74,4,0.026
52.26,2.52,2,0.444
49.73,2.9,1,0.257
57.72,1.91,2,0.23
31.36,1.18,1,0.025
40.99,10.56,3,0.105
238.44,2.26,2,0.037
42.66,16.66,3,0.095
30.39,10.66,3,0.155
238.11,2.4,2,0.082
31.46,14.57,3,0.027
205.46,2.03,3,0.02
45.21,11.36,4,0.144
206.78,2.21,1,0.055
32.52,1.39,1,0.043
182.51,2.73,1,0.039
47.14,13.23,2,0.119
227.1,2.27,1,0.045
285.58,2.46,1,0.019
22.84,1.05,1,0.021
51.42,4.47,2,0.331
228.1,2.33,1,0.116
34.99,11.23,3,0.091
49.82,2.86,2,0.416
163.05,1.42,2,0.05
17.62,10.28,4,0.069
32.8,3.79,3,0.395
202.83,1.87,1,0.096
226.18,1.63,3,0.009
73.04,2.94,1,0.232
51.98,2.16,2,0.522
218.75,1.68,2,0.062
30.95,9.8,2,0.131
20.49,0.55,1,0.006
36.12,10.31,4,0.104
34.55,12.36,1,0.113
44.4,10.65,3,0.146
35.17,13.65,5,0.11
36.38,0.87,1,0.007
40.7,15.5,3,0.072
54.63,2.71,3,0.431
47.52,3.77,2,0.431
33.09,10.22,2,0.139
164.76,0.2,1,0.071
244.26,2.4,3,0.079
15.42,1.69,1,0.039
53.75,1.9,1,0.306
45.18,15.51,5,0.017
32.35,8.51,2,0.144
17.75,0.75,1,0.007
32.57,7.77,3,0.151
50.64,3.43,3,0.411
39.26,15.37,1,0.081
50.32,11.32,3,0.156
161.67,1.66,3,0.055
226.96,1.87,2,0.061
35.4,14.42,3,0.151
48.7,13.95,3,0.094
171.52,2.47,1,0.035
43.21,4.01,2,0.388
46.91,3.11,2,0.516
36.36,16.77,4,0.112
204.9,1.28,2,0.066
25.69,11.27,2,0.104
168.48,0.48,3,0.103
218.83,2.23,2,0.082
225.52,2.42,2,0.026
195.27,2.14,2,0.082
58.49,14.17,2,0.126
36.45,2.58,2,0.592
216.94,1.19,1,0.005
37.29,10.87,4,0.059
32.29,4.5,2,0.353
269.75,2.47,2,0.041
49.4,2.45,2,0.383
38.8,11.97,3,0.097
35.59,3.74,3,0.232
45.76,3.47,2,0.322
47.13,2.79,2,0.419
28.44,6.45,2,0.112
25.05,11.8,4,0.088
46.9,13.05,4,0.066
50.87,3.99,2,0.362
49.33,1.75,3,0.42
29.58,3.29,3,0.389
45.48,2.98,1,0.35
201.07,1.74,2,0.043
54.06,1.78,2,0.256
12.76,1.75,1,0.015
43.09,16.01,4,0.021
53.29,2.0,1,0.423
53.42,2.98,2,0.422
37.25,11.31,2,0.082
232.68,0.86,2,0.071
44.11,3.74,2,0.292
190.86,2.66,1,0.049
165.02,1.41,2,0.021
41.84,4.27,3,0.421
51.87,3.48,2,0.324
24.74,0.61,1,0.007
41.52,11.22,3,0.087
32.91,13.27,4,0.108
46.72,2.42,1,0.43
22.72,0.68,1,0.024
217.92,1.91,2,0.061
52.8,2.69,2,0.337
28.43,11.65,2,0.069
56.7,14.07,3,0.101
27.49,10.41,2,0.081
30.55,11.36,4,0.127
68.81,4.01,2,0.247
216.46,1.1,2,0.083
187.62,1.26,3,0.047
30.99,4.15,2,0.292
27.99,3.26,1,0.395
217.9,2.07,2,0.071
206.44,1.61,2,0.027
241.84,2.36,2,0.066
47.58,3.2,2,0.389
34.16,14.6,4,0.089
60.43,3.6,2,0.45
62.43,4.8,2,0.293
185.27,1.69,1,0.102
28.91,2.3,2,0.288
169.85,2.35,2,0.02
45.98,11.44,4,0.141
32.81,12.9,3,0.135
176.94,2.65,3,0.022
38.92,13.14,4,0.096
21.14,3.41,2,0.321
157.09,3.32,2,0.121
182.22,2.75,3,0.047
32.78,0.98,1,0.006
31.23,1.07,1,0.036
30.5,0.33,1,0.029
24.69,12.89,5,0.099
34.21,6.98,3,0.108
26.89,0.2,1,0.031
211.96,1.39,1,0.025
41.17,7.22,3,0.05
159.28,2.93,1,0.051
48.43,3.35,3,0.33
29.53,0.76,1,0.047
50.17,2.94,1,0.389
24.73,1.81,1,0.0
29.79,17.54,3,0.091
34.26,2.46,2,0.198
39.69,2.35,2,0.273
46.02,2.11,2,0.268
205.05,2.52,1,0.024
45.05,2.72,3,0.378
43.97,3.07,2,0.369
192.97,2.5,3,0.071
48.23,4.11,2,0.261
43.04,3.72,2,0.414
32.59,8.31,4,0.048
33.51,15.36,3,0.075
27.31,1.97,1,0.028
42.4,17.29,2,0.11
196.72,1.02,2,0.067
37.19,2.24,2,0.374
43.34,3.09,2,0.282
45.32,3.07,2,0.432
177.86,2.03,2,0.063
20.09,0.8,1,0.0
36.49,12.78,1,0.105
57.84,3.32,1,0.407
21.25,0.92,1,0.044
45.51,10.97,2,0.127
26.07,1.0,1,0.038
13.62,1.19,1,0.0
199.98,2.61,2,0.04
57.06,4.13,2,0.33
49.36,4.07,3,0.06
205.76,1.73,2,0.048
32.53,13.46,2,0.082
41.52,10.4,3,0.065
39.59,11.19,3,0.129
30.67,16.91,2,0.007
52.8,3.73,2,0.336
123.12,2.01,2,0.039
59.67,2.42,2,0.347
36.29,10.96,2,0.029
172.29,2.93,3,0.017
32.07,11.21,4,0.1
43.1,13.44,3,0.106
231.29,0.75,2,0.015
34.64,1.61,2,0.174
32.94,0.89,1,0.0
35.41,0.43,2,0.044
25.32,11.94,4,0.072
12.48,7.31,3,0.105
36.4,13.62,3,0.109
32.5,12.86,2,0.117
29.88,13.41,5,0.099
68.39,4.07,2,0.385
33.27,13.58,3,0.083
189.95,2.5,2,0.075
189.61,0.93,2,0.048
33.18,11.84,4,0.136
200.12,3.22,2,0.059
45.33,3.26,1,0.447
31.88,14.2,3,0.084
30.77,8.71,3,0.08
204.27,1.94,2,0.115
35.18,1.19,1,0.01
158.89,2.56,2,0.076
39.24,0.88,2,0.039
32.35,0.55,1,0.022
39.56,13.4,5,0.107
31.69,0.7,1,0.033
36.5,8.52,3,0.14
27.39,8.27,2,0.091
215.36,1.99,2,0.008
37.66,14.2,3,0.109
183.2,1.99,2,0.064
42.6,1.84,2,0.303
17.05,11.9,3,0.146
29.71,16.19,4,0.208
22.32,0.49,2,0.0
227.94,1.86,3,0.085
229.42,2.12,3,0.064
205.71,2.61,3,0.103
23.95,12.08,4,0.03
31.58,7.99,2,0.102
30.57,12.36,4,0.136
20.98,1.11,1,0.031
242.69,1.93,2,0.152
37.64,3.7,2,0.269
151.94,1.37,3,0.04
34.09,9.32,3,0.109
17.42,0.71,2,0.021
196.95,1.41,2,0.038
41.26,1.58,2,0.377
38.68,14.07,3,0.059
38.31,12.33,1,0.118
224.81,2.25,3,0.062
58.85,4.04,2,0.363
22.4,10.17,3,0.139
58.54,3.67,2,0.344
22.22,1.08,1,0.017
204.79,1.32,3,0.06
27.34,2.65,2,0.289
31.63,12.1,3,0.168
144.82,1.78,2,0.052
14.52,14.49,3,0.081
37.19,12.21,3,0.105
16.81,1.46,1,0.019
23.92,1.13,1,0.003
143.76,3.31,2,0.099
15.32,2.86,2,0.429
195.84,2.33,2,0.006
140.1,1.52,2,0.025
201.64,2.03,1,0.044
62.44,3.98,2,0.275
176.13,2.17,1,0.079
29.23,14.55,1,0.037
59.03,3.04,2,0.376
34.78,3.6,3,0.431
170.7,2.25,2,0.031
39.53,14.79,4,0.107
44.23,3.05,2,0.316
44.55,3.05,1,0.346
51.49,2.79,2,0.413
250.28,1.91,3,0.025
210.81,2.17,2,0.09
41.5,1.77,2,0.324
44.12,2.29,2,0.311
40.17,12.46,5,0.147
233.56,1.84,1,0.026
17.67,1.28,1,0.023
210.85,2.09,3,0.045
183.31,2.56,2,0.016
26.62,0.84,1,0.03
8.54,1.06,1,0.035
53.93,3.01,2,0.421
37.08,2.43,2,0.38
196.53,1.04,2,0.038
42.01,13.88,2,0.076
49.38,4.05,2,0.279
48.54,11.62,2,0.082
41.74,12.5,3,0.116
187.22,1.32,1,0.077
24.74,1.07,1,0.054
252.36,2.11,2,0.063
25.47,12.72,4,0.113
51.63,17.29,4,0.121
29.3,1.23,1,0.023
235.66,1.74,2,0.075
38.57,6.44,3,0.159
230.51,1.71,3,0.0
25.75,3.8,2,0.331
29.49,0.3,1,0.003
49.77,2.6,2,0.357
56.81,2.77,2,0.293
201.83,1.82,2,0.065
225.51,3.01,2,0.053
57.99,2.96,2,0.48
23.46,11.14,3,0.138
127.59,2.22,3,0.072
51.57,3.58,2,0.281
190.15,1.12,2,0.069
55.94,3.5,2,0.389
37.26,8.02,2,0.158
137.4,1.38,2,0.077
26.29,10.92,4,0.102
19.47,1.38,1,0.0
26.46,2.97,3,0.334
35.53,1.93,1,0.327
46.86,2.32,3,0.4
25.43,16.34,3,0.108
216.85,0.87,2,0.037
40.73,10.77,2,0.094
50.64,13.84,3,0.0
212.5,2.06,3,0.087
34.75,2.36,2,0.273
21.56,14.78,2,0.093
29.71,11.98,3,0.094
46.48,11.76,3,0.157
39.15,4.49,5,0.041
201.05,2.19,1,0.02
278.04,1.51,2,0.052
37.88,15.78,3,0.109
222.26,1.48,2,0.04
29.84,1.13,1,0.01
32.62,10.85,3,0.088
13.85,0.37,1,0.044
30.16,17.77,3,0.123
20.14,11.5,3,0.0
33.28,1.61,1,0.27
36.01,1.28,2,0.348
36.11,2.76,2,0.289
181.34,1.49,2,0.057
20.23,9.7,2,0.06
23.07,0.68,2,0.039
19.86,0.67,1,0.025
192.07,2.58,2,0.059
31.3,13.91,3,0.15
51.22,1.27,3,0.514
130.86,2.5,3,0.02
26.22,1.51,1,0.0
132.23,1.95,2,0.0
17.62,1.55,1,0.046
33.63,10.78,2,0.137
213.29,2.17,2,0.06
38.07,12.32,2,0.072
228.32,2.05,1,0.044
36.3,17.61,2,0.139
32.32,11.49,3,0.123
38.85,9.69,3,0.105
43.34,1.73,2,0.416
179.77,1.63,2,0.033
39.06,12.31,3,0.152
31.69,14.82,2,0.092
27.51,0.7,1,0.04
41.41,2.26,1,0.33
40.62,2.33,2,0.329
24.51,0.99,2,0.012
179.95,2.72,2,0.095
219.98,1.96,3,0.04
195.61,2.6,2,0.056
30.2,0.82,1,0.039
44.52,11.21,3,0.095
157.93,1.15,1,0.056
166.17,2.01,2,0.083
250.49,3.21,1,0.071
263.07,2.25,2,0.051
23.01,7.56,4,0.129
256.83,2.16,2,0.1
44.8,3.34,2,0.308
231.34,2.41,1,0.072
25.65,0.2,1,0.0
40.54,2.93,1,0.363
39.01,14.57,2,0.13
155.05,1.56,2,0.127
25.47,10.68,4,0.092
193.74,2.2,3,0.076
38.62,2.94,2,0.287
236.43,1.69,2,0.075
36.7,8.82,2,0.083
212.66,2.21,2,0.057
45.49,4.18,3,0.35
26.39,2.64,2,0.363
38.15,10.57,3,0.12
25.12,1.14,1,0.017
59.62,4.23,2,0.264
34.68,1.62,1,0.338
40.98,6.52,3,0.15
215.31,1.25,2,0.028
29.64,4.31,2,0.299
46.02,17.16,2,0.094
253.83,1.86,2,0.018
245.84,1.38,1,0.054
58.06,12.08,3,0.11
29.19,1.27,2,0.025
35.67,13.75,4,0.185
39.96,2.2,1,0.323
187.93,1.95,2,0.05
32.34,12.91,3,0.092
46.92,9.32,3,0.03
213.19,3.75,2,0.08
54.51,2.77,2,0.382
51.3,2.5,3,0.341
10.82,1.26,1,0.048
31.68,0.57,1,0.032
21.41,12.86,3,0.103
193.62,2.07,3,0.063
231.26,2.41,2,0.056
148.25,3.59,2,0.097
45.9,12.47,3,0.139
213.31,1.62,2,0.048
42.47,3.16,2,0.298
219.52,2.04,1,0.041
217.58,2.31,2,0.0
216.41,1.31,3,0.085
44.06,15.58,3,0.078
50.55,8.47,2,0.067
176.13,1.26,2,0.079
24.73,1.52,1,0.04
44.81,7.53,3,0.057
20.94,8.36,2,0.069
197.02,2.54,1,0.033
30.03,0.98,1,0.031
223.59,3.1,3,0.031
31.54,12.74,3,0.141
253.9,2.94,2,0.022
187.44,1.41,2,0.039
47.42,3.52,2,0.423
38.25,3.29,2,0.321
31.24,2.77,2,0.346
251.17,1.23,3,0.017
15.71,0.57,1,0.023
36.44,3.6,2,0.354
35.4,6.45,3,0.0
50.28,3.79,1,0.283
215.05,1.78,2,0.07
44.7,2.23,3,0.317
181.48,1.75,2,0.041
26.15,13.0,4,0.094
29.88,1.51,1,0.03
243.48,1.33,1,0.104
51.5,4.07,2,0.223
45.71,10.87,4,0.184
39.78,9.97,4,0.121
46.2,9.83,3,0.11
38.62,3.23,2,0.501
53.9,3.88,2,0.218
184.99,2.16,2,0.058
52.78,3.2,2,0.415
47.22,2.26,2,0.306
43.3,10.65,4,0.098
42.52,12.14,3,0.064
241.49,1.92,2,0.038
43.05,1.93,2,0.423
40.53,13.16,4,0.143
44.76,13.67,3,0.136
38.01,16.96,2,0.102
47.65,1.17,2,0.451
185.43,1.12,2,0.08
216.64,2.53,3,0.011
39.51,13.31,4,0.098
35.44,15.23,4,0.006
224.34,2.45,2,0.073
52.12,2.59,2,0.393
21.11,11.37,2,0.089
247.6,1.66,3,0.056
45.36,2.61,1,0.37
60.0,3.63,2,0.299
194.13,1.73,2,0.029
27.66,1.46,1,0.026
49.26,2.79,2,0.412
18.7,3.02,2,0.345
22.28,0.93,1,0.009
39.28,12.67,3,0.087
23.44,1.37,1,0.013
49.87,3.02,3,0.335
37.15,2.39,2,0.379
34.91,13.1,2,0.037
220.03,1.81,2,0.022
38.19,13.26,3,0.128
209.82,1.84,2,0.073
38.19,3.97,2,0.167
48.78,12.35,2,0.117
24.84,11.54,2,0.035
59.65,1.54,2,0.234
55.42,2.8,4,0.479
43.03,14.89,2,0.149
44.01,2.21,2,0.41
38.64,10.6,1,0.074
37.12,16.04,5,0.101
64.36,2.6,2,0.454
218.95,1.55,2,0.033
16.43,10.44,2,0.078
43.35,3.87,2,0.226
30.49,13.16,3,0.077
44.68,2.17,1,0.417
32.08,2.63,2,0.369
161.96,2.11,3,0.0
36.32,0.9,1,0.0
22.76,0.78,1,0.034
26.47,1.32,2,0.039
172.93,2.69,1,0.087
42.04,8.78,4,0.131
135.47,1.96,2,0.038
33.16,2.24,2,0.29
60.91,12.98,3,0.104
39.2,3.05,2,0.219
35.27,9.7,2,0.092
227.86,2.39,2,0.068
186.34,1.27,2,0.071
44.26,11.82,3,0.011
45.86,2.87,2,0.259
46.97,10.3,3,0.085
21.32,12.19,3,0.099
208.59,1.29,2,0.028
182.94,1.4,2,0.069
18.67,0.2,1,0.038
29.9,0.58,1,0.025
22.02,1.6,2,0.024
32.77,12.03,4,0.021
41.55,9.32,3,0.079
191.11,1.69,2,0.043
43.26,9.03,4,0.099
35.15,9.83,4,0.116
23.73,1.31,1,0.036
18.98,13.53,3,0.095
42.27,1.83,2,0.297
234.83,2.82,2,0.029
150.18,1.94,2,0.08
164.91,2.2,2,0.004
236.07,1.87,1,0.161
28.25,12.56,3,0.091
162.28,1.49,2,0.053
42.15,3.46,2,0.28
29.93,0.21,1,0.015
19.24,1.61,2,0.05
216.23,2.1,2,0.036
205.93,2.32,3,0.033
38.9,14.62,3,0.039
232.41,1.98,2,0.051
190.79,2.1,2,0.036
25.64,0.91,1,0.035
36.48,10.03,3,0.028
183.84,1.51,2,0.082
37.64,13.48,3,0.115
23.44,1.23,2,0.226
188.99,2.77,1,0.051
32.52,14.5,2,0.151
31.35,8.36,3,0.002
53.96,2.37,3,0.245
183.87,1.93,1,0.016
30.68,13.4,4,0.124
14.64,1.37,1,0.022
165.37,1.53,3,0.066
50.3,2.45,3,0.461
199.57,1.32,3,0.053
47.79,15.56,2,0.055
42.15,11.29,3,0.082
23.8,9.49,3,0.075
169.42,2.57,2,0.082
185.88,2.05,2,0.051
34.16,0.42,1,0.009
183.78,2.56,2,0.065
18.29,14.13,3,0.119
149.12,1.04,2,0.01
44.96,2.2,2,0.398
31.98,1.23,1,0.016
36.26,0.72,2,0.027
36.78,2.59,3,0.364
24.22,0.27,1,0.029
174.59,2.18,2,0.0
47.53,6.44,4,0.091
186.86,4.1,1,0.06
42.44,15.41,3,0.078
22.12,1.54,2,0.044
204.12,1.63,2,0.075
29.69,8.31,2,0.116
16.46,1.63,1,0.0
170.03,1.76,2,0.016
22.56,0.62,1,0.033
28.04,3.32,1,0.319
218.82,1.4,2,0.052
41.86,11.21,3,0.028
45.47,6.36,2,0.076
29.47,13.47,5,0.138
44.47,14.95,2,0.053
39.2,10.66,3,0.119
24.85,13.21,4,0.082
37.07,1.46,1,0.03
197.05,2.26,2,0.048
20.33,1.17,1,0.021
220.07,1.98,1,0.038
211.04,2.03,1,0.033
37.55,13.36,2,0.071
34.77,1.55,2,0.346
150.14,1.3,1,0.075
192.6,3.66,1,0.076
50.52,1.66,2,0.276
17.82,4.62,2,0.286
33.57,3.17,2,0.451
179.39,1.52,3,0.034
25.38,1.17,1,0.0
43.44,10.86,3,0.112
46.3,3.41,1,0.346
26.9,0.84,1,0.058
19.22,9.02,2,0.098
43.4,2.34,2,0.267
237.79,1.81,2,0.04
20.57,0.63,1,0.001
21.54,1.63,1,0.024
28.59,12.56,3,0.091
22.31,1.42,1,0.0
60.01,1.51,2,0.297
36.27,9.32,3,0.056
38.91,12.92,3,0.108
40.06,9.58,4,0.133
26.26,1.02,1,0.0
168.81,2.81,3,0.06
33.93,10.98,3,0.09
204.34,2.0,2,0.059
39.09,3.51,2,0.304
39.53,2.52,3,0.363
40.97,2.74,2,0.472
41.94,13.77,4,0.134
37.95,7.28,3,0.12
23.65,1.36,1,0.02
231.08,2.47,1,0.038
29.69,14.35,3,0.1
47.2,3.7,3,0.265
21.16,0.91,1,0.0
16.68,1.08,2,0.058
27.09,1.13,1,0.043
17.8,0.88,1,0.037
40.09,7.5,3,0.067
30.67,0.66,1,0.008
26.88,1.09,1,0.0
27.26,7.07,3,0.064
200.58,1.55,2,0.089
180.11,0.62,2,0.118
162.02,2.35,1,0.074
41.81,3.24,2,0.305
154.07,2.34,2,0.06
38.58,13.8,3,0.123
184.35,1.42,2,0.032
174.33,2.4,1,0.072
32.94,11.0,2,0.137
49.25,11.99,2,0.069
42.69,3.45,2,0.333
27.65,2.18,2,0.379
226.69,2.58,3,0.067
20.6,0.85,1,0.0
177.64,2.9,2,0.058
23.33,1.4,1,0.023
37.53,7.69,3,0.065
22.47,1.02,1,0.043
33.03,3.02,2,0.335
36.81,14.02,3,0.115
39.97,14.15,3,0.074
40.41,9.13,3,0.043
272.72,2.53,1,0.031
45.86,2.24,2,0.4
49.91,2.81,3,0.298
17.97,1.22,1,0.0
24.2,0.74,1,0.032
47.13,14.33,3,0.118
160.93,1.82,2,0.057
171.57,2.34,3,0.035
39.89,3.26,2,0.287
31.66,15.48,4,0.122
35.82,15.46,5,0.127
43.27,3.02,2,0.413
47.91,3.54,2,0.408
21.58,0.88,1,0.001
34.92,11.64,3,0.137
228.83,2.1,2,0.054
31.14,9.66,3,0.078
50.05,11.68,2,0.132
253.78,1.29,2,0.046
33.01,0.93,1,0.0
61.49,2.18,3,0.37
33.25,3.14,2,0.513
24.17,9.18,2,0.059
41.93,14.59,3,0.06
180.76,2.26,1,0.009
48.37,1.98,2,0.439
41.19,2.13,2,0.453
186.16,1.61,1,0.006
28.22,1.04,1,0.0
27.93,14.51,3,0.007
16.35,1.07,1,0.022
47.42,3.56,2,0.35
35.54,12.65,3,0.073
38.07,12.54,2,0.096
36.76,8.57,3,0.138
31.09,4.26,2,0.27
40.64,3.07,3,0.367
25.36,12.28,2,0.099
41.17,2.11,2,0.421
34.74,13.88,2,0.073
195.12,2.44,3,0.024
242.25,1.14,2,0.0
20.14,1.26,1,0.046
33.58,3.09,1,0.322
215.08,2.68,2,0.094
57.28,3.77,2,0.259
211.72,3.43,2,0.11
27.58,1.25,1,0.047
19.59,11.76,2,0.046
258.35,2.14,3,0.07
32.52,3.83,3,0.276
26.9,11.27,3,0.094
192.46,2.34,2,0.038
41.19,2.83,2,0.321
58.78,3.2,2,0.321
39.94,13.54,3,0.15
41.11,3.12,2,0.352
50.69,11.35,2,0.082
162.21,2.03,3,0.007
64.85,3.36,2,0.297
17.63,12.56,3,0.071
63.16,3.69,1,0.298
150.99,1.16,2,0.029
38.65,0.49,1,0.011
31.39,11.28,3,0.178
222.26,1.81,2,0.02
158.49,1.89,2,0.04
212.41,1.85,1,0.09
168.11,2.16,1,0.035
26.27,0.3,1,0.028
25.61,12.58,4,0.081
52.83,3.11,2,0.375
197.86,1.96,1,0.055
40.42,2.72,2,0.404
165.71,1.63,2,0.099
23.36,3.13,1,0.427
42.17,12.99,4,0.053
34.93,1.83,2,0.481
32.56,0.63,1,0.01
236.62,0.87,2,0.068
45.84,3.58,2,0.219
153.76,2.43,2,0.055
25.22,14.85,4,0.09
45.24,3.15,2,0.272
23.86,12.93,4,0.139
35.94,1.4,2,0.034
29.2,1.34,1,0.008
169.77,2.04,1,0.048
44.08,2.82,1,0.285
228.05,1.54,2,0.062
25.49,3.46,2,0.297
36.48,0.7,1,0.013
61.16,3.37,2,0.335
44.23,6.02,4,0.146
47.56,9.94,4,0.041
126.73,1.75,2,0.093
23.51,0.68,1,0.013
203.26,2.78,2,0.034
48.64,12.81,5,0.084
41.57,13.46,4,0.061
147.98,2.78,2,0.046
206.26,2.08,2,0.076
178.52,1.82,2,0.015
30.07,2.61,1,0.324
46.88,2.57,2,0.269
25.45,0.84,1,0.008
35.93,10.82,4,0.103
34.26,2.58,2,0.327
229.68,2.21,2,0.062
50.09,2.68,1,0.018
36.68,12.14,2,0.089
239.44,2.84,2,0.086
28.29,13.33,2,0.036
44.06,8.41,3,0.075
167.0,1.23,1,0.063
42.14,1.87,2,0.308
21.75,10.86,3,0.099
39.06,3.03,2,0.369
29.73,1.66,1,0.0
39.28,10.66,3,0.112
24.32,1.01,1,0.015
29.63,11.25,3,0.078
178.37,1.28,2,0.015
37.67,10.07,1,0.076
208.28,2.58,2,0.047
35.91,15.29,4,0.168
38.39,13.23,5,0.161
49.57,12.12,2,0.061
26.72,1.06,1,0.034
27.19,11.15,3,0.0
25.6,13.02,2,0.127
210.46,1.7,1,0.04
42.53,3.27,2,0.295
200.24,0.97,2,0.075
49.22,2.1,2,0.163
18.62,1.54,1,0.0
48.34,14.32,3,0.081
40.18,7.77,2,0.109
23.38,1.85,1,0.009
176.54,1.6,2,0.093
35.91,3.23,1,0.284
52.25,3.01,2,0.358
30.63,1.14,1,0.0
26.7,10.12,3,0.107
56.2,4.01,2,0.449
204.04,2.42,2,0.038
27.02,0.7,2,0.003
239.6,2.6,2,0.0
33.57,4.23,1,0.256
43.62,2.81,2,0.346
49.24,2.12,2,0.333
47.15,4.41,2,0.35
24.78,7.8,3,0.168
34.3,10.09,4,0.112
39.18,13.03,5,0.083
159.26,1.38,2,0.026
37.57,3.88,2,0.441
38.71,4.42,2,0.303
32.12,1.82,3,0.22
43.17,2.96,2,0.296
27.63,3.6,2,0.138
185.73,1.38,3,0.103
34.85,13.8,3,0.1
226.03,2.28,2,0.09
35.78,1.35,1,0.03
22.77,1.04,1,0.04
45.65,4.32,2,0.186
26.5,1.1,1,0.025
191.43,2.66,2,0.027
31.79,14.19,4,0.076
36.76,14.27,3,0.098
144.81,2.91,3,0.022
47.31,10.5,2,0.0
50.36,8.98,3,0.138
48.26,17.55,3,0.173
27.48,3.73,3,0.444
36.41,9.35,3,0.066
212.14,0.87,2,0.04
47.91,4.02,3,0.223
33.64,3.32,2,0.292
29.17,0.93,1,0.03
168.23,2.22,2,0.056
30.98,2.13,1,0.044
155.37,1.48,2,0.076
19.96,1.01,1,0.035
45.85,13.67,3,0.151
42.18,15.97,3,0.175
37.62,11.65,5,0.097
19.36,1.75,2,0.411
38.33,4.22,2,0.477
216.07,2.34,1,0.013
185.57,2.34,1,0.019
22.74,11.86,4,0.091
45.3,7.91,3,0.184
26.52,10.26,5,0.123
39.74,2.52,2,0.322
191.5,2.17,2,0.052
55.38,2.69,1,0.303
22.92,0.8,1,0.02
203.71,2.56,1,0.083
186.77,2.06,1,0.025
26.75,9.82,3,0.047
39.25,2.47,2,0.561
208.38,2.26,1,0.066
29.03,0.54,1,0.006
232.26,3.72,2,0.087
30.55,9.21,4,0.17
43.21,2.83,2,0.218
179.58,3.39,2,0.043
168.8,2.97,3,0.055
168.94,1.81,2,0.048
49.24,3.07,2,0.243
56.02,3.14,2,0.5
179.7,2.69,1,0.048
34.61,14.82,3,0.049
40.84,11.96,4,0.109
29.68,9.12,3,0.116
190.56,1.72,2,0.061
40.09,3.75,2,0.38
64.0,2.94,2,0.344
212.45,2.25,1,0.056
141.86,3.1,2,0.097
27.68,13.83,3,0.094
30.73,2.59,1,0.283
38.0,2.51,2,0.338
29.57,14.66,3,0.086
194.48,1.89,2,0.07
34.47,10.28,3,0.129
26.6,14.3,2,0.105
32.1,9.44,3,0.149
34.9,0.82,1,0.037
50.58,4.2,1,0.257
255.87,2.27,2,0.082
28.71,0.84,1,0.045
26.11,14.27,4,0.147
230.38,1.31,3,0.067
19.68,3.06,1,0.352
22.61,0.88,1,0.03
19.1,1.13,1,0.017
57.94,3.06,2,0.452
212.28,1.55,1,0.053
29.52,1.83,1,0.009
31.75,1.9,2,0.382
52.06,2.05,3,0.448
59.08,3.06,2,0.402
47.19,16.64,1,0.036
30.23,1.71,3,0.322
32.1,0.99,1,0.018
33.86,10.39,3,0.131
22.15,0.36,1,0.048
32.96,16.41,2,0.142
54.17,14.29,4,0.096
34.02,2.76,2,0.371
28.62,0.84,2,0.028
131.69,1.77,2,0.049
183.52,1.85,2,0.016
32.45,12.8,3,0.166
13.98,1.48,1,0.015
32.25,13.03,4,0.137
183.43,1.21,2,0.052
24.23,0.82,1,0.032
38.34,10.91,3,0.114
27.11,1.06,2,0.012
28.93,2.38,3,0.434
161.08,1.77,1,0.0
44.21,12.73,3,0.139
35.6,12.7,3,0.108
218.95,3.26,2,0.058
43.62,2.51,3,0.334
35.41,5.11,2,0.412
212.09,2.52,1,0.0
41.96,9.2,5,0.06
33.06,3.17,1,0.372
232.07,1.25,3,0.026
39.71,2.79,1,0.418
48.9,10.97,3,0.056
242.53,0.98,1,0.066
50.61,2.08,2,0.246
161.76,2.35,2,0.111
27.04,0.65,1,0.009
25.96,1.81,1,0.032
28.15,2.93,1,0.476
154.37,1.51,3,0.046
35.72,10.7,3,0.137
61.36,3.69,2,0.353
36.71,14.61,3,0.12
33.97,14.24,4,0.076
36.11,12.94,3,0.106
238.98,1.09,2,0.04
29.3,0.88,1,0.001
45.46,15.34,3,0.134
23.52,11.53,3,0.114
32.22,10.7,3,0.125
208.85,2.14,2,0.09
40.2,2.98,2,0.214
37.13,2.73,3,0.172
34.64,14.73,4,0.007
180.48,2.25,2,0.071
40.9,12.35,2,0.134
33.75,17.37,3,0.124
246.71,2.25,3,0.042
194.43,2.22,3,0.035
36.18,13.01,2,0.115
170.28,2.02,1,0.059
180.19,2.02,2,0.063
37.67,1.51,2,0.331
44.27,5.04,2,0.256
50.54,2.96,3,0.175
246.97,1.66,1,0.056
39.99,11.28,3,0.171
187.46,1.65,2,0.053
23.12,0.42,2,0.003
57.97,4.35,1,0.32
40.36,4.38,3,0.365
244.7,1.47,2,0.059
57.23,1.99,1,0.366
22.22,1.49,2,0.525
33.77,14.95,2,0.146
21.31,1.22,2,0.41
38.38,11.36,2,0.083
43.61,9.58,4,0.053
31.66,0.6,1,0.01
229.66,1.25,1,0.04
24.14,0.59,1,0.003
63.65,3.29,2,0.389
205.5,1.59,3,0.001
61.09,3.73,2,0.283
29.94,13.01,2,0.075
29.18,10.06,2,0.059
51.73,2.17,2,0.572
10.74,1.16,1,0.04
173.01,1.92,1,0.099
242.19,2.12,1,0.026
39.91,7.66,2,0.102
18.86,1.46,1,0.04
23.09,1.63,1,0.031
47.39,3.09,2,0.193
207.18,1.62,2,0.06
29.07,9.93,4,0.052
20.75,9.06,2,0.109
16.36,11.53,3,0.005
239.07,2.31,2,0.0
38.17,10.88,5,0.122
44.77,2.92,2,0.376
33.91,9.67,3,0.076
54.33,9.58,3,0.139
206.83,1.67,1,0.045
35.48,7.94,2,0.096
119.15,1.87,1,0.032
35.2,2.62,2,0.344
55.95,4.57,2,0.274
62.7,2.89,2,0.225
35.38,2.79,3,0.354
37.28,11.07,3,0.158
149.92,1.76,3,0.066
27.02,1.82,1,0.022
31.75,6.37,2,0.141
28.09,11.18,2,0.093
19.76,2.22,1,0.045
241.78,2.04,1,0.036
49.35,13.61,4,0.112
34.31,8.97,2,0.153
33.86,10.82,1,0.014
185.43,1.84,1,0.041
155.18,1.65,1,0.054
29.0,10.88,4,0.079
18.01,1.5,2,0.024
34.0,10.95,2,0.05
26.89,8.88,3,0.132
55.34,3.09,2,0.151
32.64,10.0,2,0.114
64.02,3.54,2,0.45
42.46,4.72,3,0.42
225.72,2.29,3,0.019
29.54,1.6,1,0.004
151.5,3.15,2,0.057
229.85,2.3,4,0.051
21.59,1.06,1,0.009
275.65,1.8,2,0.002
30.57,1.07,1,0.03
36.38,10.83,4,0.145
25.77,11.22,3,0.078
46.66,3.07,1,0.304
266.06,2.05,2,0.058
50.18,3.7,2,0.264
38.11,3.33,2,0.404
37.1,12.78,4,0.012
183.39,2.12,1,0.029
51.48,3.1,2,0.374
245.47,1.83,1,0.047
184.73,1.89,3,0.078
17.28,0.89,1,0.009
30.55,7.93,2,0.099
29.79,10.62,4,0.142
25.15,10.97,3,0.072
31.63,0.83,2,0.047
225.8,1.69,3,0.031
35.68,2.24,2,0.338
151.84,1.23,3,0.081
37.12,9.92,3,0.105
37.25,12.05,3,0.135
50.88,1.99,2,0.399
157.85,2.09,2,0.032
131.04,1.85,2,0.065
34.23,1.32,1,0.0
142.54,2.25,2,0.05
21.49,1.37,1,0.046
57.66,3.13,3,0.434
35.95,11.05,4,0.116
213.17,2.4,2,0.035
164.46,1.9,2,0.013
38.2,11.32,4,0.091
183.92,2.3,2,0.016
33.96,14.09,3,0.067
40.0,10.54,4,0.082
230.57,2.58,3,0.064
57.82,12.63,5,0.084
39.6,13.44,2,0.072
46.92,3.75,2,0.296
30.78,10.06,2,0.06
19.97,16.48,3,0.115
147.11,2.52,2,0.067
29.44,0.59,1,0.0
22.82,1.18,1,0.012
17.86,1.49,1,0.015
250.22,2.05,2,0.0
29.3,3.49,2,0.314
19.32,0.2,1,0.003
30.98,13.16,2,0.068
194.37,2.08,2,0.039
36.48,14.22,3,0.03
231.48,1.1,3,0.078
235.19,2.17,2,0.015
25.55,2.65,1,0.349
40.74,14.41,4,0.1
42.96,13.93,4,0.079
31.65,13.87,2,0.115
54.4,4.21,2,0.454
41.0,2.26,2,0.335
29.65,1.33,1,0.011
39.03,12.71,2,0.063
38.65,15.6,2,0.058
25.06,1.35,2,0.01
35.43,16.83,3,0.118
56.52,10.37,3,0.122
192.6,1.73,3,0.125
52.42,2.13,2,0.357
191.83,1.78,2,0.011
169.73,2.54,3,0.086
29.94,10.34,3,0.118
181.01,3.42,2,0.085
212.49,2.23,1,0.03
23.66,3.08,3,0.555
46.46,13.96,3,0.045
231.97,1.56,2,0.045
37.45,3.67,2,0.434
204.47,2.22,2,0.077
37.11,10.29,3,0.069
25.27,2.51,2,0.466
253.98,1.48,2,0.098
41.71,10.98,4,0.09
49.17,14.75,3,0.064
62.19,4.57,2,0.307
28.44,12.64,2,0.111
210.01,1.76,2,0.059
222.62,2.27,2,0.038
32.62,11.42,3,0.047
226.64,2.59,2,0.06
193.91,2.25,2,0.031
56.73,4.67,2,0.288
32.06,0.34,1,0.0
38.77,16.07,3,0.091
36.56,12.92,3,0.081
179.93,1.48,2,0.034
116.29,2.4,2,0.059
35.3,14.38,3,0.05
152.31,1.79,1,0.061
31.52,11.37,5,0.182
17.91,1.25,1,0.009
27.15,9.43,3,0.079
15.11,0.81,2,0.036
217.09,2.25,2,0.046
44.63,2.76,2,0.411
52.25,2.58,2,0.407
30.77,14.66,2,0.139
44.75,7.95,3,0.141
215.85,1.47,1,0.056
30.69,13.75,4,0.081
33.66,9.79,2,0.055
22.53,0.84,1,0.035
57.11,2.82,2,0.302
46.62,14.3,4,0.066
225.79,2.06,2,0.041
26.31,1.53,1,0.012
37.86,1.0,1,0.024
35.65,13.98,2,0.051
157.42,2.2,2,0.019
59.66,3.41,2,0.358
32.14,12.69,3,0.127
231.24,2.12,2,0.07
29.07,0.47,1,0.0
206.49,2.81,2,0.016
20.42,1.17,1,0.017
177.06,1.49,3,0.058
29.35,12.11,3,0.012
158.84,2.74,1,0.08
40.03,3.38,2,0.247
46.92,2.41,1,0.248
28.6,1.56,1,0.0
43.25,13.35,3,0.136
40.19,1.93,2,0.391
213.47,1.56,1,0.066
40.02,2.23,2,0.515
56.05,2.91,1,0.524
166.97,0.69,3,0.093
39.7,15.65,4,0.185
213.96,1.02,2,0.041
188.43,2.48,3,0.0
177.28,2.1,2,0.04
43.05,8.19,3,0.135
188.69,2.81,2,0.08
29.31,1.53,1,0.005
175.62,1.66,2,0.02
45.03,13.01,4,0.155
182.1,2.41,2,0.045
185.91,1.52,1,0.042
50.07,3.04,1,0.382
43.41,3.17,2,0.252
251.7,1.64,2,0.065
24.6,1.47,1,0.0
199.9,2.87,3,0.06
33.9,0.42,1,0.031
40.91,1.66,1,0.251
181.92,1.91,2,0.088
185.85,1.91,2,0.054
25.33,1.39,1,0.0
30.29,0.88,1,0.033
200.58,2.26,2,0.078
61.88,3.37,1,0.209
249.78,1.46,2,0.05
149.85,1.6,1,0.046
38.69,2.96,2,0.411
21.04,9.49,3,0.146
47.64,11.5,4,0.102
43.99,11.31,2,0.178
49.42,3.55,1,0.261
219.0,2.1,2,0.036
67.5,2.1,2,0.39
60.11,3.28,2,0.375
53.08,3.63,2,0.442
230.59,2.22,2,0.103
49.97,3.43,2,0.327
192.33,1.21,3,0.096
225.17,1.68,2,0.003
30.04,12.33,4,0.186
30.42,14.08,4,0.115
26.74,10.74,4,0.092
20.38,0.7,1,0.0
180.27,1.91,2,0.101
37.86,3.02,2,0.393
33.44,8.92,2,0.108
220.86,1.96,1,0.089
167.16,3.16,3,0.001
48.68,2.75,2,0.215
46.91,10.52,3,0.108
172.5,1.76,1,0.056
230.7,2.14,2,0.06
132.28,2.28,2,0.038
43.89,11.41,3,0.066
46.15,3.61,2,0.357
34.27,1.8,2,0.339
51.77,3.1,2,0.347
25.23,1.31,1,0.013
19.7,0.4,1,0.021
34.36,11.42,3,0.047
51.12,2.32,2,0.391
24.21,1.04,1,0.022
47.66,13.62,3,0.064
38.99,3.34,2,0.336
175.56,0.63,2,0.008
45.32,18.05,3,0.13
229.21,1.48,1,0.087
41.6,3.28,3,0.344
181.78,1.36,2,0.062
42.11,3.6,2,0.486
40.85,15.15,4,0.102
23.05,0.78,1,0.0
57.71,3.32,3,0.265
57.23,3.92,2,0.209
26.17,14.47,1,0.111
253.6,2.62,2,0.007
45.75,1.62,2,0.268
151.71,2.92,2,0.043
45.15,2.74,2,0.345
31.03,3.79,3,0.377
232.97,2.57,2,0.023
197.55,1.78,2,0.055
36.4,12.07,3,0.151
43.03,12.32,2,0.074
27.43,1.13,1,0.023
36.4,2.65,2,0.305
46.8,9.01,2,0.035
236.42,2.61,2,0.073
37.75,2.67,2,0.14
25.09,9.47,2,0.074
32.1,13.15,3,0.097
49.58,2.61,3,0.382
189.04,1.52,1,0.076
31.76,12.06,3,0.121
22.02,1.31,1,0.011
57.09,2.69,2,0.232
39.09,16.3,1,0.092
19.46,0.84,1,0.004
31.13,11.72,2,0.067
31.25,13.72,3,0.106
56.44,1.67,2,0.434
36.67,9.51,3,0.053
163.64,2.19,2,0.043
53.47,17.46,2,0.095
27.67,0.66,1,0.019
36.54,15.13,2,0.149
37.89,0.76,1,0.0
21.42,12.8,4,0.158
19.14,15.64,3,0.038
35.05,12.05,4,0.086
10.47,0.26,1,0.054
38.61,7.16,3,0.105
221.07,2.67,2,0.059
30.7,11.05,4,0.101
26.37,0.86,1,0.0
28.21,0.59,1,0.011
248.64,1.79,2,0.133
41.78,10.35,4,0.095
200.64,2.01,1,0.07
34.11,11.52,5,0.117
18.51,0.62,2,0.02
154.24,1.75,2,0.052
194.3,1.29,2,0.061
39.66,4.62,2,0.474
164.37,2.52,3,0.023
30.54,0.79,1,0.0
203.58,2.46,2,0.041
203.77,2.92,3,0.012
40.0,3.49,3,0.274
229.66,2.93,2,0.006
27.92,1.2,1,0.021
228.34,1.73,2,0.045
176.86,2.27,2,0.027
32.6,9.6,3,0.071
178.46,2.49,1,0.015
13.86,0.89,1,0.028
35.11,3.36,2,0.443
31.88,6.41,4,0.032
30.68,11.21,3,0.134
48.95,3.26,1,0.435
48.85,2.26,2,0.262
38.14,10.32,3,0.087
180.95,1.35,1,0.089
24.23,0.82,1,0.013
56.74,1.29,1,0.456
43.97,12.11,3,0.105
71.68,2.92,3,0.344
26.64,13.84,3,0.151
29.3,2.27,2,0.439
30.09,1.23,1,0.055
24.8,15.13,3,0.085
37.0,13.27,4,0.086
207.01,2.18,2,0.049
28.56,1.72,1,0.007
35.16,10.28,2,0.135
165.19,1.43,2,0.038
227.89,2.24,2,0.002
38.71,2.82,2,0.348
25.76,1.26,1,0.057
42.58,3.5,1,0.448
32.21,13.99,2,0.067
30.83,9.95,2,0.044
23.43,11.76,2,0.175
36.8,1.92,1,0.317
209.77,1.82,2,0.011
52.58,3.13,2,0.476
171.56,1.96,2,0.054
42.12,2.24,2,0.403
22.63,0.34,2,0.028
241.3,1.82,2,0.129
30.2,15.3,4,0.031
37.78,3.62,1,0.201
166.93,1.94,3,0.064
234.75,1.35,4,0.057
180.73,1.76,2,0.056
34.53,13.23,3,0.116
59.25,3.06,2,0.323
202.83,1.12,2,0.054
29.51,0.2,1,0.003
178.47,2.45,3,0.0
47.87,12.4,2,0.13
47.8,6.02,3,0.121
40.54,3.51,2,0.434
218.95,1.58,1,0.046
197.59,2.12,2,0.08
27.44,11.91,3,0.125
161.93,2.37,1,0.08
47.81,2.66,3,0.455
199.19,2.24,2,0.029
155.0,1.16,2,0.044
179.57,1.97,3,0.025
41.43,10.63,3,0.082
27.35,3.2,2,0.332
198.5,1.25,2,0.055
37.84,8.51,1,0.107
164.93,2.25,3,0.049
235.51,2.13,1,0.039
38.33,3.03,2,0.329
35.31,14.13,4,0.081
51.86,2.03,2,0.409
25.49,18.14,3,0.105
223.71,2.65,2,0.005
32.56,0.83,1,0.006
38.01,0.66,2,0.0
20.26,2.82,2,0.44
29.37,0.97,2,0.006
28.06,1.32,1,0.031
206.91,1.2,2,0.083
190.31,2.01,2,0.114
21.12,0.91,1,0.023
211.34,2.52,1,0.042
232.19,1.76,2,0.081
41.77,2.57,3,0.257
48.21,3.24,2,0.366
48.86,4.14,2,0.325
41.43,13.12,4,0.153
49.55,2.85,2,0.354
146.05,2.15,1,0.004
53.33,13.58,3,0.088
29.77,13.93,4,0.158
25.69,0.81,1,0.011
231.07,1.09,2,0.007
173.41,1.09,2,0.057
202.63,1.95,3,0.028
35.93,1.87,2,0.4
45.14,2.13,2,0.257
21.87,0.94,1,0.012
55.75,2.41,2,0.288
31.87,11.46,3,0.065
54.3,2.25,1,0.221
58.85,3.39,2,0.241
179.62,2.12,1,0.074
195.06,1.24,2,0.019
206.25,1.63,2,0.029
42.4,2.92,2,0.387
34.26,9.63,2,0.17
167.05,1.93,3,0.0
140.52,2.38,2,0.025
227.98,1.64,2,0.0
56.42,2.74,2,0.211
29.71,8.21,2,0.05
20.83,8.56,4,0.134
227.08,2.68,2,0.055
206.01,2.62,2,0.082
20.97,3.63,1,0.435
49.7,11.18,4,0.096
33.17,1.29,1,0.005
24.36,1.94,3,0.581
230.17,1.72,3,0.055
55.89,2.48,2,0.476
41.85,12.43,4,0.105
52.72,9.02,3,0.106
46.65,9.77,3,0.08
24.03,0.93,1,0.019
164.91,1.83,2,0.029
219.57,2.52,3,0.105
27.81,0.92,1,0.0
61.14,2.55,1,0.554
32.79,3.48,1,0.322
42.94,10.03,2,0.077
48.02,3.13,2,0.336
46.04,2.45,2,0.258
29.49,13.53,3,0.142
25.88,0.9,1,0.007
30.65,0.99,1,0.02
36.46,1.0,3,0.404
55.01,3.41,2,0.452
37.04,12.94,3,0.087
26.45,1.14,1,0.007
203.02,0.72,3,0.073
38.26,10.22,4,0.147
38.77,13.04,3,0.09
24.71,11.06,2,0.089
226.43,1.21,2,0.051
57.0,3.04,2,0.392
20.79,0.64,1,0.0
41.65,10.5,1,0.055
57.29,3.86,1,0.354
46.27,3.22,2,0.308
44.25,3.05,2,0.377
63.42,3.7,2,0.464
152.22,1.37,2,0.056
37.84,13.38,4,0.166
25.99,0.94,1,0.055
37.73,0.2,2,0.365
42.06,15.3,2,0.134
44.57,18.53,3,0.092
36.43,10.71,3,0.12
26.92,1.34,1,0.0
39.95,11.34,2,0.014
25.39,13.17,4,0.072
54.97,2.49,3,0.234
63.97,2.86,2,0.214
262.33,1.69,2,0.01
40.19,11.72,3,0.127
28.24,9.56,2,0.01
19.53,0.84,1,0.064
62.79,2.08,2,0.411
197.03,2.38,2,0.025
38.25,1.85,2,0.565
35.13,11.11,3,0.085
24.93,3.73,2,0.315
179.4,1.7,3,0.135
39.25,2.35,2,0.354
41.12,14.07,2,0.037
244.69,1.61,2,0.061
178.78,2.34,2,0.076
226.36,1.95,1,0.03
42.51,2.5,2,0.362
33.29,12.21,4,0.129
184.05,1.37,2,0.067
21.14,3.65,2,0.304
32.69,11.89,2,0.132
34.24,10.29,3,0.138
49.32,10.43,3,0.039
35.78,10.84,4,0.076
41.72,14.48,4,0.127
230.84,2.06,1,0.051
53.12,3.4,2,0.213
27.63,0.91,1,0.029
228.58,2.42,2,0.052
36.61,3.59,2,0.509
43.88,12.86,4,0.11
48.97,1.56,2,0.328
34.07,1.24,1,0.0
189.01,1.62,1,0.067
195.78,1.59,2,0.086
23.19,1.41,1,0.0
143.8,1.16,3,0.055
188.88,1.85,3,0.009
42.5,0.71,2,0.374
43.59,2.1,2,0.442
51.96,15.85,4,0.14
36.93,4.19,3,0.08
53.17,3.58,2,0.419
29.59,0.51,1,0.052
24.08,1.59,1,0.034
147.6,0.92,3,0.053
233.87,1.17,2,0.044
41.21,15.24,4,0.1
26.0,14.34,3,0.116
22.28,1.06,1,0.0
198.7,1.95,3,0.033
55.53,1.56,1,0.274
23.57,0.85,1,0.031
44.76,3.58,2,0.373
156.57,1.52,4,0.032
40.54,18.3,2,0.113
25.95,0.35,1,0.038
33.1,14.54,2,0.117
37.14,2.88,1,0.324
35.04,12.67,4,0.083
142.17,3.07,2,0.082
23.66,14.36,4,0.059
38.73,3.84,1,0.418
27.55,10.59,4,0.043
201.01,2.45,3,0.07
195.98,1.54,1,0.01
61.33,4.57,2,0.249
22.38,1.06,2,0.0
38.84,10.28,3,0.097
28.51,1.29,2,0.045
63.89,2.59,3,0.285
36.71,2.57,2,0.408
244.72,2.27,2,0.044
50.43,2.94,1,0.272
24.61,0.73,1,0.001
38.11,10.03,4,0.131
187.32,1.57,1,0.081
36.92,4.11,2,0.337
200.26,2.23,3,0.033
27.69,0.62,1,0.0
54.95,3.47,2,0.333
60.31,4.21,1,0.281
42.3,3.98,2,0.419
38.0,9.25,3,0.122
56.66,2.64,2,0.406
22.68,1.35,1,0.02
47.17,8.6,3,0.019
36.64,11.27,4,0.063
188.45,2.55,2,0.067
239.73,1.97,3,0.12
247.32,1.61,1,0.1
24.81,16.45,3,0.091
28.54,0.54,1,0.0
34.82,1.76,3,0.408
30.08,13.72,3,0.097
35.24,1.22,1,0.008
26.92,14.37,3,0.118
185.41,2.55,3,0.069
27.69,10.9,3,0.161
39.18,7.77,3,0.09
29.52,0.39,1,0.027
23.27,9.39,3,0.049
39.32,3.07,3,0.396
247.38,2.26,1,0.03
26.37,15.89,3,0.144
33.23,2.83,2,0.381
177.43,2.06,2,0.07
29.68,12.54,2,0.104
146.28,2.61,2,0.03
16.15,15.82,4,0.076
199.03,1.42,2,0.03
19.21,0.76,1,0.031
163.14,1.94,2,0.063
23.45,1.63,1,0.003
181.36,1.29,2,0.072
181.71,1.83,3,0.024
48.03,12.76,3,0.135
51.36,1.51,2,0.376
184.78,1.67,2,0.038
24.97,0.59,1,0.002
37.98,3.52,2,0.394
42.33,11.63,2,0.089
220.63,1.26,2,0.021
33.61,12.77,1,0.12
28.45,14.26,2,0.087
32.74,12.33,3,0.106
46.98,14.84,3,0.049
51.47,3.1,2,0.501
34.74,14.36,2,0.106
40.61,4.22,2,0.394
39.33,8.32,4,0.082
202.5,1.86,2,0.04
33.38,0.2,1,0.013
52.03,2.52,2,0.474
208.7,2.67,2,0.065
46.05,3.82,2,0.362
24.12,1.62,1,0.009
59.35,2.62,1,0.356
200.92,1.34,2,0.068
31.11,10.42,4,0.048
194.38,2.47,3,0.023
249.42,1.71,3,0.041
163.91,1.77,2,0.083
227.35,1.41,2,0.01
14.16,0.86,1,0.026
25.75,11.31,4,0.162
223.13,2.27,3,0.04
202.55,1.53,2,0.0
36.99,1.61,1,0.016
19.69,1.35,2,0.028
21.85,8.68,5,0.048
37.24,15.47,2,0.061
36.83,10.22,4,0.157
30.58,14.26,3,0.166
45.43,9.08,4,0.125
43.66,3.5,2,0.295
26.81,0.54,1,0.047
247.19,2.43,2,0.062
201.63,1.92,2,0.036
21.39,1.05,1,0.0
43.38,5.69,1,0.2
56.43,2.16,2,0.345
33.5,0.98,1,0.04
37.7,3.39,3,0.328
37.0,10.44,4,0.128
217.61,1.17,3,0.088
203.74,1.85,3,0.027
215.54,0.91,2,0.085
202.73,1.86,1,0.068
27.64,12.01,3,0.092
33.59,13.29,2,0.107
23.88,1.04,1,0.05
170.25,1.78,3,0.09
42.83,14.03,3,0.137
190.92,1.47,2,0.073
45.83,11.37,2,0.088
30.95,13.78,5,0.048
186.54,1.83,2,0.099
12.75,0.82,1,0.027
197.27,2.5,3,0.025
42.0,2.43,1,0.383
217.57,1.96,1,0.042
41.66,13.75,4,0.064
35.42,9.22,2,0.077
193.76,1.54,2,0.029
41.84,14.44,4,0.131
193.13,1.7,2,0.031
61.22,3.19,2,0.514
26.93,1.49,1,0.015
31.92,14.75,2,0.069
37.5,2.13,2,0.59
30.92,0.53,2,0.02
208.41,1.84,1,0.046
23.62,1.41,1,0.021
183.32,2.01,2,0.028
47.65,2.07,2,0.439
181.61,2.15,3,0.054
192.43,1.2,2,0.062
241.32,1.49,1,0.081
27.52,0.63,2,0.054
181.4,0.98,2,0.065
37.64,3.1,2,0.187
27.63,0.95,1,0.028
45.48,11.67,4,0.053
38.78,15.28,4,0.145
30.48,3.05,2,0.368
20.49,12.95,3,0.132
31.36,14.09,3,0.152
196.14,1.95,2,0.0
11.29,13.98,2,0.145
41.83,12.04,2,0.137
37.86,18.9,4,0.18
175.97,1.04,1,0.062
33.39,12.78,3,0.114
23.59,1.15,1,0.001
67.11,2.33,2,0.433
37.8,12.03,4,0.141
36.6,10.93,2,0.166
229.43,1.65,2,0.052
44.52,1.77,2,0.204
38.89,10.48,3,0.141
46.55,2.1,3,0.311
60.24,2.08,2,0.276
33.99,0.71,1,0.003
186.75,1.92,2,0.043
44.37,1.99,2,0.435
36.09,10.58,3,0.165
35.57,13.65,4,0.107
42.74,12.66,2,0.054
154.07,2.39,2,0.014
44.49,13.66,2,0.072
18.91,1.01,1,0.013
14.42,1.04,2,0.028
44.14,13.68,2,0.116
183.13,1.03,2,0.041
20.3,9.1,4,0.044
14.35,1.13,1,0.046
31.19,10.76,2,0.039
39.16,2.97,2,0.352
36.03,14.74,3,0.035
20.3,1.49,1,0.0
181.02,1.44,2,0.083
181.58,2.21,2,0.046
35.58,12.14,2,0.128
248.29,1.57,1,0.034
230.84,2.07,3,0.041
38.03,11.08,3,0.145
43.31,0.96,1,0.249
31.3,3.68,2,0.46
33.97,10.86,2,0.103
25.57,2.14,2,0.507
210.58,2.5,1,0.049
28.82,0.94,1,0.02
24.2,11.92,2,0.039
20.49,1.21,1,0.021
40.18,12.58,4,0.148
45.95,2.1,1,0.153
30.8,11.49,3,0.0
31.67,10.86,3,0.029
186.07,2.08,2,0.033
214.56,2.7,2,0.071
48.68,3.77,3,0.36
200.2,2.07,2,0.055
41.17,13.18,4,0.079
237.96,2.41,2,0.013
191.36,1.8,2,0.004
168.61,2.94,2,0.073
43.34,8.13,3,0.093
27.77,3.89,2,0.368
31.43,12.52,3,0.088
47.75,1.86,3,0.215
38.08,11.22,4,0.074
247.68,2.42,2,0.073
225.5,1.58,2,0.022
31.5,0.6,1,0.02
144.3,1.08,1,0.04
42.91,14.04,1,0.11
36.8,11.9,3,0.123
198.44,2.53,2,0.057
51.67,3.45,3,0.322
39.94,1.46,1,0.02
37.56,4.31,2,0.313
183.24,1.96,2,0.033
168.12,1.16,2,0.052
23.95,15.62,4,0.09
18.06,10.82,4,0.053
30.0,11.35,5,0.0
45.22,3.06,3,0.252
44.29,3.27,3,0.291
166.84,1.22,3,0.051
42.51,2.71,1,0.193
35.13,1.5,2,0.506
53.13,13.07,4,0.137
43.25,2.3,2,0.487
45.49,3.35,2,0.159
23.17,0.3,1,0.01
38.39,2.32,2,0.244
47.48,3.46,3,0.248
148.39,1.18,3,0.004
177.71,2.37,3,0.069
156.17,1.0,1,0.036
192.08,1.58,3,0.092
34.13,3.13,1,0.348
30.5,11.05,2,0.125
213.79,3.77,2,0.046
184.63,2.55,1,0.024
46.8,3.2,2,0.329
24.93,0.98,1,0.008
214.16,1.61,2,0.0
38.67,10.18,3,0.106
28.31,7.52,2,0.135
155.08,1.03,2,0.087
175.34,2.85,3,0.006
25.13,10.33,3,0.084
58.0,2.37,2,0.269
217.04,2.49,1,0.0
27.31,9.82,4,0.066
30.88,9.56,4,0.1
40.99,6.74,2,0.169
27.18,1.11,1,0.057
35.47,11.3,4,0.068
226.62,2.6,1,0.073
32.6,2.43,3,0.403
42.19,4.12,2,0.351
56.74,3.65,1,0.356
24.21,13.87,4,0.121
51.43,3.61,3,0.269
213.64,1.67,1,0.06
31.95,1.26,1,0.0
200.83,1.65,2,0.028
34.95,1.79,2,0.429
38.44,2.97,2,0.336
70.24,3.1,2,0.317
52.55,2.16,2,0.424
233.02,2.26,2,0.034
179.35,2.31,1,0.053
60.94,1.55,2,0.362
56.5,2.29,2,0.321
40.95,10.32,3,0.071
66.85,1.79,2,0.411
27.04,1.63,1,0.032
67.28,3.1,2,0.249
211.65,2.04,1,0.055
61.56,2.76,2,0.274
39.2,2.99,2,0.37
54.7,2.84,3,0.357
167.98,1.75,1,0.025
35.65,10.86,2,0.13
33.25,13.04,4,0.085
23.82,0.82,1,0.02
203.91,0.41,3,0.051
54.59,3.28,2,0.382
200.18,1.87,2,0.042
39.67,12.83,2,0.02
179.45,3.75,2,0.033
27.89,1.34,1,0.0
51.16,12.08,3,0.079
18.24,0.71,1,0.05
29.39,11.71,2,0.16
45.46,14.57,2,0.112
232.53,1.04,2,0.042
195.46,2.12,2,0.041
42.55,2.28,3,0.21
224.53,0.51,2,0.105
40.97,3.27,3,0.375
166.11,1.84,3,0.064
39.67,11.85,3,0.033
27.34,8.54,3,0.054
217.38,1.72,2,0.097
44.27,3.0,2,0.381
54.08,3.17,3,0.174
15.12,0.2,1,0.007
44.3,11.62,2,0.062
37.37,1.77,3,0.379
22.87,1.51,1,0.05
43.11,3.58,2,0.434
26.23,1.04,1,0.0
31.28,10.23,3,0.065
34.69,10.72,4,0.104
30.59,13.77,3,0.117
21.6,1.63,1,0.013
44.63,2.16,1,0.274
32.95,3.08,3,0.226
20.44,0.37,1,0.004
27.91,0.73,1,0.012
44.67,15.24,1,0.102
46.25,13.02,2,0.09
32.51,0.46,2,0.003
168.6,2.69,2,0.032
28.03,15.28,5,0.057
192.39,3.15,2,0.053
37.31,2.96,2,0.321
24.27,1.43,1,0.008
45.18,10.41,3,0.1
27.36,1.84,1,0.03
26.25,2.95,2,0.344
40.43,11.0,4,0.06
44.25,1.92,1,0.358
44.44,15.41,3,0.112
181.87,1.97,2,0.091
20.54,1.21,1,0.03
199.97,2.29,2,0.079
38.41,1.75,2,0.34
38.63,13.09,4,0.111
200.59,0.75,2,0.035
217.35,1.7,2,0.0
193.61,1.64,3,0.0
213.69,1.31,2,0.14
36.9,4.59,2,0.343
164.25,2.53,1,0.05
35.75,13.2,2,0.121
25.05,1.24,1,0.057
59.95,3.12,2,0.368
37.0,1.38,1,0.012
52.8,3.16,2,0.365
36.82,17.03,2,0.098
36.82,1.48,2,0.389
171.84,0.56,3,0.032
34.12,1.23,1,0.027
194.46,1.64,3,0.048
54.75,2.44,2,0.403
234.27,2.13,2,0.058
36.67,1.95,2,0.352
41.19,11.01,3,0.056
179.49,1.67,2,0.059
186.0,2.23,1,0.063
171.58,2.4,1,0.1
61.52,2.91,2,0.33
35.91,13.58,3,0.07
192.71,1.91,3,0.106
32.05,8.07,4,0.026
31.74,1.81,2,0.424
50.94,3.49,2,0.414
230.57,1.92,1,0.029
172.74,1.66,3,0.05
22.17,13.27,2,0.149
41.9,11.25,3,0.061
34.71,14.06,3,0.138
66.9,4.36,2,0.379
37.62,2.17,2,0.455
17.38,0.71,1,0.001
261.45,2.46,2,0.114
22.25,0.84,1,0.019
56.2,12.5,2,0.089
47.05,3.85,1,0.349
210.93,0.85,2,0.049
36.68,13.22,3,0.052
15.99,1.06,1,0.0
212.18,2.43,2,0.038
34.44,4.86,3,0.418
44.11,10.03,3,0.136
39.82,2.35,2,0.323
216.64,1.21,2,0.07
253.75,1.48,2,0.0
32.75,3.05,2,0.255
38.56,2.92,2,0.338
37.51,10.22,3,0.087
33.69,2.41,2,0.345
29.88,0.79,1,0.003
31.44,15.33,5,0.192
183.09,2.46,2,0.042
137.37,1.99,1,0.052
43.88,10.04,4,0.118
201.08,1.32,1,0.083
49.43,4.69,3,0.255
26.19,0.98,1,0.019
21.43,13.05,3,0.111
60.48,2.71,1,0.329
41.28,10.02,3,0.121
53.4,12.05,3,0.181
176.95,1.47,2,0.096
19.44,2.24,1,0.005
41.95,12.93,3,0.027
186.29,3.44,2,0.092
45.5,3.12,2,0.361
38.46,9.3,2,0.062
184.46,1.41,2,0.058
63.28,3.3,2,0.276
53.42,2.87,2,0.228
187.11,2.12,3,0.051
246.97,1.46,2,0.089
18.03,0.89,1,0.037
41.44,3.33,1,0.358
31.63,9.02,2,0.12
36.72,14.07,3,0.133
40.23,12.52,3,0.075
28.28,8.96,2,0.175
9.95,0.2,1,0.009
277.75,1.36,3,0.074
36.34,10.58,3,0.115
179.19,1.29,3,0.034
221.93,2.05,2,0.085
24.17,13.51,3,0.085
47.1,11.64,4,0.077
40.18,10.21,4,0.12
45.04,13.77,3,0.157
27.29,12.24,4,0.128
218.17,2.33,2,0.006
44.31,15.56,3,0.119
223.43,1.9,1,0.1
145.09,1.72,2,0.101
38.1,7.68,2,0.142
26.67,2.71,3,0.563
214.35,1.8,2,0.034
216.19,1.82,1,0.026
32.68,15.13,2,0.149
28.6,16.21,4,0.052
51.59,3.07,1,0.278
31.53,3.1,2,0.321
188.18,1.98,2,0.043
238.33,2.44,3,0.0
206.23,3.27,3,0.046
43.25,11.16,3,0.062
34.78,2.54,2,0.404
172.93,1.49,3,0.09
23.49,0.72,2,0.026
32.11,12.94,4,0.122
217.51,1.99,2,0.003
47.63,2.06,2,0.227
34.88,3.51,2,0.269
45.3,11.65,3,0.071
256.59,1.07,3,0.04
33.1,0.71,1,0.047
29.64,2.6,2,0.37
216.31,1.59,2,0.014
40.22,2.88,2,0.347
194.54,2.18,1,0.025
40.32,2.29,2,0.322
205.07,1.46,2,0.028
29.14,1.36,1,0.0
40.75,12.5,2,0.09
19.83,0.53,1,0.036
40.47,11.78,2,0.14
189.16,3.21,2,0.073
36.12,14.95,3,0.076
40.04,14.94,2,0.095
33.17,11.09,3,0.07
28.5,1.96,2,0.0
41.68,10.41,4,0.061
219.24,1.7,3,0.045
25.33,0.37,1,0.023
70.55,2.27,2,0.287
37.38,12.75,2,0.131
36.5,9.32,3,0.108
16.19,0.85,1,0.012
50.23,3.53,3,0.363
224.11,2.04,2,0.023
33.44,4.19,2,0.228
252.82,3.01,3,0.061
45.87,2.77,2,0.439
232.97,1.55,2,0.029
47.32,8.69,3,0.137
184.72,1.19,2,0.017
50.43,9.25,3,0.079
27.25,12.96,4,0.118
31.42,11.34,2,0.114
44.43,2.7,2,0.305
39.39,2.26,3,0.265
36.11,10.5,3,0.029
54.68,1.46,2,0.26
213.54,2.92,1,0.0
28.36,12.88,4,0.139
204.68,0.81,2,0.056
50.66,10.15,3,0.103
216.02,2.48,1,0.051
48.68,3.1,3,0.224
28.4,0.92,1,0.011
44.53,1.95,2,0.337
20.08,8.01,4,0.042
174.2,2.27,2,0.08
145.07,2.16,2,0.033
55.56,3.42,2,0.28
207.05,3.59,2,0.046
179.0,1.6,2,0.022
48.77,12.28,4,0.098
31.0,12.75,3,0.044
33.2,3.68,2,0.292
13.41,1.09,1,0.003
21.86,0.42,1,0.026
220.5,2.08,2,0.059
39.5,1.34,2,0.011
39.11,13.1,1,0.17
182.82,2.27,2,0.036
20.3,1.13,1,0.011
53.88,2.93,2,0.231
202.0,2.28,2,0.021
197.88,2.98,2,0.039
157.06,2.87,2,0.075
52.67,4.71,2,0.314
25.68,11.49,2,0.096
44.6,3.32,1,0.334
169.08,1.14,2,0.025
215.9,1.22,1,0.052
25.54,8.0,4,0.126
51.57,1.92,2,0.292
46.26,3.86,2,0.322
52.78,2.07,1,0.297
44.52,11.5,3,0.052
46.81,2.78,2,0.297
179.27,2.08,2,0.062
38.28,2.88,2,0.234
20.27,1.66,1,0.01
185.93,2.09,1,0.028
30.68,1.97,1,0.262
23.82,11.79,3,0.118
217.94,1.38,1,0.107
26.52,0.57,1,0.009
16.82,1.31,1,0.003
59.15,3.74,2,0.336
71.99,2.62,2,0.264
23.19,1.17,1,0.062
27.47,1.18,1,0.055
28.46,1.32,2,0.014
28.5,10.94,3,0.09
44.2,10.32,3,0.005
45.82,3.23,2,0.292
38.12,1.39,1,0.022
31.34,16.45,3,0.141
151.27,1.21,2,0.089
29.51,15.71,2,0.078
38.33,12.13,3,0.147
201.07,1.01,3,0.092
249.13,2.0,2,0.009
32.23,14.03,2,0.035
44.74,2.36,2,0.452
22.69,0.89,1,0.006
35.62,3.53,2,0.426
188.79,1.68,2,0.086
261.73,1.12,3,0.025
42.37,9.84,4,0.122
170.43,2.17,2,0.06
49.28,3.41,2,0.354
33.13,12.47,2,0.109
32.71,12.37,3,0.178
231.51,1.7,1,0.0
159.49,1.23,3,0.01
51.65,3.01,3,0.274
215.22,0.97,2,0.02
49.47,1.39,3,0.342
37.55,2.74,1,0.37
228.33,1.74,2,0.018
191.66,1.81,3,0.078
39.15,14.82,3,0.011
38.82,13.03,2,0.079
202.86,1.24,2,0.066
198.9,1.74,2,0.012
35.64,14.47,4,0.055
197.72,1.66,2,0.066
47.36,4.09,2,0.415
43.73,3.96,2,0.277
33.03,1.38,1,0.019
214.52,2.32,1,0.049
201.35,2.54,1,0.073
32.2,2.18,3,0.266
205.65,2.07,2,0.039
155.54,2.29,2,0.038
45.67,1.72,2,0.272
200.28,2.27,2,0.049
183.02,1.58,1,0.06
14.27,0.25,1,0.033
37.37,1.47,1,0.0
143.83,2.32,1,0.068
177.99,1.71,2,0.057
51.24,11.03,2,0.132
31.67,13.4,4,0.071
39.84,10.32,3,0.097
32.45,10.84,3,0.085
41.17,10.42,4,0.082
210.56,2.45,2,0.022
199.6,1.87,2,0.048
56.38,3.21,2,0.358
45.37,8.99,3,0.029
25.65,10.76,4,0.107
205.92,2.83,2,0.076
14.72,9.79,2,0.156
227.18,1.07,3,0.081
27.71,11.66,2,0.035
45.87,1.53,1,0.314
16.71,13.09,2,0.144
25.78,0.61,1,0.015
42.25,12.59,3,0.153
206.74,2.34,1,0.093
29.82,0.21,1,0.046
214.02,1.49,2,0.094
34.77,1.02,1,0.05
168.2,2.0,2,0.048
188.23,2.71,2,0.04
54.63,2.07,1,0.325
46.88,4.09,2,0.349
177.77,1.6,2,0.0
41.58,3.6,2,0.335
29.79,2.51,1,0.334
24.42,11.51,2,0.152
42.45,2.78,1,0.378
42.08,3.07,2,0.297
283.2,1.82,2,0.032
51.01,3.3,2,0.276
34.3,13.3,2,0.125
30.66,15.47,2,0.13
244.31,2.71,2,0.002
32.03,11.01,2,0.107
209.36,2.33,1,0.075
48.22,1.13,3,0.454
193.81,3.43,1,0.0
34.85,2.43,2,0.249
21.68,0.98,1,0.006
31.58,2.82,2,0.332
43.73,2.93,3,0.365
35.07,9.08,3,0.055
182.27,1.58,3,0.066
28.51,9.71,2,0.054
32.86,6.94,3,0.151
57.17,3.97,2,0.491
184.87,1.48,2,0.032
189.31,1.99,3,0.106
209.04,2.04,2,0.05
259.3,2.52,2,0.042
194.34,2.2,2,0.026
54.04,3.72,2,0.43
30.87,2.92,2,0.336
45.64,3.04,2,0.435
220.18,2.53,2,0.068
214.69,2.88,1,0.007
157.41,1.58,1,0.041
40.62,4.14,2,0.456
183.96,0.95,2,0.047
39.41,3.92,3,0.264
35.05,3.48,2,0.321
36.14,2.86,2,0.443
169.72,0.97,2,0.042
251.18,2.33,2,0.053
57.92,2.8,2,0.207
42.91,3.43,1,0.355
56.88,2.67,2,0.257
30.83,0.74,1,0.02
26.6,13.35,4,0.115
30.95,16.25,3,0.072
179.54,2.25,2,0.008
28.51,1.07,1,0.008
55.8,2.65,2,0.444
192.88,2.6,3,0.001
44.01,2.75,2,0.348
36.21,13.58,3,0.182
29.91,13.64,2,0.1
210.23,1.68,1,0.089
41.02,2.64,2,0.437
28.29,0.9,1,0.033
158.7,2.89,1,0.044
61.66,3.54,2,0.323
36.48,11.53,5,0.111
163.93,2.4,3,0.043
177.67,2.24,2,0.067
31.32,13.85,4,0.062
30.02,8.88,4,0.042
37.15,14.88,4,0.076
268.24,2.08,2,0.06
176.09,1.37,2,0.068
44.01,14.01,4,0.092
12.07,0.47,1,0.045
25.0,1.23,1,0.008
25.33,0.55,1,0.014
40.52,6.78,3,0.157
28.99,1.88,2,0.293
181.94,1.34,2,0.022
260.09,1.79,2,0.0
35.98,7.27,3,0.145
132.56,1.88,2,0.034
25.66,1.84,1,0.05
22.75,0.97,1,0.008
47.93,3.92,2,0.294
38.21,11.77,3,0.084
30.84,1.13,1,0.0
25.39,1.03,1,0.048
44.46,2.19,2,0.475
24.19,0.71,1,0.017
223.37,1.37,2,0.022
48.08,2.88,3,0.451
26.14,15.2,2,0.01
39.72,14.93,4,0.067
46.08,3.36,2,0.21
201.36,2.91,2,0.028
49.82,2.29,2,0.416
226.37,2.75,2,0.072
26.75,1.07,1,0.054
26.01,12.9,4,0.148
36.02,2.36,2,0.284
247.51,3.04,2,0.044
29.71,10.57,3,0.099
23.95,1.32,1,0.076
25.97,1.07,1,0.023
43.1,3.3,2,0.432
46.59,2.67,2,0.352
43.06,3.38,2,0.515
130.19,3.13,2,0.071
21.75,10.32,4,0.124
197.99,2.28,2,0.122
35.71,16.69,3,0.111
189.13,1.49,3,0.05
225.13,1.38,2,0.089
154.07,2.23,2,0.028
25.6,17.13,1,0.131
31.0,13.45,3,0.079
27.09,1.17,2,0.06
195.3,1.82,2,0.046
48.89,3.3,1,0.488
45.01,14.01,4,0.21
40.4,14.59,4,0.107
143.62,1.83,2,0.116
42.61,2.76,2,0.378
227.07,1.41,1,0.038
61.12,3.51,2,0.339
185.23,0.63,1,0.04
32.79,0.56,1,0.008
32.86,14.4,3,0.112
32.7,0.32,2,0.0
49.26,3.1,2,0.337
47.29,3.28,3,0.393
31.64,2.43,2,0.462
19.48,2.49,3,0.452
29.52,13.84,2,0.139
22.64,1.46,1,0.025
38.12,12.07,3,0.132
59.0,3.69,2,0.379
38.0,4.35,2,0.416
228.52,2.52,1,0.084
36.62,10.85,5,0.096
217.57,2.12,2,0.061
51.26,2.35,2,0.349
34.01,16.96,2,0.095
179.77,1.52,2,0.058
40.33,2.71,2,0.328
35.41,11.95,4,0.144
25.8,1.52,1,0.012
49.67,14.97,3,0.196
45.58,9.23,4,0.0
23.03,0.95,1,0.064
14.5,10.43,3,0.104
32.38,12.76,4,0.038
32.5,9.95,3,0.154
199.39,1.96,2,0.052
25.46,0.76,1,0.008
279.73,1.15,2,0.025
234.71,1.64,1,0.062
16.49,0.96,1,0.038
21.32,15.57,2,0.066
199.42,1.43,1,0.071
40.62,9.98,3,0.057
221.59,3.01,2,0.064
50.15,4.41,2,0.476
25.35,11.02,3,0.098
162.48,1.95,1,0.063
47.78,3.26,2,0.247
22.85,15.92,2,0.023
36.2,3.17,2,0.366
258.11,2.67,2,0.056
203.47,3.37,2,0.083
38.1,3.67,2,0.45
59.51,3.4,2,0.334
54.41,15.01,3,0.151
36.36,13.93,3,0.141
32.67,11.5,3,0.093
45.79,12.09,3,0.089
39.05,3.56,3,0.371
19.26,0.87,1,0.022
36.36,0.92,1,0.016
41.69,13.94,3,0.088
27.12,1.07,1,0.044
22.66,17.74,4,0.096
266.96,2.74,1,0.058
29.95,1.14,1,0.013
45.63,12.2,2,0.136
46.94,3.54,3,0.324
148.2,1.93,2,0.097
22.59,0.78,1,0.027
25.16,3.53,2,0.272
37.79,11.9,3,0.098
30.85,1.01,1,0.03
192.76,2.26,3,0.052
39.27,12.28,4,0.117
164.99,2.07,2,0.087
40.24,12.81,3,0.137
34.66,1.13,1,0.025
199.78,2.95,2,0.051
190.33,2.26,1,0.063
39.53,10.99,4,0.036
51.86,3.65,3,0.326
39.48,9.87,4,0.077
19.01,13.86,3,0.108
19.42,0.2,1,0.0
55.65,4.75,2,0.446
40.31,13.84,2,0.151
193.47,1.31,3,0.053
175.6,2.47,3,0.072
58.38,2.66,2,0.327
244.22,2.03,2,0.094
22.15,1.29,1,0.0
22.75,8.13,2,0.177
33.21,9.66,3,0.02
214.71,2.44,2,0.057
37.51,13.78,2,0.035
194.21,3.26,2,0.079
44.14,3.26,2,0.44
60.92,4.56,2,0.303
50.56,3.28,2,0.364
22.85,1.2,1,0.036
211.9,2.41,2,0.066
47.4,12.85,4,0.17
15.38,2.68,2,0.342
40.41,9.84,3,0.053
178.78,2.48,2,0.032
13.55,2.19,2,0.256
229.93,1.02,3,0.041
23.14,0.72,1,0.0
149.01,2.27,2,0.051
25.55,0.82,1,0.02
44.48,2.38,1,0.269
44.98,3.02,2,0.431
26.55,10.2,4,0.148
31.35,1.16,1,0.038
44.03,2.95,2,0.207
43.29,10.4,4,0.08
199.85,1.84,2,0.022
26.13,9.03,4,0.169
33.38,1.83,2,0.473
50.68,12.44,2,0.124
189.33,1.28,2,0.066
21.24,0.94,1,0.0
27.3,1.16,1,0.018
186.07,1.61,3,0.073
173.95,2.11,2,0.067
202.16,2.38,1,0.0
45.93,3.88,2,0.358
48.78,3.0,2,0.301
63.65,3.37,2,0.297
231.24,1.52,2,0.044
45.34,3.58,1,0.357
197.66,2.71,2,0.032
33.82,13.17,2,0.123
213.6,2.81,3,0.067
195.64,1.63,1,0.092
47.51,2.76,3,0.281
16.27,0.44,1,0.0
50.08,2.07,2,0.328
185.82,1.88,2,0.042
34.55,11.59,3,0.121
28.9,0.65,1,0.03
19.68,0.36,1,0.005
237.55,1.48,2,0.049
37.88,8.47,3,0.07
35.3,9.79,3,0.11
195.71,2.05,2,0.002
37.29,13.02,2,0.155
23.84,15.45,2,0.105
181.71,1.57,2,0.079
20.7,0.74,2,0.057
171.62,2.45,2,0.037
38.35,10.5,3,0.139
26.29,13.69,2,0.162
47.89,8.9,3,0.072
40.37,13.59,2,0.116
227.04,1.8,2,0.048
21.44,0.87,1,0.0
22.86,0.47,1,0.012
201.51,3.11,2,0.133
236.96,1.85,2,0.0
22.56,0.81,1,0.023
187.02,2.01,1,0.045
48.07,3.02,2,0.494
33.55,2.37,3,0.345
193.59,2.09,3,0.076
32.28,10.7,2,0.131
53.66,2.48,2,0.405
156.26,1.5,2,0.044
55.64,4.14,2,0.38
57.23,3.81,2,0.311
66.99,2.25,2,0.404
211.38,1.93,2,0.086
44.06,2.88,2,0.324
185.79,3.04,1,0.086
229.98,2.31,2,0.059
23.94,1.42,1,0.027
167.39,2.0,2,0.014
49.63,3.0,2,0.385
40.35,10.75,2,0.065
167.93,2.54,1,0.037
22.62,1.39,1,0.0
44.94,10.17,3,0.138
183.97,1.97,1,0.05
44.42,9.72,1,0.068
35.33,15.44,4,0.052
200.82,2.11,2,0.123
35.26,14.82,4,0.149
44.35,3.43,2,0.354
165.2,2.19,3,0.034
174.13,1.98,3,0.044
51.06,15.18,3,0.106
42.74,3.25,3,0.323
42.49,3.09,1,0.398
45.69,3.78,2,0.329
43.33,8.07,2,0.052
34.89,4.05,2,0.395
153.34,2.6,3,0.068
54.71,3.81,1,0.418
39.6,4.15,1,0.197
12.43,11.0,3,0.106
28.03,11.73,3,0.111
26.89,13.21,3,0.106
35.32,16.49,4,0.064
21.05,8.14,3,0.162
39.04,10.61,4,0.159
208.54,1.41,2,0.074
49.73,11.8,3,0.155
181.15,2.45,3,0.037
52.76,2.7,2,0.245
237.96,2.43,1,0.05
29.57,2.26,2,0.373
171.15,1.5,1,0.006
35.89,3.06,2,0.491
205.99,2.73,1,0.037
31.51,12.17,2,0.132
42.79,12.36,3,0.131
204.99,1.36,2,0.0
157.25,2.36,3,0.092
37.94,10.98,3,0.119
64.89,2.9,2,0.353
36.33,16.6,4,0.126
34.65,10.17,4,0.073
26.99,0.23,1,0.012
37.56,2.54,2,0.477
34.18,10.1,3,0.109
40.27,8.53,2,0.189
235.84,2.33,2,0.059
29.72,11.51,3,0.164
40.28,8.96,2,0.111
48.58,2.99,3,0.302
23.54,2.6,3,0.259
32.3,11.55,2,0.141
28.34,1.2,1,0.023
43.88,4.14,1,0.244
28.27,10.72,2,0.011
174.41,1.29,1,0.084
49.47,3.33,2,0.364
39.14,3.56,2,0.47
39.32,2.36,1,0.35
23.88,0.87,2,0.0
42.11,11.37,3,0.188
33.41,1.75,1,0.037
48.61,9.87,2,0.179
24.48,1.12,1,0.027
36.88,2.93,2,0.316
49.09,3.59,2,0.437
44.82,2.8,2,0.335
174.7,3.1,1,0.033
39.33,14.91,4,0.092
29.41,11.97,3,0.098
235.31,2.42,1,0.098
27.16,11.25,4,0.086
24.6,16.21,4,0.095
38.77,7.24,4,0.197
228.5,2.61,2,0.045
175.42,2.07,2,0.058
59.67,2.2,2,0.308
224.13,1.48,1,0.02
44.48,4.02,1,0.357
19.13,1.52,1,0.005
44.49,2.17,3,0.38
202.52,1.96,2,0.031
34.57,13.16,2,0.092
212.14,2.1,1,0.053
220.85,2.41,2,0.042
243.95,2.59,2,0.011
45.19,15.97,3,0.097
50.1,5.49,2,0.389
22.01,11.78,4,0.155
189.44,1.89,2,0.075
157.84,2.03,1,0.069
34.18,11.23,2,0.164
31.09,11.28,3,0.112
42.92,2.42,2,0.22
220.28,2.08,1,0.044
24.86,0.92,1,0.038
61.58,3.29,1,0.289
58.85,3.85,2,0.302
199.27,1.69,2,0.066
36.89,10.82,4,0.076
38.94,2.42,2,0.351
35.25,5.12,2,0.098
171.72,1.96,2,0.0
41.69,14.75,3,0.045
124.6,2.07,2,0.095
203.18,2.33,2,0.0
202.21,2.22,2,0.064
37.01,2.73,1,0.359
32.62,10.02,3,0.054
187.55,1.89,2,0.051
40.62,9.73,2,0.121
259.01,1.85,3,0.007
39.58,2.18,1,0.24
62.51,4.26,2,0.22
16.76,1.34,1,0.036
32.65,8.47,4,0.151
47.09,3.55,2,0.266
29.46,1.26,1,0.044
28.61,11.46,4,0.051
47.76,4.06,2,0.487
43.14,12.59,2,0.112
30.28,0.41,1,0.029
22.82,0.55,1,0.0
42.0,12.8,4,0.042
59.42,3.57,2,0.303
34.8,13.71,4,0.118
35.0,3.62,2,0.354
58.3,2.5,3,0.485
24.0,0.94,1,0.003
184.19,1.82,2,0.033
26.93,3.88,2,0.443
42.42,4.5,2,0.392
222.2,1.94,1,0.021
222.95,1.99,2,0.075
240.14,1.55,2,0.022
37.98,2.94,2,0.378
57.4,3.46,1,0.297
40.33,1.92,3,0.306
30.82,11.06,2,0.115
37.93,3.49,2,0.258
36.88,13.73,3,0.015
150.25,1.33,2,0.047
25.52,1.42,2,0.032
24.34,0.95,1,0.027
25.32,3.45,2,0.319
58.43,2.16,2,0.316
17.63,1.02,1,0.027
53.34,3.2,2,0.344
49.85,4.15,3,0.084
35.12,12.43,4,0.12
21.23,1.27,1,0.042
255.99,2.06,1,0.032
42.47,2.17,2,0.421
45.65,2.18,2,0.423
211.81,2.4,1,0.017
33.62,16.18,3,0.07
46.74,11.8,4,0.091
53.59,3.31,2,0.385
28.89,1.01,2,0.016
36.81,11.29,1,0.103
35.73,3.75,2,0.319
50.1,3.26,2,0.28
296.65,2.09,2,0.075
39.85,3.79,3,0.412
209.76,1.24,2,0.072
184.32,2.58,2,0.084
253.33,1.26,1,0.043
214.76,1.42,3,0.039
57.64,4.4,1,0.266
26.24,1.86,1,0.028
39.63,12.33,3,0.038
28.87,17.77,3,0.119
205.72,1.94,2,0.089
240.91,2.47,3,0.006
42.47,16.94,3,0.111
30.54,11.32,4,0.062
165.1,2.19,2,0.026
168.12,1.73,2,0.033
39.22,13.78,3,0.151
170.73,1.2,3,0.059
43.76,10.43,3,0.139
47.38,2.45,2,0.205
192.35,2.13,2,0.022
17.35,12.78,3,0.063
211.01,2.44,2,0.043
238.54,1.54,1,0.04
43.18,4.45,3,0.368
36.87,3.34,2,0.284
25.65,16.43,3,0.135
12.27,0.51,1,0.048
39.94,3.76,2,0.191
32.1,2.73,2,0.331
25.72,0.76,1,0.015
188.97,3.27,2,0.005
26.1,0.32,1,0.01
46.69,3.68,2,0.398
185.78,1.77,2,0.068
57.6,2.15,2,0.427
21.69,1.17,1,0.013
29.56,0.6,1,0.032
15.45,0.51,1,0.029
39.08,3.1,1,0.397
33.34,13.65,4,0.104
37.02,11.18,3,0.127
153.67,2.2,2,0.036
198.61,1.37,2,0.029
151.25,3.01,3,0.042
20.86,13.23,3,0.084
47.14,16.91,3,0.092
30.99,13.28,2,0.125
25.96,0.69,1,0.066
22.26,1.42,1,0.002
199.6,2.35,2,0.086
16.55,1.05,1,0.0
26.72,1.46,2,0.024
24.02,13.57,2,0.109
31.65,13.78,4,0.079
34.52,10.34,2,0.054
31.95,7.8,3,0.132
237.22,1.1,3,0.045
258.84,1.87,2,0.022
44.97,3.24,2,0.347
67.2,2.89,2,0.324
19.83,1.19,1,0.033
227.69,1.72,2,0.014
51.41,2.65,2,0.351
42.64,4.38,4,0.131
43.95,3.82,1,0.239
43.75,2.47,3,0.34
37.7,14.71,3,0.064
25.84,16.09,3,0.119
48.3,2.42,2,0.37
38.39,3.86,1,0.27
44.2,1.74,2,0.37
31.63,0.95,1,0.003
36.67,13.05,2,0.053
42.46,10.59,2,0.116
52.82,3.3,2,0.437
51.55,2.89,2,0.499
22.97,1.34,1,0.0
49.25,1.04,2,0.296
39.52,2.82,2,0.248
28.01,3.77,2,0.25
42.0,11.17,4,0.051
43.12,11.06,3,0.079
184.47,1.73,2,0.022
29.66,16.16,2,0.087
215.22,2.54,2,0.054
144.11,2.54,3,0.013
38.36,11.59,4,0.141
21.25,0.9,1,0.016
37.56,15.93,4,0.103
175.39,2.31,1,0.076
18.94,9.51,2,0.103
33.17,13.55,3,0.094
209.27,2.45,3,0.084
28.45,14.18,2,0.026
20.09,10.54,3,0.099
40.65,3.35,2,0.293
249.74,1.73,2,0.016
30.24,10.29,2,0.107
199.83,3.18,2,0.051
44.34,2.72,2,0.262
51.93,12.43,4,0.133
27.52,1.07,1,0.037
171.43,0.85,2,0.056
145.88,2.53,1,0.024
238.69,2.67,2,0.034
58.06,2.72,2,0.351
233.33,1.14,2,0.008
24.25,1.99,1,0.023
194.91,1.85,2,0.058
171.27,1.54,3,0.042
38.17,3.47,2,0.326
205.02,1.52,2,0.017
49.4,4.31,2,0.345
47.37,3.1,2,0.295
40.07,3.9,1,0.237
32.19,0.92,1,0.003
184.57,2.41,2,0.054
19.85,0.96,1,0.018
217.68,2.5,2,0.058
35.25,2.49,3,0.303
36.64,15.28,4,0.081
37.04,2.82,2,0.403
47.24,3.13,1,0.378
22.85,0.8,1,0.048
55.8,2.43,2,0.45
21.27,3.2,1,0.371
44.52,2.98,2,0.272
14.04,0.94,1,0.058
52.3,2.42,1,0.402
35.57,15.14,2,0.105
165.78,2.17,2,0.043
201.52,1.63,2,0.077
19.78,1.05,1,0.012
185.5,1.91,2,0.099
77.23,2.74,2,0.296
31.09,0.2,1,0.026
176.67,2.38,1,0.046
226.43,1.62,2,0.054
28.7,0.43,1,0.005
26.8,1.05,1,0.037
47.87,2.84,2,0.277
217.68,1.76,2,0.0
29.92,0.91,1,0.045
31.25,7.63,3,0.143
48.73,16.33,3,0.175
25.91,2.93,2,0.342
229.44,1.76,2,0.05
32.95,11.93,2,0.115
188.9,2.67,2,0.051
230.72,1.53,2,0.063
63.34,2.56,2,0.164
48.07,13.05,5,0.172
24.32,0.2,1,0.039
41.17,12.31,3,0.002
35.14,4.0,2,0.394
219.78,2.25,2,0.057
238.45,2.81,3,0.072
161.16,0.8,2,0.064
272.55,2.14,1,0.021
22.65,0.45,1,0.0
220.86,2.75,3,0.013
41.01,3.87,2,0.348
27.56,1.99,2,0.357
53.54,2.66,3,0.288
32.36,1.01,1,0.01
21.17,16.8,3,0.049
33.99,0.86,1,0.024
65.0,0.88,2,0.338
37.64,9.98,3,0.092
24.31,0.61,2,0.012
39.23,6.99,3,0.029
191.66,1.47,1,0.068
171.78,1.78,2,0.0
203.88,2.04,2,0.043
28.86,9.64,3,0.091
236.99,1.93,2,0.033
39.45,14.57,3,0.104
29.44,3.88,2,0.385
186.02,1.99,1,0.077
44.84,11.78,2,0.108
26.36,12.38,3,0.097
54.29,1.89,1,0.177
40.15,2.74,2,0.253
32.67,14.85,2,0.142
42.8,13.57,3,0.028
44.58,3.95,2,0.475
47.1,2.9,2,0.537
36.1,12.56,3,0.189
175.73,2.07,2,0.088
154.05,2.2,2,0.078
33.51,3.3,2,0.376
22.58,1.35,1,0.011
223.01,2.25,2,0.096
189.79,1.65,2,0.011
15.19,0.79,2,0.024
44.5,2.59,2,0.328
38.06,16.36,2,0.05
29.84,1.28,1,0.029
147.59,2.71,1,0.039
27.19,13.11,3,0.151
198.69,1.42,2,0.05
35.53,11.22,2,0.085
39.97,10.13,2,0.141
31.95,12.99,4,0.066
51.91,10.8,3,0.122
33.62,8.89,3,0.048
157.88,0.9,1,0.075
29.43,13.14,2,0.13
36.25,17.18,2,0.088
22.92,12.01,2,0.129
28.08,10.37,3,0.081
41.86,2.88,3,0.267
28.31,13.79,3,0.166
154.85,2.75,2,0.033
37.28,11.0,3,0.076
27.93,6.79,2,0.101
42.91,3.32,2,0.453
213.54,1.94,2,0.026
183.18,1.41,2,0.059
40.01,8.67,3,0.022
49.93,1.87,3,0.187
216.92,2.56,3,0.045
26.06,13.21,3,0.074
38.26,3.3,2,0.397
42.04,12.67,3,0.035
30.33,0.77,1,0.017
23.74,8.85,4,0.134
36.68,16.79,3,0.078
31.27,0.67,1,0.008
27.2,10.23,4,0.09
42.7,13.92,3,0.091
38.93,3.27,3,0.397
29.95,12.97,2,0.058
31.47,15.21,3,0.131
29.93,13.99,4,0.141
188.46,1.15,2,0.033
39.53,2.81,2,0.326
34.9,9.16,3,0.07
183.77,1.29,2,0.029
30.04,3.41,3,0.261
28.42,1.49,1,0.045
31.46,1.69,2,0.295
273.89,1.71,2,0.061
22.59,1.22,1,0.038
49.37,3.3,2,0.32
208.76,1.5,1,0.007
50.45,2.83,2,0.378
30.6,10.78,3,0.101
34.99,14.09,3,0.157
213.15,1.46,1,0.038
203.67,1.08,1,0.074
51.26,2.78,2,0.253
218.26,1.46,1,0.03
62.01,2.3,3,0.441
50.02,4.71,2,0.227
35.13,10.46,1,0.08
192.79,1.18,3,0.019
33.7,2.33,2,0.365
32.72,18.19,2,0.174
28.63,11.73,2,0.092
44.44,2.5,1,0.376
205.96,2.52,1,0.038
27.23,1.12,1,0.026
194.02,1.8,2,0.108
154.52,1.11,3,0.0
170.8,1.51,2,0.087
270.32,1.18,2,0.09
23.55,2.25,2,0.438
34.74,12.56,4,0.159
56.5,2.66,2,0.517
26.91,5.87,3,0.047
44.04,15.66,4,0.083
40.64,12.32,4,0.116
26.96,11.7,3,0.127
19.17,1.2,1,0.019
16.26,13.88,3,0.041
25.51,1.26,1,0.045
17.07,3.6,1,0.374
30.2,10.17,3,0.142
158.56,1.92,2,0.077
30.46,1.32,1,0.0
232.15,2.16,2,0.0
183.52,1.83,2,0.06
186.42,2.17,2,0.028
41.75,12.64,3,0.099
205.55,1.04,2,0.073
26.8,1.88,1,0.005
51.36,3.14,2,0.458
21.57,0.35,1,0.044
26.66,0.61,2,0.048
23.11,1.65,1,0.012
36.64,13.96,2,0.086
34.37,12.91,2,0.082
204.45,1.73,2,0.108
136.35,2.07,2,0.021
23.61,0.99,1,0.019
260.11,3.09,2,0.016
227.23,1.95,2,0.032
203.48,2.7,2,0.053
25.0,1.85,2,0.027
174.09,1.45,2,0.0
191.03,1.52,2,0.064
22.38,0.41,1,0.002
40.58,2.81,3,0.367
245.22,1.7,1,0.043
37.39,3.66,2,0.38
27.38,1.0,1,0.015
40.71,14.01,3,0.167
50.6,1.36,2,0.378
48.26,2.96,2,0.354
188.57,1.03,1,0.029
55.23,4.44,1,0.216
45.39,2.75,1,0.312
32.83,1.21,1,0.026
212.67,2.15,2,0.062
23.26,8.32,4,0.151
35.15,2.86,2,0.333
27.14,0.45,1,0.01
23.55,14.12,2,0.149
43.34,3.05,2,0.332
208.08,2.45,2,0.031
41.39,7.75,3,0.061
28.6,13.69,4,0.064
213.26,2.59,2,0.078
33.1,3.57,3,0.356
28.95,8.94,3,0.155
40.58,4.04,2,0.325
27.76,1.11,1,0.0
59.18,3.52,2,0.361
26.34,11.39,3,0.11
21.4,4.17,2,0.438
235.09,2.36,3,0.02
33.75,1.22,2,0.011
44.77,2.61,2,0.321
34.72,2.95,1,0.314
21.93,1.32,1,0.078
33.37,12.0,4,0.133
143.13,1.73,2,0.039
28.29,0.57,1,0.02
34.93,13.42,3,0.044
200.99,0.82,2,0.038
181.23,2.1,3,0.106
26.68,12.11,3,0.104
27.56,1.23,1,0.004
214.01,2.4,2,0.076
34.42,10.77,3,0.148
25.76,1.28,1,0.001
25.47,1.25,1,0.0
43.88,16.83,3,0.023
58.76,2.94,2,0.322
49.02,2.08,2,0.342
25.21,5.85,3,0.144
33.19,2.92,1,0.427
32.51,1.61,2,0.396
256.91,1.26,1,0.076
44.22,4.24,2,0.276
237.57,2.47,2,0.114
34.49,10.77,4,0.092
34.19,14.75,3,0.085
44.25,2.67,1,0.308
49.43,13.12,1,0.085
44.29,4.02,1,0.304
45.71,2.26,2,0.4
26.77,1.54,1,0.336
18.22,9.32,3,0.079
49.65,12.54,3,0.135
154.92,2.25,3,0.0
229.8,2.36,2,0.0
200.01,2.01,2,0.068
31.85,1.2,2,0.006
234.66,2.51,3,0.091
50.82,8.05,3,0.098
49.02,3.82,3,0.436
33.78,7.63,3,0.108
57.88,1.91,2,0.401
213.0,2.59,2,0.049
39.7,3.4,2,0.483
45.61,14.43,3,0.092
55.34,2.35,2,0.254
51.16,10.72,3,0.117
25.98,1.87,2,0.434
216.81,1.57,3,0.071
26.74,9.73,4,0.089
191.92,0.95,2,0.03
21.77,1.42,1,0.011
26.48,0.76,1,0.035
271.67,1.65,3,0.028
50.33,3.1,1,0.223
59.14,2.84,2,0.326
32.31,10.83,2,0.1
36.56,2.7,2,0.383
30.18,12.21,3,0.127
207.38,2.54,2,0.043
39.94,2.76,1,0.51
34.53,3.33,3,0.28
221.99,2.53,1,0.034
26.04,12.47,2,0.165
35.25,13.57,2,0.139
42.09,2.77,3,0.286
56.84,3.71,2,0.397
41.52,15.82,1,0.179
138.3,2.18,2,0.126
221.9,0.92,2,0.049
39.24,9.77,5,0.088
195.02,2.14,2,0.017
199.64,2.01,1,0.05
26.34,13.23,3,0.149
26.63,0.92,1,0.029
8.76,0.63,1,0.003
149.15,1.41,2,0.068
38.37,13.82,3,0.067
223.66,1.97,2,0.07
31.06,2.78,1,0.371
198.32,2.95,2,0.092
33.13,6.36,3,0.109
199.48,2.09,2,0.0
42.64,4.27,1,0.313
43.96,3.74,2,0.411
45.44,2.06,2,0.365
29.09,10.47,5,0.127
25.14,11.09,2,0.079
230.8,2.41,2,0.004
46.26,1.22,2,0.329
264.76,1.61,2,0.036
29.96,7.98,3,0.108
41.03,2.17,2,0.158
32.91,12.37,3,0.161
53.19,3.84,2,0.447
42.9,2.29,2,0.341
226.54,1.65,3,0.0
42.47,2.75,3,0.535
56.96,3.08,2,0.366
30.23,17.77,2,0.13
190.41,2.11,2,0.074
48.16,2.54,2,0.364
37.64,1.62,2,0.348
198.91,3.4,2,0.086
66.08,2.37,1,0.356
22.36,1.28,1,0.05
22.99,11.97,1,0.03
28.56,21.96,3,0.128
45.49,3.81,3,0.377
56.3,2.74,3,0.215
205.0,2.35,2,0.043
197.91,2.58,2,0.049
16.08,0.59,1,0.002
188.64,3.59,1,0.082
43.59,3.42,2,0.256
211.68,1.12,1,0.063
125.54,1.57,2,0.018
179.25,2.62,1,0.061
222.33,2.2,2,0.03
24.74,12.63,4,0.128
191.78,2.41,2,0.059
177.17,1.95,2,0.011
44.92,2.75,1,0.407
176.39,2.13,2,0.091
35.06,14.05,4,0.115
53.35,1.6,2,0.169
36.94,3.19,2,0.32
185.14,2.69,1,0.053
175.46,2.21,2,0.094
170.26,2.59,3,0.019
33.76,10.63,3,0.048
33.84,15.27,3,0.097
210.84,2.02,2,0.051
28.74,10.49,2,0.074
244.89,2.78,2,0.062
184.22,0.94,1,0.056
46.26,2.99,2,0.253
214.43,1.81,2,0.118
22.24,0.7,1,0.06
55.86,2.61,2,0.393
50.4,3.78,2,0.386
203.81,1.99,2,0.064
34.74,12.41,4,0.106
45.37,17.48,4,0.074
32.35,9.17,3,0.026
14.78,0.95,1,0.0
17.76,1.58,1,0.001
159.64,2.27,2,0.066
198.2,1.97,3,0.021
26.51,12.72,2,0.127
62.67,4.06,2,0.337
201.18,1.59,2,0.043
23.16,1.31,1,0.025
41.48,9.51,5,0.093
34.06,17.69,2,0.056
231.02,0.68,1,0.015
33.13,13.57,2,0.128
39.4,9.58,3,0.196
19.45,1.02,1,0.019
219.19,3.94,2,0.059
189.7,1.2,3,0.004
255.89,1.79,1,0.079
23.64,6.95,4,0.05
24.12,1.68,1,0.06
24.15,0.95,1,0.052
53.04,3.05,2,0.408
38.09,11.95,3,0.106
28.65,1.01,2,0.045
40.77,2.34,1,0.295
52.08,3.45,2,0.269
226.36,1.97,3,0.087
201.52,1.58,1,0.021
29.9,1.51,2,0.006
32.17,3.35,3,0.507
229.49,1.63,2,0.077
32.85,3.62,2,0.439
196.21,2.21,2,0.048
40.18,2.96,3,0.306
47.79,3.14,2,0.336
39.46,12.26,3,0.179
47.99,1.69,1,0.236
36.89,2.79,1,0.449
198.83,2.58,3,0.029
45.73,3.14,2,0.437
29.38,15.01,2,0.132
231.5,1.2,2,0.082
51.83,3.92,3,0.394
192.69,0.99,1,0.049
221.79,2.87,1,0.061
200.65,1.76,4,0.021
22.28,1.28,1,0.03
153.34,2.76,3,0.024
193.27,1.98,3,0.057
37.21,2.69,2,0.364
33.1,13.32,3,0.066
30.69,1.36,1,0.026
204.59,2.11,3,0.057
32.75,0.72,1,0.045
202.43,2.05,1,0.051
34.12,3.32,2,0.349
187.37,2.8,2,0.016
36.37,3.55,2,0.349
46.09,12.0,2,0.103
33.8,0.91,1,0.02
27.95,10.71,3,0.129
21.89,1.25,2,0.021
206.01,2.96,1,0.057
126.38,2.29,2,0.043
227.21,1.77,3,0.062
32.51,10.61,2,0.068
25.78,0.61,2,0.0
219.62,2.38,3,0.055
40.82,10.94,3,0.107
54.16,3.34,3,0.259
251.52,2.14,2,0.012
190.49,0.87,2,0.023
32.24,14.18,4,0.139
207.25,2.54,2,0.053
23.16,11.36,4,0.073
183.97,1.67,3,0.024
33.8,9.68,4,0.091
203.35,1.68,2,0.014
233.93,2.58,2,0.032
35.93,2.02,1,0.041
23.94,1.28,1,0.041
30.33,11.83,3,0.085
44.15,16.1,4,0.103
182.47,1.9,2,0.055
190.81,2.33,2,0.085
245.31,2.67,2,0.063
20.09,0.6,1,0.0
32.73,0.9,1,0.014
18.24,1.22,1,0.013
54.72,2.58,2,0.325
35.76,12.86,5,0.107
39.0,9.06,4,0.165
43.59,12.71,1,0.051
42.98,2.5,3,0.319
58.03,3.17,1,0.377
24.27,2.1,1,0.029
34.88,11.63,3,0.088
183.59,1.18,1,0.047
32.86,9.86,4,0.147
45.02,3.55,2,0.387
44.74,5.9,3,0.096
220.1,1.98,2,0.039
32.12,14.26,2,0.11
170.48,1.8,2,0.064
192.79,1.39,3,0.004
58.22,2.05,2,0.476
46.99,2.78,2,0.417
197.75,2.23,2,0.029
246.68,2.52,1,0.041
39.51,11.94,3,0.06
216.11,1.31,1,0.0
44.94,1.93,3,0.235
41.23,3.28,3,0.466
210.82,1.62,2,0.041
186.33,2.73,1,0.106
205.5,2.91,1,0.091
28.18,16.65,2,0.101
46.71,3.17,3,0.316
42.13,2.58,2,0.337
49.4,2.48,2,0.426
225.43,1.27,3,0.008
24.63,1.03,1,0.045
39.15,10.3,4,0.098
20.6,9.15,2,0.092
39.32,16.03,3,0.079
28.39,12.05,3,0.176
202.42,1.79,2,0.037
218.62,1.95,2,0.068
24.7,0.37,1,0.033
38.14,8.24,3,0.089
37.42,5.99,3,0.143
20.61,9.22,2,0.143
44.93,11.83,3,0.088
52.34,2.45,2,0.406
40.5,3.41,3,0.335
22.06,0.34,1,0.019
53.63,3.57,2,0.348
27.56,1.13,1,0.04
28.35,11.3,4,0.088
187.07,2.13,2,0.0
33.74,1.33,1,0.025
49.41,13.85,2,0.093
48.86,2.41,2,0.398
206.16,1.3,2,0.022
45.85,2.97,2,0.504
43.63,3.04,2,0.456
207.72,0.77,3,0.007
47.51,3.67,1,0.491
34.73,10.32,3,0.046
66.09,3.67,1,0.401
197.46,0.86,4,0.066
199.39,2.53,2,0.066
224.28,1.69,2,0.0
19.15,1.21,1,0.019
48.37,6.95,2,0.083
45.26,2.82,2,0.424
141.94,1.37,1,0.076
205.36,1.57,2,0.033
213.75,2.32,2,0.034
24.02,1.45,1,0.036
66.18,3.23,2,0.441
44.34,11.15,2,0.141
35.17,2.44,2,0.384
38.77,3.86,2,0.297
29.99,14.09,3,0.102
32.61,14.86,3,0.078
37.99,12.52,3,0.108
248.47,2.01,2,0.026
25.3,7.28,4,0.081
32.58,10.43,4,0.071
41.55,2.33,2,0.282
32.47,16.91,3,0.146
217.34,2.02,1,0.107
31.13,2.88,2,0.449
24.77,9.06,3,0.0
229.83,2.26,1,0.037
47.41,13.46,3,0.099
29.18,8.5,3,0.026
24.11,10.31,4,0.105
35.21,2.92,2,0.333
214.62,2.29,1,0.095
28.81,18.28,2,0.136
43.22,2.9,2,0.398
214.05,1.6,2,0.027
36.4,3.52,2,0.4
45.9,12.06,4,0.024
30.04,13.13,3,0.123
46.79,3.02,3,0.337
15.08,1.49,1,0.005
57.64,2.7,3,0.29
220.08,1.75,2,0.065
218.41,1.83,1,0.083
20.98,0.93,1,0.047
36.02,11.31,4,0.086
29.17,1.56,2,0.323
218.96,2.02,1,0.052
28.6,1.67,1,0.019
43.89,8.83,2,0.052
213.55,2.19,1,0.0
184.99,2.5,2,0.058
26.66,3.97,2,0.291
41.14,11.64,4,0.126
33.35,1.34,1,0.032
33.66,9.31,4,0.127
26.55,0.82,1,0.015
216.23,2.03,2,0.056
163.36,1.61,2,0.068
186.89,1.72,1,0.035
25.52,7.73,3,0.112
186.17,2.01,3,0.019
221.03,2.03,2,0.065
22.21,1.0,1,0.006
41.62,9.64,3,0.083
62.67,4.12,2,0.388
44.74,1.48,2,0.211
222.47,1.39,2,0.063
33.62,12.58,2,0.086
51.1,3.32,2,0.326
165.35,1.97,2,0.005
26.48,0.88,1,0.016
56.96,2.06,2,0.251
240.38,1.56,2,0.116
204.54,2.89,2,0.063
180.58,2.81,2,0.08
42.49,11.41,3,0.138
30.13,9.87,3,0.102
48.56,10.74,2,0.096
217.1,3.13,1,0.089
52.44,10.94,3,0.025
54.12,2.75,2,0.335
22.27,3.04,1,0.375
107.81,1.53,3,0.045
30.1,1.36,1,0.033
169.99,1.99,2,0.08
30.67,0.52,1,0.001
33.74,12.22,3,0.161
21.41,1.9,1,0.022
33.67,13.74,2,0.16
31.25,0.99,1,0.006
242.03,1.59,2,0.087
19.88,15.04,4,0.128
27.48,0.62,1,0.022
150.45,1.81,2,0.051
38.11,15.21,2,0.077
52.74,4.26,2,0.263
27.52,11.87,2,0.129
203.2,1.47,1,0.082
30.96,3.32,3,0.273
48.6,3.27,2,0.432
48.99,11.11,2,0.0
37.97,13.59,4,0.068
35.81,2.95,2,0.377
23.76,1.18,1,0.02
225.69,1.34,2,0.023
36.95,6.98,4,0.081
24.27,12.72,3,0.103
54.64,1.1,2,0.398
37.87,16.58,3,0.112
47.29,15.35,3,0.097
32.31,15.1,2,0.116
282.4,2.59,1,0.048
26.01,1.46,1,0.032
222.91,1.84,3,0.132
17.95,0.45,1,0.027
35.74,2.72,2,0.374
46.75,2.19,2,0.2
42.14,2.64,1,0.513
41.33,9.78,4,0.093
228.17,1.9,2,0.039
35.55,1.64,1,0.079
29.05,0.79,1,0.026
26.62,1.4,1,0.009
205.09,2.57,3,0.083
116.18,2.34,2,0.0
164.33,2.24,3,0.05
15.34,1.46,1,0.036
187.44,2.13,1,0.052
28.16,15.35,1,0.049
44.0,11.59,2,0.096
34.32,9.21,4,0.103
27.29,0.95,1,0.0
216.87,2.89,3,0.101
23.61,1.33,1,0.02
184.7,1.87,1,0.06
187.69,2.94,1,0.033
27.36,0.97,1,0.01
49.14,2.64,1,0.381
48.77,7.0,1,0.143
21.56,0.96,1,0.0
207.64,1.27,2,0.069
42.8,14.63,2,0.096
181.76,1.81,2,0.041
33.95,10.45,4,0.067
31.46,0.84,1,0.04
225.72,1.19,3,0.075
34.78,1.03,1,0.063
43.9,2.73,2,0.428
39.55,3.41,2,0.176
242.09,1.13,3,0.091
41.99,2.92,2,0.346
38.02,15.07,2,0.179
34.88,12.1,3,0.034
21.38,0.82,2,0.02
171.32,2.09,3,0.055
40.1,13.22,4,0.148
39.78,2.89,2,0.34
251.81,2.4,2,0.03
31.65,6.69,2,0.096
33.68,8.88,2,0.093
41.62,14.63,2,0.126
61.99,1.83,2,0.351
202.71,1.27,3,0.038
29.23,15.94,3,0.07
33.93,2.55,2,0.28
21.44,1.1,1,0.013
189.13,2.16,3,0.052
46.03,3.34,2,0.191
42.22,2.89,1,0.211
203.83,0.59,2,0.039
27.35,12.98,2,0.14
66.16,2.38,3,0.371
33.03,12.56,3,0.16
30.48,12.33,4,0.119
26.66,15.46,3,0.097
67.49,4.09,2,0.339
38.72,13.36,3,0.114
42.31,8.34,2,0.124
28.02,11.53,3,0.108
39.03,2.21,1,0.401
16.87,9.96,4,0.031
47.61,14.28,4,0.123
41.4,3.21,3,0.468
40.11,15.83,2,0.117
196.61,2.0,2,0.07
34.84,12.67,4,0.099
28.17,10.18,4,0.104
191.66,2.55,2,0.037
52.37,5.12,1,0.283
30.49,1.06,1,0.04
169.19,2.2,2,0.047
27.22,0.95,1,0.011
21.97,0.96,1,0.005
188.54,1.34,2,0.062
41.35,3.6,1,0.189
30.33,2.73,2,0.273
22.98,0.86,1,0.034
41.59,8.1,4,0.05
56.62,2.18,1,0.346
40.79,3.57,3,0.3
210.66,1.25,2,0.022
30.22,10.75,3,0.13
58.58,1.86,2,0.323
20.77,1.01,1,0.019
194.65,1.29,2,0.146
209.37,1.79,3,0.081
31.25,11.36,2,0.109
158.55,2.9,2,0.103
226.28,2.78,2,0.0
28.73,8.56,5,0.073
43.47,2.88,3,0.203
51.47,12.16,4,0.11
57.4,3.73,1,0.339
42.07,2.56,2,0.469
36.53,2.31,2,0.318
26.55,0.94,2,0.049
55.51,3.88,2,0.364
39.5,2.32,1,0.258
229.72,1.91,2,0.006
27.33,11.36,4,0.066
51.24,3.32,1,0.2
203.64,2.17,2,0.025
51.87,3.15,2,0.22
31.7,16.06,2,0.126
40.41,13.56,3,0.152
221.83,2.47,2,0.016
31.43,12.52,3,0.168
244.03,2.09,2,0.044
40.07,4.02,2,0.428
49.76,4.0,2,0.222
43.25,10.22,3,0.088
56.32,3.47,2,0.307
161.35,2.72,1,0.079
39.58,14.53,4,0.112
31.44,15.57,3,0.08
42.62,2.42,2,0.353
135.19,2.8,2,0.066
31.52,1.76,1,0.021
31.19,14.09,3,0.116
191.21,2.5,1,0.0
208.14,2.65,2,0.055
45.16,13.8,2,0.035
36.42,12.49,4,0.073
190.11,2.4,1,0.0
50.77,3.54,2,0.419
48.3,3.68,3,0.363
42.02,13.09,4,0.078
31.14,5.94,3,0.12
39.42,4.15,2,0.391
33.66,1.1,1,0.02
31.75,16.69,3,0.124
27.05,13.13,4,0.11
34.88,2.72,2,0.285
60.08,3.23,2,0.143
40.23,2.86,1,0.422
159.86,2.75,2,0.066
237.66,1.66,2,0.084
143.53,2.31,3,0.065
229.64,2.1,1,0.103
50.01,14.49,3,0.108
25.95,15.95,2,0.162
201.65,1.72,2,0.1
189.89,1.9,1,0.11
194.07,0.96,1,0.043
29.81,0.64,1,0.043
25.56,10.63,2,0.16
28.56,1.34,2,0.322
144.08,1.73,2,0.0
44.26,11.03,2,0.069
39.09,10.28,3,0.054
42.15,2.22,2,0.299
131.19,2.25,3,0.083
43.36,3.5,1,0.401
139.58,1.27,2,0.038
22.96,9.51,2,0.113
27.47,0.26,1,0.0
54.16,4.13,2,0.256
228.6,2.29,2,0.0
30.38,0.6,1,0.0
254.35,2.01,3,0.031
172.49,2.23,2,0.031
28.61,8.49,4,0.08
65.0,3.4,2,0.367
30.59,1.1,1,0.049
40.24,11.68,3,0.123
214.98,2.25,2,0.038
223.95,2.39,2,0.038
46.73,3.15,2,0.274
37.49,16.76,2,0.101
21.87,0.94,1,0.041
33.69,16.78,4,0.112
206.75,2.77,3,0.052
216.42,1.85,3,0.016
43.31,8.17,3,0.113
183.61,1.88,3,0.013
37.46,9.81,4,0.11
30.29,9.59,3,0.115
62.03,3.88,1,0.375
39.84,12.68,4,0.043
226.35,1.54,1,0.057
165.6,2.94,2,0.052
34.76,11.22,4,0.103
28.97,1.01,1,0.026
34.9,1.21,1,0.04
20.01,1.16,1,0.025
27.87,0.2,1,0.006
37.68,6.48,4,0.101
41.12,7.84,2,0.069
182.29,2.92,1,0.067
50.94,2.12,1,0.417
59.54,3.66,2,0.301
31.72,13.22,5,0.048
35.39,5.24,3,0.103
26.05,11.53,4,0.211
189.1,1.97,3,0.036
22.12,0.45,1,0.047
25.34,10.55,3,0.123
8.53,0.94,1,0.027
37.53,12.46,2,0.103
148.31,1.81,3,0.023
167.29,1.25,2,0.098
149.12,2.09,2,0.038
32.71,10.7,4,0.12
20.77,1.61,1,0.022
41.21,12.19,4,0.096
55.51,2.99,3,0.369
24.3,0.74,1,0.032
20.9,0.95,1,0.04
19.31,1.33,2,0.046
161.78,1.67,1,0.089
44.38,2.88,2,0.324
180.93,1.16,3,0.072
24.82,10.59,2,0.074
222.76,2.56,2,0.054
28.54,3.06,1,0.392
53.13,2.58,3,0.306
181.09,2.14,1,0.055
26.68,0.63,2,0.039
44.23,11.58,3,0.077
186.91,0.94,2,0.046
32.36,8.22,2,0.127
54.04,3.77,2,0.284
45.53,14.53,3,0.141
245.88,2.12,2,0.031
44.33,3.27,2,0.282
248.37,1.78,2,0.076
226.04,1.46,1,0.097
22.74,8.52,2,0.01
182.98,1.76,3,0.016
21.06,1.4,1,0.007
37.06,10.56,3,0.069
47.29,2.52,2,0.262
57.69,2.01,2,0.181
192.59,2.74,1,0.058
17.14,0.2,1,0.032
25.0,1.0,1,0.0
46.63,1.93,2,0.339
20.98,1.25,1,0.033
21.96,1.34,2,0.02
189.35,2.06,2,0.015
28.83,12.64,2,0.074
52.12,2.09,2,0.301
46.15,3.09,2,0.3
45.6,3.08,2,0.235
25.53,0.66,1,0.03
43.83,14.23,3,0.03
22.5,0.57,1,0.026
35.95,15.41,3,0.136
44.79,10.24,3,0.145
186.02,2.15,2,0.071
65.48,3.03,2,0.259
30.16,14.43,3,0.096
38.59,4.42,2,0.295
39.08,2.68,3,0.288
35.11,13.33,4,0.069
24.1,9.29,3,0.093
28.16,8.62,2,0.067
38.09,14.38,3,0.119
35.14,10.84,3,0.109
35.55,13.02,2,0.105
27.04,3.63,3,0.33
13.42,0.92,1,0.046
14.16,0.2,1,0.0
26.75,1.58,1,0.028
25.98,11.33,3,0.114
53.37,3.07,3,0.411
174.67,2.82,1,0.0
33.29,11.37,2,0.119
203.84,2.57,1,0.05
214.93,2.38,2,0.001
47.74,3.27,2,0.384
193.26,2.65,2,0.05
201.58,1.65,2,0.018
32.2,1.13,1,0.015
25.31,1.54,1,0.434
35.5,1.09,1,0.0
188.6,1.68,2,0.016
156.48,1.73,2,0.025
32.96,11.88,3,0.063
223.35,1.49,2,0.061
25.3,2.37,2,0.35
24.98,12.61,4,0.074
59.18,2.73,2,0.426
31.76,7.66,4,0.075
25.71,1.59,1,0.022
30.94,13.03,3,0.055
201.72,1.63,2,0.077
26.27,0.98,1,0.02
45.77,1.38,2,0.358
53.77,3.39,2,0.474
46.22,3.03,1,0.466
220.94,1.06,2,0.091
251.24,2.23,3,0.029
42.11,2.96,2,0.291
135.13,2.32,2,0.058
52.84,2.62,2,0.327
123.59,2.55,3,0.027
64.83,2.94,2,0.333
29.94,14.51,4,0.031
44.83,3.68,2,0.434
26.74,1.13,1,0.021
30.59,0.9,1,0.015
50.7,2.92,1,0.259
215.33,2.32,4,0.055
271.44,2.8,1,0.058
22.48,0.37,1,0.012
30.77,11.18,3,0.168
38.97,10.77,5,0.117
34.62,2.75,2,0.345
182.91,0.65,2,0.037
229.85,2.03,2,0.023
40.54,14.2,3,0.041
17.26,0.73,1,0.032
216.29,1.47,2,0.026
39.86,13.71,3,0.057
25.88,1.04,2,0.06
143.29,2.52,1,0.068
50.77,3.81,1,0.29
26.0,7.22,4,0.043
28.85,0.58,1,0.005
222.44,1.93,3,0.069
212.87,1.98,2,0.023
167.14,1.01,1,0.025
38.76,2.86,1,0.387
24.54,13.93,3,0.088
146.26,1.97,3,0.037
54.56,2.97,2,0.291
44.91,2.78,2,0.36
42.1,12.95,3,0.155
199.67,2.26,2,0.031
29.62,1.23,1,0.0
26.85,1.45,1,0.048
162.58,2.16,2,0.075
177.33,1.76,2,0.003
39.51,13.25,2,0.058
48.74,4.18,2,0.373
197.22,2.33,1,0.024
38.33,2.3,1,0.318
184.93,2.11,2,0.044
218.51,1.19,1,0.078
44.29,3.47,3,0.378
37.12,11.9,3,0.05
25.95,1.46,2,0.022
199.58,1.8,2,0.068
46.95,2.91,2,0.397
46.24,10.81,2,0.147
21.45,9.52,2,0.116
39.42,1.2,1,0.008
34.26,17.53,3,0.183
211.34,1.81,2,0.0
26.1,0.99,1,0.004
159.92,1.09,2,0.023
188.05,2.35,2,0.065
48.27,2.72,2,0.392
31.11,16.74,4,0.102
171.29,1.87,2,0.051
33.55,4.22,2,0.391
36.93,12.6,2,0.056
165.87,2.78,2,0.05
27.26,0.9,1,0.0
26.33,11.85,3,0.105
24.57,1.09,1,0.01
59.75,4.01,1,0.258
41.23,11.21,5,0.082
21.82,0.79,1,0.028
41.22,13.92,4,0.068
280.21,1.37,1,0.095
42.36,4.13,2,0.187
33.43,1.74,1,0.053
228.54,1.61,1,0.09
28.2,9.44,3,0.21
142.62,3.2,2,0.072
59.35,4.72,2,0.331
8.32,13.27,2,0.038
53.35,1.73,3,0.229
40.17,3.21,1,0.476
26.81,2.01,2,0.283
245.02,2.02,2,0.054
51.63,2.77,2,0.393
34.54,11.7,1,0.076
26.19,12.07,3,0.054
30.49,0.59,1,0.0
183.34,3.23,2,0.034
201.03,2.51,2,0.01
44.0,11.81,4,0.051
29.62,13.4,2,0.067
42.76,2.77,2,0.428
205.72,1.89,2,0.069
34.37,1.31,1,0.016
41.17,2.74,1,0.266
28.76,11.49,2,0.064
19.58,0.73,1,0.053
32.37,11.95,3,0.101
40.69,2.05,1,0.108
35.88,10.43,3,0.183
192.03,1.9,2,0.035
21.51,1.13,1,0.035
32.62,1.45,1,0.0
45.71,1.82,2,0.351
190.95,1.52,2,0.052
28.09,0.84,1,0.021
22.43,2.87,1,0.433
53.27,3.48,2,0.469
31.52,9.71,3,0.142
210.31,1.23,3,0.004
229.76,2.12,2,0.057
33.27,16.32,3,0.113
198.69,1.85,1,0.037
233.3,2.38,2,0.046
21.82,0.8,2,0.0
172.74,2.2,2,0.042
29.96,0.7,1,0.014
40.74,14.64,4,0.092
42.54,3.83,2,0.315
55.88,3.77,2,0.235
21.93,1.62,1,0.024
192.0,3.0,2,0.079
16.75,1.27,1,0.012
268.95,2.41,2,0.049
38.56,14.28,2,0.141
29.19,1.53,2,0.027
53.88,4.1,2,0.293
222.72,2.23,2,0.051
170.09,1.57,1,0.068
48.75,3.38,2,0.312
50.58,4.27,2,0.414
68.05,3.56,2,0.151
208.94,2.26,2,0.076
35.72,10.1,3,0.14
205.17,1.78,2,0.097
35.37,10.98,2,0.05
32.27,14.44,2,0.135
34.51,13.79,3,0.078
27.97,11.6,3,0.119
33.57,8.26,4,0.182
158.32,1.71,2,0.083
45.46,13.34,3,0.145
207.69,1.67,3,0.033
33.67,15.37,4,0.143
32.32,14.23,2,0.128
47.84,2.06,2,0.357
221.97,1.38,3,0.036
33.99,1.08,1,0.0
32.3,0.9,1,0.031
28.03,0.81,2,0.0
27.9,0.64,1,0.029
58.99,2.7,1,0.306
203.77,2.52,3,0.071
42.13,3.63,2,0.38
31.58,11.59,4,0.08
217.21,2.32,2,0.082
30.98,12.47,4,0.0
174.18,1.43,2,0.047
43.56,11.79,2,0.037
193.68,1.69,2,0.058
26.27,16.33,3,0.071
39.36,1.51,2,0.484
37.45,9.3,3,0.087
245.76,2.0,3,0.079
35.31,12.35,5,0.094
25.64,10.39,3,0.093
218.0,2.03,1,0.06
196.15,1.77,3,0.059
34.87,1.23,1,0.016
40.47,2.28,2,0.416
32.6,10.37,2,0.088
21.27,15.08,3,0.139
58.2,3.58,2,0.33
211.4,1.94,2,0.045
20.06,9.36,2,0.116
45.97,3.81,2,0.307
42.14,11.39,3,0.125
63.33,5.18,3,0.399
205.25,1.08,1,0.0
40.11,8.74,3,0.099
202.02,1.35,3,0.078
44.73,10.95,2,0.105
29.76,3.9,1,0.35
204.05,1.51,2,0.02
183.36,1.14,2,0.003
45.41,14.11,4,0.128
171.64,1.56,2,0.031
38.79,13.4,3,0.116
240.23,1.89,3,0.048
248.32,2.03,1,0.0
30.12,1.73,1,0.0
43.08,13.15,2,0.166
41.65,12.59,4,0.134
29.91,13.05,4,0.021
32.06,0.71,1,0.009
24.46,3.68,2,0.457
255.97,0.75,2,0.016
38.2,3.76,1,0.422
195.34,2.29,2,0.102
22.77,1.0,1,0.008
204.45,1.85,2,0.01
170.01,2.22,1,0.034
32.81,12.86,3,0.13
27.55,3.59,2,0.445
202.15,2.76,2,0.013
36.8,1.42,1,0.003
213.93,2.1,1,0.06
34.65,10.76,2,0.142
45.2,3.39,1,0.18
46.85,2.76,2,0.373
38.52,3.5,3,0.449
27.36,0.74,1,0.062
198.26,3.63,3,0.082
64.87,2.72,2,0.19
257.74,1.33,2,0.07
177.54,1.53,2,0.055
26.84,11.26,2,0.061
58.37,3.57,2,0.338
34.6,10.14,2,0.098
43.07,2.82,2,0.349
216.17,2.23,1,0.075
27.43,16.48,3,0.118
196.0,2.14,2,0.052
38.95,3.29,2,0.282
28.73,11.56,3,0.112
29.81,1.23,1,0.065
257.91,1.19,2,0.065
36.95,11.96,3,0.15
38.52,1.46,2,0.35
25.65,0.2,1,0.027
38.0,14.17,4,0.11
31.56,10.51,4,0.103
49.78,3.9,2,0.492
55.75,3.25,2,0.151
50.53,8.52,4,0.1
37.94,16.54,4,0.049
24.48,14.46,2,0.085
227.53,1.77,3,0.032
26.8,0.84,1,0.0
28.13,11.19,3,0.062
161.53,2.97,2,0.075
24.96,1.61,1,0.021
23.28,11.45,4,0.128
50.46,2.19,2,0.357
246.45,1.97,2,0.058
37.24,15.96,3,0.04
198.1,1.49,2,0.041
20.26,1.15,1,0.038
37.94,9.87,1,0.113
44.06,12.54,3,0.082
31.92,9.52,1,0.078
228.27,2.74,2,0.041
31.03,10.72,3,0.051
23.92,12.25,3,0.074
74.11,2.94,1,0.204
44.14,12.05,4,0.101
26.14,14.34,3,0.037
30.08,1.22,1,0.039
44.91,16.5,2,0.0
226.04,2.17,1,0.072
172.15,2.45,3,0.074
191.57,1.72,2,0.058
33.89,3.05,2,0.503
44.27,2.79,2,0.465
30.26,13.96,4,0.088
184.27,1.33,3,0.0
189.92,1.06,2,0.006
168.85,1.12,2,0.032
36.8,6.81,4,0.074
27.15,0.68,1,0.031
60.49,12.22,3,0.115
50.0,3.27,2,0.459
40.34,11.41,3,0.125
201.13,1.75,3,0.032
23.99,0.87,1,0.074
33.68,1.25,1,0.037
50.35,10.08,3,0.1
193.35,2.32,3,0.035
47.75,10.84,4,0.122
31.38,15.54,3,0.122
22.7,1.21,1,0.028
43.31,11.78,3,0.057
176.39,0.97,2,0.026
267.31,1.73,1,0.098
37.84,3.07,2,0.351
34.02,11.07,5,0.13
33.32,13.28,2,0.129
170.6,1.7,2,0.033
31.75,2.16,3,0.301
34.15,2.73,2,0.241
23.15,13.21,3,0.105
38.25,2.63,2,0.302
200.9,1.51,2,0.018
27.28,0.79,1,0.055
45.98,13.93,3,0.17
56.56,3.33,2,0.297
44.76,3.24,2,0.365
223.3,1.9,2,0.0
15.91,0.89,1,0.009
252.0,1.5,3,0.043
27.65,1.01,2,0.017
286.08,2.48,1,0.085
111.19,1.81,2,0.06
52.54,2.0,2,0.267
33.82,13.28,4,0.098
43.06,9.98,2,0.128
51.74,8.19,3,0.072
202.84,2.33,2,0.085
185.69,1.45,2,0.037
261.04,1.95,2,0.064
187.05,2.61,2,0.066
23.24,1.11,1,0.0
24.77,1.35,1,0.0
45.89,3.01,2,0.336
60.41,3.19,1,0.3
46.62,3.14,2,0.195
41.95,9.72,3,0.133
36.69,13.23,3,0.085
165.7,1.56,3,0.049
24.62,0.99,1,0.061
186.32,2.07,2,0.0
42.7,14.6,4,0.101
44.59,2.64,1,0.305
238.06,1.47,2,0.056
34.52,2.45,2,0.453
49.33,3.07,2,0.27
240.97,2.19,1,0.058
48.73,12.73,3,0.059
223.34,1.96,2,0.05
21.4,0.99,1,0.027
139.36,2.08,3,0.025
204.81,0.85,2,0.074
211.32,1.93,1,0.14
221.33,1.97,2,0.002
40.39,3.1,3,0.242
28.42,14.71,3,0.072
28.48,1.94,2,0.305
19.63,7.58,2,0.055
40.08,2.59,2,0.393
58.64,2.82,2,0.245
45.38,3.34,2,0.375
150.57,2.07,2,0.08
30.77,9.53,3,0.16
32.98,0.98,1,0.005
176.54,2.28,1,0.072
41.52,14.47,2,0.082
54.76,3.92,2,0.38
23.14,0.83,2,0.035
209.5,2.13,2,0.01
43.81,2.78,2,0.296
45.31,4.24,2,0.422
181.71,2.62,2,0.09
227.72,1.12,2,0.072
32.08,4.0,3,0.144
52.79,3.94,2,0.352
24.5,0.38,1,0.01
46.77,4.09,2,0.439
36.56,12.57,5,0.116
31.23,10.87,3,0.158
20.29,1.48,1,0.0
44.45,13.41,2,0.069
204.59,2.66,2,0.0
222.16,1.72,2,0.01
37.42,2.72,3,0.245
34.66,10.88,2,0.086
32.66,9.14,3,0.077
211.5,1.99,1,0.051
238.8,1.59,1,0.058
60.01,2.51,2,0.22
30.81,3.11,1,0.437
42.02,13.5,2,0.064
129.67,1.8,2,0.026
43.18,15.14,3,0.128
166.1,1.38,3,0.043
50.19,3.56,1,0.411
46.15,14.15,2,0.123
35.46,4.51,2,0.29
42.76,3.11,2,0.455
42.12,2.81,2,0.297
42.36,3.79,2,0.223
43.27,11.96,3,0.145
173.71,1.0,3,0.045
53.53,3.91,1,0.491
236.41,2.2,2,0.028
193.03,1.4,3,0.048
41.46,13.93,3,0.062
41.61,2.76,2,0.377
210.23,1.08,2,0.08
39.65,3.59,2,0.393
28.21,14.87,2,0.105
24.8,0.91,1,0.023
180.94,1.74,1,0.064
46.02,2.6,2,0.376
53.44,12.8,3,0.111
19.75,8.86,3,0.026
45.31,2.19,1,0.344
20.93,1.67,1,0.0
32.92,16.12,3,0.14
58.21,2.86,2,0.296
35.16,10.49,3,0.153
46.27,3.08,1,0.295
32.24,15.04,2,0.062
54.23,2.68,2,0.438
37.0,8.66,4,0.13
179.33,1.82,3,0.004
216.41,1.65,1,0.038
46.76,4.16,3,0.311
19.63,0.87,1,0.028
261.41,2.18,2,0.034
44.51,2.16,2,0.294
33.96,1.07,1,0.046
61.97,2.25,2,0.343
41.83,11.34,4,0.135
38.77,2.62,3,0.338
26.6,10.68,3,0.101
28.02,0.33,2,0.0
218.07,2.32,2,0.077
26.4,0.53,1,0.0
46.65,3.36,1,0.338
39.92,2.0,1,0.382
45.36,3.17,2,0.319
42.93,2.6,2,0.46
201.6,2.55,1,0.027
31.92,10.11,3,0.186
159.59,1.62,1,0.006
212.98,2.59,3,0.032
28.58,1.82,2,0.353
21.62,0.53,1,0.0
60.97,4.03,2,0.381
29.8,12.78,1,0.13
23.8,0.88,1,0.004
204.49,2.04,3,0.001
30.6,3.65,2,0.346
32.33,12.45,3,0.12
21.05,0.65,1,0.0
37.5,1.77,1,0.014
25.98,10.36,4,0.069
31.95,11.58,3,0.059
13.02,1.07,1,0.036
34.01,12.61,4,0.0
51.66,2.36,2,0.397
192.5,1.5,2,0.032
30.74,0.82,2,0.047
60.7,2.9,2,0.369
33.87,0.7,2,0.026
31.08,1.26,1,0.008
31.62,10.22,4,0.089
23.17,1.08,1,0.015
260.33,2.11,1,0.025
31.55,11.35,3,0.092
49.74,6.9,4,0.141
46.35,2.75,2,0.302
42.96,13.59,3,0.077
158.6,2.13,1,0.024
12.37,0.78,1,0.047
214.03,1.69,3,0.028
44.27,2.76,2,0.332
24.83,13.63,5,0.0
35.72,12.78,2,0.174
160.95,1.76,1,0.054
172.51,2.39,2,0.007
30.91,8.12,4,0.123
172.71,1.96,1,0.038
33.19,9.0,2,0.177
21.38,1.14,1,0.03
30.62,11.95,3,0.104
25.48,12.17,3,0.148
41.09,2.84,2,0.304
10.6,6.84,3,0.081
58.83,3.19,2,0.451
204.72,1.38,2,0.058
34.4,10.36,4,0.069
160.16,1.95,2,0.076
28.62,12.04,3,0.065
31.44,12.59,3,0.056
249.11,2.84,2,0.057
220.3,1.2,1,0.072
25.86,0.47,1,0.03
61.24,2.79,3,0.348
77.07,2.7,2,0.38
39.51,3.43,2,0.391
29.37,1.14,1,0.046
38.62,10.53,3,0.102
163.96,1.88,3,0.069
35.52,13.29,2,0.08
39.4,3.16,3,0.314
26.38,0.2,1,0.002
45.2,3.15,2,0.492
28.77,9.99,3,0.098
30.33,11.84,3,0.15
245.63,1.21,2,0.078
26.03,9.79,4,0.124
231.44,1.95,2,0.072
39.71,2.66,2,0.433
24.99,10.91,3,0.106
30.66,0.96,1,0.0
32.0,10.9,1,0.064
34.03,12.58,3,0.157
205.53,2.0,3,0.111
159.39,1.07,2,0.009
49.13,2.15,2,0.268
52.25,2.94,2,0.306
35.09,1.79,1,0.006
39.58,2.2,2,0.306
32.05,0.31,1,0.0
187.96,2.1,1,0.085
169.07,2.67,2,0.06
50.35,0.8,1,0.439
48.24,2.26,2,0.305
41.84,13.88,3,0.04
228.18,1.27,3,0.086
38.37,11.64,4,0.052
36.8,17.71,3,0.114
15.93,0.57,1,0.027
47.96,3.38,2,0.435
45.99,10.32,3,0.124
180.58,2.22,2,0.001
38.43,3.07,2,0.347
33.52,15.99,3,0.012
30.91,1.22,1,0.003
174.66,1.92,1,0.088
137.2,1.03,2,0.062
29.69,1.15,1,0.027
20.07,2.29,1,0.009
35.92,11.69,3,0.081
33.05,3.26,2,0.376
24.32,14.28,4,0.124
214.42,2.66,2,0.045
20.72,11.93,2,0.162
49.71,2.36,1,0.283
193.09,2.28,3,0.035
33.24,0.77,1,0.034
194.04,0.48,2,0.024
226.64,1.4,2,0.113
39.94,2.68,2,0.212
207.82,1.81,2,0.004
189.21,1.93,4,0.046
60.43,2.4,1,0.3
46.24,3.24,2,0.315
33.5,1.16,1,0.034
28.51,13.74,2,0.07
253.6,2.1,2,0.072
35.1,12.36,3,0.178
24.82,0.34,1,0.0
41.78,3.22,2,0.381
43.06,13.84,4,0.099
146.83,2.27,1,0.015
152.99,1.97,1,0.05
26.9,5.51,3,0.12
233.88,1.71,2,0.026
26.34,0.94,1,0.03
53.96,2.04,1,0.421
32.68,10.75,3,0.139
189.71,2.05,1,0.084
33.7,0.58,1,0.048
178.66,2.91,2,0.06
66.58,2.77,1,0.289
18.49,1.0,2,0.033
221.21,1.38,1,0.054
15.51,0.97,1,0.018
32.93,0.99,1,0.043
44.28,2.93,2,0.378
206.67,1.15,2,0.028
34.93,7.91,1,0.12
26.09,0.95,1,0.043
26.74,0.2,1,0.027
180.77,2.87,2,0.055
31.92,11.02,2,0.112
39.98,3.22,2,0.384
52.47,3.51,2,0.461
48.65,3.83,2,0.301
25.86,10.79,2,0.098
39.43,8.63,3,0.114
193.11,1.34,1,0.054
24.94,14.57,4,0.128
214.03,0.7,2,0.017
34.03,2.67,2,0.274
28.73,1.06,1,0.0
39.62,2.24,2,0.203
24.41,12.82,3,0.067
139.89,2.13,1,0.046
44.64,3.87,2,0.186
24.22,0.68,1,0.035
42.14,1.72,2,0.322
173.65,1.59,2,0.057
43.88,3.04,3,0.476
46.93,10.28,3,0.174
212.49,1.97,1,0.08
23.46,1.08,1,0.034
55.74,3.35,2,0.36
48.7,2.85,2,0.545
191.92,0.72,2,0.019
57.35,2.83,2,0.46
207.7,2.0,3,0.032
37.37,3.53,2,0.41
35.32,2.99,2,0.324
32.1,9.59,3,0.102
162.85,1.72,2,0.0
37.77,3.88,2,0.329
28.02,10.53,4,0.093
28.91,1.3,1,0.075
175.73,1.62,2,0.115
33.31,0.4,1,0.012
235.98,2.63,2,0.059
28.87,14.24,2,0.118
200.31,2.68,2,0.046
32.88,10.95,4,0.042
36.44,10.94,2,0.085
50.02,2.71,2,0.278
60.22,2.52,1,0.291
248.09,1.77,2,0.078
44.45,12.3,2,0.141
200.7,0.83,2,0.007
36.46,12.75,3,0.052
195.51,1.54,2,0.051
19.56,0.61,1,0.028
29.21,14.33,2,0.04
58.89,3.38,2,0.376
212.92,2.39,2,0.071
222.63,2.01,2,0.0
16.4,0.67,1,0.018
181.01,0.97,2,0.068
54.65,3.61,2,0.318
229.38,2.03,2,0.072
178.75,2.85,1,0.076
30.9,0.75,1,0.046
234.35,2.43,2,0.039
49.1,1.89,2,0.354
26.71,12.56,3,0.155
207.23,1.21,2,0.093
157.88,2.24,2,0.062
38.54,2.05,2,0.287
38.14,10.5,3,0.091
55.1,2.79,3,0.156
187.13,1.65,2,0.058
20.91,1.04,1,0.022
179.48,2.67,3,0.036
45.95,10.45,2,0.086
31.69,11.4,3,0.096
135.53,1.76,2,0.047
20.84,0.85,1,0.0
26.33,9.64,3,0.12
42.19,12.56,4,0.13
54.62,8.54,4,0.083
22.21,1.23,1,0.056
25.83,14.98,4,0.131
209.32,1.64,2,0.07
40.38,3.84,2,0.438
39.26,12.77,3,0.066
28.17,14.27,1,0.065
208.33,1.38,3,0.055
34.65,2.75,1,0.404
201.02,2.23,1,0.059
28.62,9.99,2,0.115
53.1,3.93,3,0.408
38.28,10.84,3,0.139
42.4,13.47,2,0.023
50.85,2.84,2,0.311
28.63,3.29,1,0.347
173.37,2.5,3,0.069
32.07,3.34,2,0.272
42.01,3.16,2,0.331
34.32,1.32,1,0.014
37.21,9.13,3,0.057
190.86,2.84,2,0.051
59.74,2.38,2,0.36
211.03,2.15,2,0.046
157.35,2.12,1,0.089
52.62,14.36,3,0.074
128.78,2.53,1,0.022
35.28,13.58,4,0.204
24.51,0.24,1,0.015
194.13,2.5,2,0.0
224.13,1.51,3,0.126
189.96,2.45,2,0.053
198.74,1.21,1,0.097
26.18,0.56,1,0.056
37.35,11.47,3,0.041
43.3,13.44,3,0.103
37.13,1.8,2,0.269
42.58,14.31,3,0.081
269.9,1.11,3,0.015
194.12,1.85,1,0.03
24.31,11.86,4,0.044
55.97,0.77,2,0.259
25.17,0.78,1,0.0
38.54,17.57,4,0.068
41.17,12.38,3,0.036
52.77,3.29,1,0.38
30.14,0.45,1,0.033
40.79,13.63,3,0.112
30.54,1.07,1,0.04
30.33,13.23,2,0.119
25.04,1.39,1,0.044
52.08,1.93,2,0.472
238.83,1.91,2,0.032
37.07,14.08,3,0.0
217.04,2.15,1,0.035
55.34,2.74,2,0.325
28.2,0.74,1,0.029
33.91,3.59,2,0.359
34.85,11.25,4,0.137
214.05,1.4,2,0.081
33.85,10.92,5,0.087
30.38,7.54,2,0.119
22.68,0.99,1,0.026
191.09,1.97,1,0.047
195.25,1.13,3,0.035
22.0,1.46,1,0.032
50.08,3.52,2,0.268
15.15,0.53,1,0.041
38.65,14.52,3,0.097
198.59,3.21,1,0.026
199.69,1.76,3,0.006
230.7,2.31,2,0.043
34.74,10.03,2,0.084
27.76,13.51,3,0.042
22.6,1.37,1,0.042
46.93,10.76,3,0.077
20.56,0.92,2,0.025
42.02,11.05,3,0.096
55.32,2.94,3,0.429
30.88,14.58,2,0.129
17.78,1.24,1,0.021
67.07,2.76,1,0.389
152.54,1.46,2,0.006
21.8,0.87,1,0.047
165.7,2.42,2,0.091
29.37,8.0,2,0.087
219.18,2.21,2,0.088
39.59,11.38,3,0.08
36.82,9.48,3,0.108
208.22,2.93,2,0.035
30.23,11.61,3,0.118
55.84,4.37,2,0.276
23.07,0.2,1,0.002
259.07,1.01,2,0.112
63.56,2.55,2,0.488
185.87,2.45,1,0.039
253.7,0.86,1,0.053
46.65,14.99,3,0.068
42.49,14.52,2,0.158
23.83,14.66,2,0.164
45.42,16.74,4,0.085
34.7,10.53,2,0.072
230.05,3.02,3,0.07
17.57,1.6,1,0.016
194.47,1.98,1,0.036
217.63,2.01,2,0.057
44.33,2.82,3,0.36
57.27,2.19,1,0.359
213.49,2.85,2,0.0
185.87,3.54,4,0.0
164.5,2.81,2,0.061
181.85,1.97,1,0.088
40.03,7.33,3,0.079
31.16,1.7,2,0.298
213.08,2.74,3,0.073
28.05,1.04,1,0.017
54.71,3.11,1,0.239
145.4,2.11,2,0.06
170.23,2.46,1,0.018
25.29,0.69,1,0.05
60.63,3.92,1,0.357
35.2,0.72,1,0.013
26.66,3.17,2,0.286
66.74,1.21,2,0.429
19.88,12.0,3,0.137
31.37,10.87,3,0.135
58.64,3.5,2,0.21
193.33,2.51,2,0.054
162.74,2.1,2,0.036
24.82,0.55,1,0.021
26.06,16.55,6,0.179
31.5,12.53,1,0.129
156.66,1.88,1,0.076
222.24,2.69,2,0.024
26.64,11.83,3,0.128
255.42,2.98,2,0.077
52.98,16.76,3,0.108
36.06,10.59,3,0.108
29.1,10.99,3,0.092
49.76,3.48,2,0.241
189.97,1.53,3,0.012
39.61,14.93,2,0.01
45.42,3.39,2,0.439
25.83,0.74,1,0.0
176.25,0.55,2,0.036
228.72,2.5,1,0.0
192.37,2.12,3,0.065
27.33,1.16,1,0.041
290.63,2.66,2,0.065
214.16,2.59,2,0.054
36.97,3.33,2,0.431
176.03,1.28,2,0.028
36.76,3.25,2,0.442
20.25,15.61,5,0.145
201.0,1.07,2,0.061
48.66,3.75,2,0.408
245.5,1.97,2,0.073
183.9,2.44,2,0.029
35.41,0.6,1,0.009
226.55,2.29,3,0.046
17.27,0.95,1,0.002
34.85,12.75,4,0.102
43.19,2.41,2,0.42
50.48,10.92,4,0.102
236.52,2.16,3,0.019
43.6,14.0,2,0.095
206.97,1.51,2,0.057
191.63,2.8,1,0.092
226.33,1.4,2,0.035
25.89,3.26,1,0.323
31.21,2.55,2,0.376
213.75,2.29,2,0.064
32.73,13.22,4,0.109
188.04,3.0,1,0.038
179.32,2.37,3,0.005
150.85,2.37,2,0.036
221.03,1.9,3,0.102
197.82,1.99,1,0.0
198.17,1.5,2,0.08
174.72,0.89,3,0.058
247.67,1.19,2,0.071
212.92,2.48,1,0.058
211.36,1.61,2,0.02
40.83,12.9,3,0.079
232.24,1.82,2,0.022
34.32,11.66,4,0.054
23.09,1.35,1,0.006
58.94,2.17,2,0.227
194.89,2.06,2,0.094
221.75,2.98,1,0.046
55.32,2.34,1,0.25
51.74,3.12,2,0.442
192.86,0.79,1,0.05
33.26,0.58,1,0.0
199.04,2.57,2,0.088
30.44,1.51,1,0.009
56.83,3.14,2,0.368
34.1,2.97,2,0.309
190.24,2.74,3,0.006
41.49,14.75,3,0.113
45.59,7.14,3,0.107
228.72,2.6,3,0.0
38.45,10.64,2,0.024
194.2,1.78,1,0.078
35.52,4.78,2,0.367
35.69,14.34,3,0.143
26.17,0.58,1,0.016
25.04,1.21,1,0.055
36.59,13.28,3,0.1
30.26,12.85,4,0.117
174.64,2.02,1,0.032
53.57,3.06,2,0.26
27.41,1.51,1,0.0
44.26,17.27,4,0.118
17.14,0.84,1,0.033
25.84,11.03,4,0.104
34.88,2.75,2,0.294
36.57,14.43,3,0.084
38.44,13.68,2,0.093
31.43,10.29,4,0.067
35.82,10.72,3,0.051
25.0,9.83,1,0.087
167.89,2.18,2,0.007
22.21,10.83,2,0.147
48.64,13.53,4,0.111
42.7,9.91,2,0.0
25.69,9.79,2,0.132
45.65,2.83,1,0.361
47.69,3.78,1,0.318
259.2,1.75,2,0.052
51.2,3.31,2,0.414
41.28,11.97,4,0.176
11.67,1.07,1,0.015
16.65,1.68,1,0.005
38.22,13.54,3,0.116
197.36,2.37,2,0.08
47.37,2.67,2,0.372
30.72,10.41,4,0.052
160.52,1.07,2,0.048
34.19,7.23,3,0.03
177.51,1.68,2,0.051
46.02,11.24,3,0.084
42.17,11.06,3,0.091
34.2,0.77,1,0.04
17.19,0.7,2,0.038
219.86,2.22,1,0.098
64.12,2.16,2,0.384
38.18,14.91,4,0.05
216.86,1.62,2,0.0
10.14,1.76,1,0.0
42.07,2.15,2,0.305
41.4,14.74,3,0.133
15.47,14.66,2,0.127
42.89,13.11,4,0.037
35.41,1.09,1,0.034
57.7,2.4,2,0.472
25.1,1.04,1,0.03
40.55,11.27,3,0.055
247.11,2.05,2,0.123
41.34,14.07,3,0.136
34.89,10.1,3,0.044
235.6,1.38,1,0.016
31.87,11.37,4,0.084
66.02,1.75,3,0.22
32.3,12.31,4,0.152
208.54,2.88,2,0.043
29.65,13.1,3,0.161
40.72,3.05,3,0.368
50.21,2.84,2,0.344
42.15,2.73,1,0.29
38.01,3.77,1,0.372
178.02,2.2,2,0.074
42.52,3.16,2,0.353
34.81,10.75,5,0.076
170.99,2.07,2,0.087
10.38,0.95,1,0.068
51.66,4.07,2,0.213
26.44,1.21,1,0.0
250.22,1.86,2,0.006
47.86,3.09,3,0.434
248.45,2.04,3,0.034
21.83,0.81,1,0.007
29.57,11.14,4,0.086
204.48,1.11,2,0.04
38.61,1.9,2,0.394
47.94,11.49,3,0.0
40.07,9.71,3,0.063
39.91,3.29,2,0.337
189.9,2.02,1,0.077
44.14,11.83,3,0.101
251.06,1.38,2,0.045
29.27,1.45,2,0.018
22.7,1.48,1,0.004
44.86,2.55,2,0.265
203.46,2.5,2,0.059
285.77,1.03,1,0.072
231.39,1.29,3,0.078
185.9,2.95,2,0.026
156.34,1.41,2,0.034
142.99,1.33,2,0.028
49.9,18.16,2,0.104
176.91,1.76,3,0.054
53.04,3.36,2,0.323
177.88,2.43,2,0.057
29.61,13.94,4,0.121
135.11,2.04,3,0.065
64.09,3.83,2,0.276
25.43,0.68,1,0.037
41.05,3.05,3,0.352
39.61,11.09,2,0.162
39.4,16.08,3,0.05
54.15,2.62,2,0.388
48.96,3.7,2,0.254
24.09,1.37,1,0.0
190.47,1.82,1,0.036
20.1,0.46,1,0.024
44.41,5.01,1,0.342
38.4,3.63,3,0.309
28.06,3.12,2,0.466
39.2,2.73,1,0.372
33.87,15.19,5,0.099
52.74,3.74,2,0.403
36.12,10.97,2,0.091
39.09,14.02,4,0.12
54.58,2.85,3,0.373
39.37,1.9,2,0.556
17.64,1.69,1,0.04
47.15,13.14,4,0.149
25.04,3.94,2,0.397
201.19,1.13,2,0.0
185.65,1.65,3,0.022
212.96,2.14,1,0.065
30.31,13.26,3,0.118
50.34,2.75,2,0.34
46.19,9.93,3,0.094
15.47,1.56,1,0.017
192.77,2.1,2,0.057
207.7,2.06,3,0.047
43.41,11.89,3,0.082
262.88,1.72,2,0.026
31.69,1.27,1,0.006
53.69,4.13,2,0.3
31.06,10.67,4,0.138
217.11,2.46,1,0.056
10.2,0.63,1,0.043
50.57,1.95,2,0.338
239.11,1.32,2,0.069
23.25,0.71,1,0.03
60.79,3.68,2,0.274
47.99,2.61,2,0.322
61.9,3.02,2,0.326
28.87,3.54,4,0.466
24.98,0.47,1,0.0
17.75,0.78,1,0.026
43.06,3.03,2,0.473
227.84,2.75,2,0.031
38.27,15.32,2,0.128
30.66,12.41,4,0.181
55.12,5.02,2,0.32
32.6,11.3,2,0.087
47.41,3.01,2,0.326
52.71,2.33,2,0.376
31.0,14.29,3,0.177
62.64,3.63,1,0.298
39.52,3.32,1,0.224
30.64,1.76,1,0.023
36.84,12.56,4,0.145
21.22,11.83,5,0.084
181.29,2.72,3,0.011
29.13,11.86,2,0.117
181.65,1.71,2,0.0
248.89,2.92,2,0.0
61.05,0.7,2,0.345
33.02,14.76,2,0.072
194.53,2.16,3,0.041
52.39,2.56,2,0.244
27.08,11.83,3,0.17
23.72,1.17,1,0.059
37.3,12.2,4,0.113
193.43,0.8,2,0.058
23.41,0.61,1,0.034
14.08,12.41,3,0.092
32.91,14.48,3,0.181
19.89,3.56,2,0.322
60.77,1.01,3,0.454
35.28,0.79,1,0.0
38.53,3.4,2,0.247
37.5,11.93,4,0.06
22.63,1.07,1,0.01
20.53,1.08,1,0.024
24.57,0.98,1,0.003
15.02,1.35,1,0.057
24.43,0.65,1,0.042
30.91,2.27,2,0.374
237.64,1.68,2,0.145
177.89,2.08,1,0.021
25.95,0.81,1,0.0
29.61,14.88,1,0.116
214.82,0.63,1,0.047
30.79,8.37,3,0.165
33.66,9.36,2,0.048
21.55,0.86,1,0.037
219.85,2.4,3,0.069
203.92,1.74,2,0.048
53.27,11.14,4,0.077
55.57,5.1,1,0.446
47.72,1.97,2,0.301
15.99,1.8,1,0.015
39.3,11.6,3,0.179
23.52,3.99,2,0.184
191.35,1.27,1,0.04
145.04,2.86,2,0.071
30.53,14.03,3,0.163
52.33,2.33,2,0.335
209.32,2.27,3,0.053
31.3,10.13,3,0.135
20.37,12.21,2,0.13
207.14,1.37,3,0.068
39.15,7.53,2,0.123
140.28,2.42,1,0.031
38.0,2.27,2,0.235
31.02,1.12,1,0.028
224.35,2.09,3,0.014
27.93,11.88,3,0.099
49.11,3.15,2,0.33
30.76,2.88,2,0.457
39.87,10.43,2,0.133
40.79,3.17,3,0.335
183.19,2.72,2,0.02
35.27,11.85,2,0.091
231.82,2.54,1,0.069
21.24,1.2,1,0.025
218.31,1.4,2,0.048
203.44,2.32,2,0.022
20.09,1.16,1,0.033
20.04,1.32,1,0.004
23.25,1.33,1,0.026
170.42,2.49,3,0.022
182.15,1.82,2,0.043
42.31,8.62,4,0.089
38.44,14.09,3,0.149
192.45,2.04,2,0.004
159.97,1.57,1,0.038
166.02,3.01,2,0.039
31.41,12.04,2,0.043
35.56,6.08,3,0.083
233.35,2.97,3,0.03
34.2,3.08,1,0.256
42.23,2.39,3,0.249
29.67,0.65,2,0.02
194.97,1.71,1,0.047
47.96,2.93,3,0.348
43.5,13.45,3,0.098
218.45,2.58,4,0.107
30.11,3.89,2,0.247
27.06,11.51,2,0.152
30.06,9.51,4,0.066
41.11,3.13,3,0.151
25.11,7.92,3,0.166
50.18,1.62,3,0.289
257.84,1.9,2,0.028
18.53,1.58,2,0.023
22.27,1.01,2,0.012
16.87,0.92,1,0.019
22.32,0.97,1,0.001
199.29,3.05,1,0.082
200.31,2.01,3,0.072
47.78,2.62,1,0.323
39.32,18.07,3,0.125
30.75,13.64,3,0.1
48.75,8.68,4,0.14
29.74,16.51,3,0.037
60.11,2.64,2,0.394
30.59,1.14,1,0.023
19.15,0.94,1,0.007
26.16,0.74,2,0.063
53.31,3.96,1,0.398
42.23,3.58,2,0.446
59.42,4.68,2,0.298
223.61,1.99,3,0.045
40.71,3.13,2,0.395
40.62,3.62,2,0.422
63.29,3.45,3,0.359
26.88,0.55,1,0.019
44.66,9.13,3,0.126
203.39,1.23,3,0.075
35.11,13.57,3,0.107
25.12,2.34,3,0.426
184.15,2.78,3,0.002
55.46,2.35,2,0.379
27.06,13.85,4,0.037
158.1,1.83,2,0.104
46.58,8.76,3,0.075
28.78,9.29,3,0.118
194.69,2.68,2,0.049
68.33,3.46,2,0.331
31.25,2.15,2,0.343
196.46,2.03,2,0.061
38.79,16.73,4,0.118
207.59,2.61,3,0.023
24.13,15.86,3,0.138
11.47,1.14,1,0.044
19.45,1.45,1,0.009
31.27,10.97,3,0.158
36.04,9.52,3,0.068
54.84,3.35,2,0.364
199.97,1.76,2,0.023
168.36,1.56,2,0.0
37.65,16.21,3,0.151
27.87,13.41,3,0.109
24.97,1.51,1,0.052
189.42,2.36,2,0.043
42.88,11.81,3,0.1
221.23,1.87,1,0.107
17.98,0.97,1,0.025
222.01,2.01,2,0.028
38.97,3.58,2,0.45
203.64,2.3,2,0.0
55.49,2.55,2,0.337
71.62,3.35,1,0.302
49.56,2.92,4,0.407
57.06,2.73,2,0.38
184.31,1.86,2,0.033
148.14,1.41,2,0.069
39.72,11.65,2,0.101
50.84,3.16,2,0.379
33.62,12.7,3,0.12
44.63,4.41,2,0.415
156.94,2.65,2,0.057
23.43,12.37,4,0.114
24.86,1.23,1,0.0
44.19,3.45,3,0.303
21.65,1.04,1,0.025
40.66,14.44,3,0.085
43.09,11.56,4,0.103
36.17,10.54,2,0.119
223.96,2.81,2,0.065
18.51,0.73,1,0.002
23.28,10.19,4,0.074
38.22,15.08,3,0.162
53.43,1.87,2,0.248
26.62,11.96,4,0.088
26.15,1.06,1,0.016
23.63,12.96,3,0.15
239.06,3.36,4,0.027
209.29,2.23,2,0.044
252.51,1.71,1,0.051
13.14,2.98,2,0.439
225.9,2.38,1,0.064
28.64,0.6,1,0.029
33.26,14.75,2,0.057
214.64,2.59,3,0.042
46.71,3.56,2,0.492
23.76,1.25,1,0.065
61.29,1.52,3,0.348
32.02,12.71,3,0.065
37.59,9.06,3,0.064
36.86,1.09,1,0.052
50.27,2.79,2,0.279
35.62,18.02,3,0.154
47.72,3.58,2,0.428
47.62,4.15,2,0.311
45.82,1.71,2,0.449
202.49,2.24,2,0.022
37.93,2.25,2,0.204
49.1,2.39,2,0.441
236.34,2.24,2,0.007
39.61,2.77,1,0.358
21.93,12.0,4,0.129
48.12,4.18,1,0.358
40.99,4.07,2,0.311
45.16,12.58,3,0.091
35.21,12.38,2,0.132
244.55,1.92,2,0.105
29.14,13.57,3,0.101
33.44,1.97,3,0.207
207.83,2.09,1,0.036
195.15,1.57,2,0.044
30.59,0.82,1,0.024
23.59,1.52,1,0.032
268.35,1.12,3,0.04
45.03,2.69,1,0.359
34.54,11.66,3,0.057
197.75,2.49,3,0.098
131.97,2.05,2,0.062
35.25,4.09,2,0.25
186.44,2.21,3,0.079
209.13,2.03,2,0.105
39.78,3.31,1,0.389
42.38,2.42,2,0.379
214.77,1.3,1,0.055
23.62,4.67,1,0.425
38.86,15.2,2,0.142
31.12,8.09,3,0.104
169.73,1.52,1,0.071
47.89,9.61,3,0.086
159.57,2.07,3,0.021
81.72,3.03,2,0.363
174.87,1.89,2,0.066
154.73,1.8,3,0.016
40.12,3.87,2,0.269
42.52,3.74,2,0.307
29.5,12.27,3,0.052
233.53,0.29,2,0.108
42.87,4.23,2,0.242
34.9,7.9,3,0.128
27.4,0.74,1,0.032
60.87,3.06,2,0.438
227.48,1.68,1,0.017
24.78,0.95,1,0.024
26.99,0.87,1,0.035
31.93,8.56,2,0.068
49.34,3.21,2,0.382
26.62,2.35,2,0.379
41.91,12.21,3,0.143
33.2,3.08,2,0.321
39.12,14.22,4,0.077
191.58,1.45,1,0.027
30.38,12.55,3,0.138
20.86,1.07,1,0.01
41.02,3.07,3,0.387
15.53,0.99,1,0.011
64.3,4.17,2,0.255
30.8,0.94,1,0.034
24.89,1.04,1,0.0
25.52,0.73,2,0.035
211.01,1.72,2,0.109
37.2,11.04,4,0.033
23.15,13.98,4,0.096
171.32,2.25,3,0.084
45.69,1.97,3,0.303
31.87,18.0,2,0.079
26.05,1.09,1,0.0
230.37,1.75,2,0.087
196.61,2.19,2,0.041
280.79,2.12,2,0.0
182.3,1.74,2,0.041
184.6,2.1,1,0.099
27.64,1.1,2,0.47
167.83,2.23,2,0.026
45.15,2.5,1,0.317
18.23,14.52,3,0.116
201.28,1.59,2,0.047
30.58,8.81,3,0.123
50.91,2.89,3,0.528
225.74,2.07,2,0.072
27.23,1.17,1,0.007
25.5,14.28,2,0.213
20.62,1.3,1,0.021
35.39,0.58,1,0.009
41.39,3.39,1,0.291
28.04,13.28,3,0.112
37.27,3.05,2,0.366
182.99,1.94,2,0.039
199.64,1.4,1,0.08
46.32,13.05,3,0.02
31.33,14.04,3,0.14
45.1,4.07,3,0.281
47.31,11.69,3,0.027
42.93,2.69,2,0.216
232.18,2.15,1,0.023
58.58,4.13,1,0.31
33.84,2.49,2,0.404
27.39,13.79,3,0.136
163.6,1.36,1,0.054
28.18,1.01,1,0.0
22.97,1.04,1,0.008
220.53,2.01,1,0.009
50.79,2.53,1,0.233
230.22,1.82,2,0.067
45.43,4.33,2,0.214
200.79,1.14,3,0.012
36.71,3.02,2,0.391
48.22,3.47,2,0.202
49.17,12.98,2,0.078
56.77,2.98,2,0.238
229.27,2.72,2,0.045
50.23,4.76,3,0.416
181.36,1.47,1,0.055
39.57,3.24,2,0.195
35.45,3.16,3,0.406
47.59,11.48,5,0.18
28.29,13.31,4,0.134
34.6,0.97,1,0.028
41.41,14.69,4,0.025
172.36,0.94,2,0.088
38.2,14.35,2,0.05
43.15,14.78,2,0.095
53.1,1.51,2,0.256
42.24,3.18,3,0.413
26.8,13.8,3,0.076
219.83,0.83,2,0.075
34.12,6.69,3,0.101
23.21,8.15,2,0.084
205.21,2.52,2,0.084
49.23,2.52,2,0.331
251.15,1.17,1,0.043
32.99,9.97,4,0.059
15.22,1.0,1,0.049
156.99,2.16,2,0.047
41.17,12.09,2,0.073
31.17,10.82,4,0.182
44.26,11.36,3,0.122
19.41,1.11,1,0.024
29.5,15.51,1,0.107
148.28,3.44,2,0.0
22.12,1.68,1,0.039
21.65,1.82,1,0.045
181.84,0.72,3,0.032
259.9,2.71,2,0.02
23.92,1.56,2,0.0
243.23,1.84,2,0.017
18.38,1.36,1,0.014
32.21,10.27,4,0.032
206.26,3.1,2,0.055
26.47,8.99,3,0.147
49.46,2.96,3,0.318
64.94,3.26,1,0.364
22.62,0.65,1,0.053
37.37,16.09,2,0.045
23.71,0.61,1,0.022
199.12,1.51,2,0.064
50.43,2.98,2,0.42
249.96,2.25,2,0.042
48.25,3.59,3,0.338
30.61,2.48,2,0.504
221.54,2.16,2,0.034
34.83,2.29,2,0.302
188.95,2.43,1,0.082
178.42,2.42,2,0.112
37.14,9.76,3,0.103
160.91,2.63,3,0.053
41.5,16.75,3,0.104
32.9,0.65,1,0.029
28.83,11.21,3,0.12
12.14,11.38,1,0.07
136.65,2.0,3,0.023
195.59,3.18,1,0.062
27.93,10.87,3,0.076
50.74,4.02,2,0.271
21.43,1.12,1,0.045
192.45,0.84,2,0.0
220.65,1.2,2,0.009
159.88,1.39,2,0.0
49.84,2.84,2,0.269
17.13,12.02,4,0.081
41.96,3.1,2,0.418
173.18,2.63,2,0.081
56.33,11.21,3,0.128
53.73,2.95,2,0.362
19.0,0.94,1,0.014
49.24,15.38,4,0.058
126.65,1.27,2,0.019
32.93,9.16,4,0.073
35.09,14.14,4,0.133
25.43,0.87,1,0.004
41.99,3.01,2,0.25
24.79,12.47,3,0.13
44.84,3.57,2,0.398
34.95,15.09,2,0.05
29.49,13.21,3,0.049
45.28,10.15,3,0.133
30.11,10.47,3,0.056
41.05,1.9,2,0.437
193.3,2.01,3,0.022
31.02,0.92,2,0.012
207.2,2.48,1,0.089
46.07,3.64,2,0.223
45.82,13.0,2,0.049
35.08,13.78,4,0.05
187.71,1.67,1,0.08
190.26,1.51,1,0.04
210.81,2.44,3,0.0
26.16,0.46,1,0.011
157.34,1.28,2,0.071
35.65,10.72,4,0.036
190.85,1.82,2,0.082
29.19,14.68,3,0.12
36.96,10.22,3,0.085
223.15,1.66,3,0.038
200.4,1.59,3,0.03
34.88,3.0,1,0.408
157.48,2.05,1,0.056
233.05,2.39,2,0.0
177.82,1.5,1,0.04
27.91,2.88,3,0.397
34.1,9.84,3,0.067
201.63,2.36,1,0.086
25.59,8.85,4,0.076
20.07,0.27,1,0.0
183.3,2.47,2,0.118
180.21,2.88,1,0.045
43.38,3.4,2,0.231
56.5,2.16,2,0.286
56.89,1.73,2,0.219
236.98,2.09,1,0.036
19.39,0.91,1,0.018
26.49,10.38,4,0.139
26.75,0.28,1,0.028
216.5,2.17,2,0.033
26.45,10.01,4,0.074
36.24,10.16,2,0.068
35.63,2.83,2,0.327
36.52,12.38,3,0.081
214.48,1.34,1,0.089
48.56,9.01,3,0.048
228.21,1.97,2,0.0
37.36,12.75,3,0.142
21.74,1.02,1,0.019
58.82,9.74,4,0.182
46.19,3.09,1,0.423
25.8,1.14,1,0.01
55.95,14.09,4,0.138
47.08,2.31,1,0.344
245.11,1.47,1,0.052
227.14,1.68,3,0.085
203.5,1.1,2,0.063
177.56,3.04,2,0.019
59.11,12.94,4,0.079
40.18,4.61,1,0.419
51.57,1.58,1,0.404
27.03,1.1,1,0.0
27.44,1.48,1,0.028
34.41,11.67,5,0.118
37.75,9.09,4,0.061
39.66,1.6,1,0.365
173.39,1.79,2,0.022
46.08,13.08,4,0.194
71.74,3.15,2,0.382
42.98,2.84,2,0.36
31.65,10.19,4,0.068
228.49,2.81,2,0.014
24.38,12.42,4,0.104
277.48,2.35,1,0.069
200.85,2.09,2,0.108
41.03,9.37,4,0.07
41.49,9.38,3,0.062
39.32,13.25,3,0.048
24.34,0.92,1,0.033
46.95,11.78,3,0.073
34.14,12.69,2,0.1
42.59,12.79,4,0.047
46.17,13.14,3,0.203
130.65,3.07,2,0.057
231.44,1.46,1,0.011
37.18,6.9,4,0.134
27.54,2.62,3,0.409
40.25,2.42,1,0.202
20.94,16.3,2,0.0
49.27,3.04,2,0.285
185.05,1.7,2,0.028
17.81,0.85,1,0.013
243.31,2.11,3,0.018
43.86,3.15,1,0.398
26.11,7.65,4,0.166
20.13,0.93,1,0.018
193.0,1.09,2,0.04
35.78,12.83,3,0.087
191.8,1.3,1,0.047
36.94,13.71,3,0.086
40.2,2.82,2,0.326
52.76,4.3,2,0.434
229.63,1.95,2,0.074
46.17,3.45,2,0.283
159.71,0.85,3,0.008
30.41,3.54,2,0.223
27.82,14.39,3,0.073
52.47,3.04,1,0.544
43.31,11.15,3,0.067
52.97,12.9,3,0.077
38.92,12.32,3,0.113
206.22,1.79,2,0.071
28.06,9.96,2,0.099
28.25,1.43,1,0.017
31.8,11.44,4,0.155
35.13,9.18,5,0.071
32.63,12.2,2,0.082
49.05,2.41,2,0.225
35.76,11.37,4,0.083
37.73,10.37,3,0.093
46.28,10.84,2,0.086
62.73,2.75,2,0.261
50.34,13.84,3,0.169
41.31,2.83,2,0.291
38.95,3.16,1,0.236
38.6,2.33,2,0.327
40.42,3.86,2,0.282
45.57,1.86,2,0.335
45.18,9.36,3,0.084
229.29,1.42,3,0.04
191.95,1.85,2,0.038
175.98,0.94,1,0.095
30.24,15.53,3,0.093
34.98,2.73,2,0.325
27.25,12.37,3,0.086
35.91,3.45,2,0.338
24.96,10.0,2,0.118
229.35,1.18,2,0.076
22.98,1.21,1,0.024
46.99,1.51,1,0.301
14.41,1.15,1,0.0
34.64,19.51,3,0.093
31.15,16.16,3,0.077
18.61,0.99,1,0.014
158.44,1.74,2,0.059
242.75,1.09,2,0.051
47.18,11.06,2,0.107
133.6,2.2,2,0.059
41.13,3.4,2,0.421
16.28,0.58,1,0.024
43.83,3.34,2,0.364
245.89,2.73,2,0.052
255.83,3.07,2,0.027
240.43,1.62,3,0.008
25.21,3.82,4,0.359
24.75,1.53,1,0.011
64.33,2.44,3,0.377
33.43,4.07,3,0.369
196.38,3.51,2,0.012
29.38,0.89,2,0.0
213.64,1.85,2,0.063
151.38,2.21,2,0.023
158.53,1.12,3,0.041
225.32,3.1,1,0.016
8.18,0.94,1,0.023
31.26,14.16,4,0.027
164.44,2.34,2,0.076
33.83,3.04,2,0.391
166.57,2.06,2,0.001
53.5,2.11,2,0.332
166.16,1.2,2,0.082
46.5,8.94,2,0.118
227.06,0.98,2,0.06
42.76,11.92,3,0.19
27.21,2.4,2,0.351
42.1,13.78,3,0.166
172.22,0.81,1,0.017
38.72,4.41,2,0.285
31.32,10.64,2,0.04
197.65,1.67,2,0.09
198.36,2.11,2,0.061
41.25,2.21,1,0.489
54.04,4.25,2,0.358
40.25,8.04,3,0.15
34.4,3.66,1,0.296
21.85,1.16,1,0.029
46.56,15.58,3,0.124
54.81,0.96,2,0.287
29.5,0.94,1,0.02
49.75,1.98,2,0.382
138.26,1.34,2,0.063
38.1,10.62,4,0.162
219.07,2.5,2,0.061
28.8,10.89,4,0.163
172.44,1.99,2,0.091
183.16,1.88,2,0.032
170.64,2.04,3,0.027
22.85,0.78,2,0.043
228.73,1.78,2,0.012
135.89,1.56,2,0.035
42.69,4.19,1,0.257
176.46,1.79,3,0.044
60.49,3.77,2,0.436
44.49,3.19,2,0.376
33.05,1.52,2,0.381
190.92,3.1,2,0.062
43.2,3.22,2,0.175
18.25,1.62,1,0.0
21.77,0.82,1,0.034
45.47,2.66,2,0.43
50.15,3.11,2,0.364
37.38,12.19,2,0.104
165.28,3.02,3,0.0
40.21,3.32,2,0.331
26.66,1.49,2,0.0
191.31,0.9,2,0.102
213.36,3.15,3,0.038
51.54,2.54,2,0.342
213.86,1.66,2,0.074
28.3,0.2,1,0.019
34.9,12.9,4,0.098
32.83,10.21,2,0.115
31.25,0.87,1,0.018
42.07,2.64,3,0.447
36.6,13.51,3,0.077
28.55,14.99,2,0.112
34.16,0.73,1,0.035
29.17,0.32,1,0.03
34.61,10.53,3,0.049
15.71,1.45,2,0.0
36.78,2.72,2,0.211
219.39,1.68,2,0.0
227.09,3.09,3,0.028
21.33,1.19,1,0.009
53.36,2.39,1,0.422
47.08,2.86,2,0.473
35.56,0.67,3,0.389
24.08,11.97,2,0.108
34.24,15.79,2,0.086
24.57,1.58,1,0.002
38.54,9.09,3,0.098
38.7,2.12,3,0.378
225.52,2.96,2,0.039
56.9,3.33,2,0.432
53.96,12.95,3,0.105
17.41,9.97,3,0.135
30.27,12.0,3,0.118
63.64,3.67,2,0.389
162.7,1.8,2,0.016
156.97,1.9,1,0.044
58.72,3.05,2,0.321
220.19,1.1,1,0.094
60.15,13.81,3,0.077
256.45,1.39,1,0.034
51.95,2.9,2,0.313
267.26,2.11,2,0.057
43.53,12.8,2,0.091
45.88,4.42,2,0.379
157.01,0.73,3,0.0
125.28,2.03,3,0.05
204.01,2.05,2,0.024
29.97,13.66,2,0.077
19.29,0.7,1,0.0
44.24,2.11,2,0.229
22.31,1.17,1,0.022
242.58,1.34,2,0.087
42.94,3.15,3,0.293
56.56,3.48,2,0.176
24.1,0.35,1,0.032
23.84,0.95,1,0.022
30.87,0.57,1,0.024
165.86,2.11,3,0.068
146.97,1.83,3,0.008
27.77,0.55,1,0.013
29.12,0.23,1,0.0
48.15,4.06,2,0.304
186.45,2.17,2,0.12
47.14,1.66,2,0.19
46.21,10.59,3,0.109
153.03,1.77,2,0.0
44.72,2.16,3,0.428
48.29,2.64,2,0.353
23.62,10.06,4,0.19
129.63,2.4,1,0.0
264.51,2.16,2,0.086
171.56,0.99,2,0.075
41.51,11.15,4,0.134
40.86,11.46,3,0.147
47.16,2.43,2,0.312
262.43,1.73,2,0.042
40.11,5.52,3,0.173
58.87,1.52,2,0.333
180.83,2.66,3,0.043
38.44,11.31,3,0.104
45.38,10.31,3,0.122
36.88,4.34,2,0.286
244.78,2.97,3,0.044
52.02,1.53,2,0.255
214.39,3.0,3,0.093
20.04,12.12,1,0.103
161.32,0.91,3,0.062
30.44,11.16,2,0.052
187.02,2.53,1,0.068
200.98,2.03,3,0.057
56.08,2.9,2,0.199
219.83,1.91,1,0.027
178.83,1.19,3,0.033
40.42,2.94,3,0.519
21.86,1.37,1,0.001
39.84,10.68,3,0.123
37.49,1.03,1,0.029
230.59,1.81,3,0.047
26.1,1.08,1,0.048
28.64,13.69,4,0.059
53.38,1.78,3,0.289
179.25,2.88,1,0.066
269.03,2.26,3,0.037
49.11,3.04,1,0.225
44.29,2.41,2,0.522
24.83,1.17,2,0.0
32.47,12.75,3,0.127
56.48,4.06,2,0.214
20.11,1.33,1,0.059
33.78,2.34,2,0.234
33.0,3.0,2,0.223
45.08,14.07,4,0.17
24.51,12.5,3,0.159
38.65,15.22,4,0.04
217.42,2.06,2,0.035
46.93,4.92,2,0.288
31.23,8.73,4,0.119
32.02,2.64,2,0.598
207.61,1.31,2,0.046
31.36,13.33,3,0.038
235.74,1.87,3,0.0
21.02,9.83,4,0.047
20.13,0.87,1,0.033
30.97,6.95,4,0.072
15.63,10.59,3,0.177
42.33,2.09,2,0.301
47.05,8.44,3,0.138
27.46,9.64,3,0.152
263.77,2.99,2,0.069
227.29,2.3,1,0.017
202.1,2.13,2,0.048
22.88,1.42,1,0.005
25.55,1.82,1,0.024
61.18,2.99,2,0.46
212.72,2.16,2,0.079
35.08,12.13,3,0.095
55.25,3.45,2,0.358
25.74,11.63,3,0.151
214.28,2.36,3,0.063
34.86,2.9,2,0.436
24.83,17.21,3,0.084
224.44,1.15,2,0.041
51.57,11.89,3,0.056
50.15,8.02,3,0.068
21.23,14.34,2,0.119
21.87,1.53,1,0.0
39.31,4.25,1,0.454
47.24,1.37,1,0.36
29.19,11.42,2,0.158
59.2,3.24,2,0.368
32.55,1.54,1,0.013
29.65,1.19,1,0.013
39.37,2.27,2,0.391
44.26,2.22,2,0.374
22.46,1.02,1,0.018
27.38,2.53,2,0.233
19.79,0.62,1,0.06
38.65,16.32,4,0.071
27.17,0.85,1,0.027
55.36,3.39,2,0.233
225.63,3.0,2,0.04
34.9,15.27,3,0.12
38.16,12.29,2,0.046
217.17,1.79,2,0.11
32.4,11.5,2,0.124
23.74,13.76,2,0.066
274.31,1.85,3,0.046
181.0,2.4,2,0.018
40.35,3.02,2,0.364
202.62,1.61,2,0.082
26.79,1.18,1,0.023
29.89,1.41,1,0.0
49.4,3.21,2,0.291
197.19,1.27,2,0.028
226.66,0.2,2,0.095
30.69,0.64,1,0.021
227.15,2.49,3,0.076
45.6,12.9,3,0.201
64.52,2.16,2,0.334
45.38,2.56,2,0.285
37.05,13.61,3,0.159
37.62,2.66,2,0.317
21.18,10.71,4,0.121
13.24,1.84,1,0.039
55.18,2.15,1,0.37
226.7,2.67,2,0.0
153.54,3.31,2,0.057
29.37,0.37,1,0.011
13.25,1.32,1,0.0
36.25,13.51,3,0.055
56.16,2.67,1,0.24
25.59,0.58,1,0.0
29.3,12.81,2,0.074
24.78,1.5,1,0.042
28.13,0.75,2,0.038
41.55,3.0,3,0.306
46.74,12.35,2,0.093
194.88,0.94,2,0.02
168.76,2.09,2,0.041
197.78,1.89,2,0.04
27.99,12.6,3,0.103
32.6,14.87,3,0.144
16.84,0.66,1,0.0
34.76,16.59,3,0.058
45.26,13.64,3,0.157
48.67,3.48,1,0.284
55.03,11.52,3,0.129
29.5,1.12,2,0.032
142.02,1.27,2,0.033
18.95,0.97,1,0.012
56.62,16.66,3,0.123
36.26,1.45,1,0.01
231.17,1.81,3,0.0
201.46,1.25,2,0.075
27.45,0.51,1,0.005
205.46,2.5,1,0.084
22.89,1.25,1,0.022
37.59,9.69,4,0.074
24.25,14.95,2,0.099
26.17,7.24,3,0.065
42.72,3.26,1,0.421
211.52,1.66,1,0.039
35.69,1.01,1,0.031
31.82,13.73,3,0.075
52.06,2.84,2,0.23
48.09,3.87,1,0.446
25.88,2.56,3,0.492
216.37,2.15,3,0.027
51.62,3.14,1,0.283
249.05,1.67,3,0.074
46.65,13.19,3,0.048
30.44,2.24,3,0.306
207.98,2.4,2,0.028
23.35,1.99,1,0.018
204.09,1.48,2,0.094
28.44,3.62,2,0.492
28.42,9.58,2,0.121
188.36,2.24,2,0.074
27.88,10.09,2,0.149
254.0,2.14,2,0.071
34.58,15.76,4,0.097
28.51,0.54,1,0.01
32.94,17.0,2,0.048
38.81,3.01,2,0.427
11.17,1.05,1,0.017
44.19,7.45,3,0.089
29.57,4.77,1,0.457
25.89,14.05,2,0.052
28.93,8.48,4,0.058
20.52,0.73,1,0.001
30.21,11.91,2,0.08
30.02,11.11,4,0.119
30.41,0.55,1,0.042
32.0,12.18,2,0.087
216.05,2.48,2,0.119
48.39,2.86,2,0.3
25.93,11.45,4,0.062
27.0,13.01,3,0.104
41.99,2.29,2,0.4
17.7,0.93,1,0.013
32.28,3.19,2,0.367
22.72,0.49,1,0.0
228.34,1.82,2,0.023
38.08,10.27,3,0.104
37.1,13.39,2,0.14
43.33,11.03,2,0.168
236.71,1.81,2,0.053
33.15,14.42,2,0.062
54.77,2.28,1,0.252
54.58,2.41,2,0.277
169.25,1.08,2,0.065
49.9,3.83,2,0.419
20.72,10.1,3,0.049
39.88,12.7,5,0.073
25.16,14.25,3,0.162
30.68,13.92,3,0.094
48.04,2.68,1,0.307
22.46,1.66,1,0.011
25.99,0.79,2,0.039
15.53,14.01,3,0.097
218.22,1.95,2,0.012
30.76,12.06,4,0.102
20.28,0.89,1,0.009
35.8,12.25,4,0.112
159.68,0.87,3,0.034
164.89,2.07,2,0.02
34.3,0.43,1,0.001
166.96,1.42,1,0.026
205.11,0.98,2,0.003
40.35,0.83,1,0.0
186.65,1.43,2,0.063
206.7,1.74,1,0.001
35.09,2.11,1,0.329
27.02,1.21,1,0.016
228.01,3.07,2,0.046
189.76,1.86,2,0.09
226.4,2.27,2,0.08
21.92,8.48,4,0.103
40.33,11.68,2,0.083
65.63,2.34,2,0.481
149.32,1.85,2,0.052
58.38,2.82,3,0.33
231.13,1.68,2,0.037
26.92,1.06,1,0.0
201.19,2.16,2,0.051
228.57,2.11,2,0.038
19.61,0.75,1,0.051
23.41,3.04,3,0.411
42.94,3.4,2,0.302
188.96,0.86,3,0.057
217.0,2.44,2,0.051
28.85,0.84,1,0.034
256.75,2.0,2,0.078
53.54,2.95,2,0.231
31.57,11.55,3,0.116
47.22,3.17,3,0.346
45.51,2.74,1,0.318
39.94,2.28,2,0.357
10.35,1.25,1,0.04
38.8,9.95,3,0.076
178.47,1.17,2,0.097
25.11,8.88,3,0.123
58.69,1.89,2,0.331
47.51,3.3,2,0.211
52.2,14.71,3,0.068
202.75,1.9,2,0.123
26.72,3.81,2,0.28
34.31,6.87,3,0.122
36.34,10.01,3,0.071
31.22,3.21,3,0.216
25.34,1.21,1,0.045
29.53,3.73,2,0.43
25.46,3.74,2,0.363
52.62,9.42,2,0.171
49.51,1.34,2,0.225
29.11,2.24,1,0.059
30.49,12.46,2,0.084
52.33,2.79,2,0.19
42.78,3.29,2,0.255
37.81,4.56,2,0.28
22.24,1.14,1,0.013
47.19,2.1,2,0.336
40.46,15.2,2,0.037
39.21,10.49,3,0.153
185.12,1.65,3,0.05
166.84,2.47,2,0.089
13.59,1.73,1,0.0
34.44,0.39,1,0.022
36.8,11.69,4,0.083
44.96,2.53,1,0.343
203.9,1.62,1,0.081
47.89,5.05,2,0.326
31.12,14.78,4,0.102
41.03,12.01,2,0.03
27.73,0.67,1,0.042
179.27,1.99,2,0.017
40.66,7.71,4,0.109
40.27,1.81,1,0.388
69.78,3.48,2,0.392
22.63,0.93,1,0.017
248.61,1.97,2,0.085
26.49,13.44,3,0.101
183.2,2.02,1,0.029
35.87,11.57,3,0.106
42.47,3.71,1,0.479
66.14,2.54,2,0.363
28.99,11.75,3,0.104
30.57,14.9,3,0.024
41.85,14.09,3,0.14
44.14,2.11,3,0.478
29.23,9.31,2,0.096
234.08,2.31,3,0.028
233.61,2.43,3,0.055
47.8,10.18,4,0.051
41.36,4.41,2,0.287
21.01,0.66,1,0.024
22.57,1.18,2,0.001
38.72,16.09,4,0.152
199.2,2.14,2,0.074
42.42,12.07,2,0.11
215.67,2.32,3,0.0
216.89,1.45,1,0.082
49.11,2.0,1,0.439
187.65,1.57,2,0.046
54.58,2.85,2,0.348
39.12,12.12,4,0.071
233.85,2.91,1,0.041
36.64,11.67,2,0.138
30.72,7.3,3,0.093
22.68,10.84,3,0.008
210.39,1.25,2,0.0
50.43,3.33,3,0.328
60.07,2.05,2,0.228
35.24,12.7,2,0.119
21.01,0.3,1,0.043
216.45,1.79,2,0.082
36.73,16.9,4,0.158
43.36,3.07,2,0.426
155.8,2.06,1,0.045
41.4,16.76,3,0.044
59.49,2.88,2,0.337
26.35,13.73,2,0.08
26.54,3.1,2,0.366
45.0,3.43,1,0.334
47.53,3.42,2,0.441
55.92,2.25,2,0.311
38.34,2.42,2,0.335
35.33,14.33,4,0.143
8.64,0.83,1,0.007
219.22,3.16,2,0.095
49.82,1.71,2,0.264
19.36,3.54,2,0.255
243.19,1.53,2,0.047
159.59,1.97,2,0.044
47.06,4.07,2,0.329
23.14,0.77,1,0.0
160.55,2.29,2,0.032
41.93,2.41,2,0.409
22.4,1.5,1,0.002
160.74,1.75,1,0.04
166.84,1.63,3,0.075
216.41,1.91,1,0.083
23.57,1.14,1,0.004
19.47,1.45,1,0.033
192.84,2.29,2,0.077
20.14,14.27,4,0.101
196.3,1.99,3,0.017
198.63,1.78,2,0.071
171.72,2.78,2,0.027
28.0,11.17,3,0.128
31.44,10.76,3,0.098
47.28,10.79,4,0.126
220.45,2.71,2,0.019
183.91,1.17,2,0.05
31.54,3.66,1,0.377
49.85,3.56,2,0.276
228.93,1.91,2,0.101
43.84,2.44,3,0.352
41.38,1.86,2,0.287
247.47,2.22,2,0.047
221.5,2.42,3,0.059
16.77,1.41,1,0.029
192.3,2.12,2,0.11
33.26,4.78,2,0.266
39.29,2.8,3,0.35
64.03,0.74,2,0.336
179.87,2.65,2,0.051
28.15,14.3,3,0.121
142.98,2.41,2,0.04
42.33,3.32,2,0.327
36.64,1.49,1,0.021
22.27,4.57,2,0.199
28.94,0.74,1,0.0
246.31,1.46,2,0.06
163.35,2.72,3,0.049
193.11,2.13,1,0.068
200.02,1.88,2,0.057
147.84,1.07,3,0.071
210.74,1.72,2,0.05
28.4,3.5,3,0.412
191.76,1.57,2,0.066
40.63,8.82,3,0.107
42.12,14.05,3,0.135
214.78,2.09,3,0.071
219.6,1.39,2,0.011
38.54,14.26,3,0.11
41.35,15.14,2,0.083
28.21,11.02,3,0.068
44.58,3.26,2,0.419
56.34,3.25,2,0.362
33.71,11.48,3,0.097
38.51,3.09,2,0.407
35.69,13.03,4,0.151
20.65,1.57,1,0.033
31.31,9.17,3,0.13
163.07,1.61,3,0.076
148.99,1.81,2,0.074
193.32,2.85,2,0.048
39.84,3.56,2,0.25
26.04,13.54,4,0.075
41.99,2.14,2,0.331
26.56,8.67,3,0.101
28.25,8.87,2,0.152
49.72,13.27,3,0.075
46.68,1.98,3,0.272
260.14,2.23,2,0.028
30.86,2.89,1,0.217
43.67,15.87,3,0.108
39.38,9.33,4,0.167
22.78,9.76,2,0.127
35.21,3.87,2,0.441
158.17,3.02,2,0.075
31.7,16.47,2,0.115
27.05,15.47,3,0.107
203.13,2.18,2,0.0
40.66,1.57,2,0.272
41.57,11.27,3,0.16
35.16,14.06,2,0.106
47.67,2.51,2,0.313
25.05,1.31,1,0.073
44.75,15.24,3,0.02
42.49,4.39,2,0.397
44.8,3.55,1,0.351
49.28,2.03,1,0.349
43.0,10.64,4,0.059
46.1,9.22,2,0.127
154.61,1.77,2,0.051
43.61,3.47,2,0.437
226.25,2.27,3,0.025
43.8,3.17,2,0.432
36.8,2.92,2,0.315
50.46,2.2,1,0.371
163.85,2.4,2,0.032
218.67,2.41,3,0.072
228.42,1.84,2,0.055
11.11,1.3,2,0.025
25.54,3.27,2,0.328
16.53,1.15,1,0.019
193.19,1.56,2,0.0
214.37,1.56,2,0.053
46.82,3.68,1,0.344
59.46,13.23,5,0.105
187.93,2.02,3,0.061
41.21,11.52,3,0.127
187.1,2.3,3,0.1
185.2,2.94,2,0.036
180.77,1.4,2,0.09
18.76,0.94,1,0.04
43.65,2.82,3,0.338
36.59,16.14,2,0.113
39.89,2.31,2,0.368
22.52,0.78,2,0.06
204.88,1.83,2,0.048
43.7,11.86,4,0.121
186.37,1.31,2,0.0
136.85,1.9,2,0.039
42.39,11.41,3,0.15
33.87,1.94,2,0.404
182.53,1.99,2,0.066
21.67,1.03,1,0.032
31.34,1.31,1,0.043
27.04,0.86,1,0.025
212.91,0.67,2,0.014
42.66,4.51,3,0.297
205.92,1.89,2,0.08
233.76,2.2,3,0.097
42.91,4.23,2,0.199
185.39,1.49,2,0.032
50.77,3.97,3,0.353
160.77,1.81,1,0.051
219.69,2.42,2,0.12
32.32,15.33,2,0.105
42.88,2.13,2,0.299
42.31,8.76,4,0.108
183.36,1.34,1,0.004
118.77,2.75,2,0.066
37.21,11.28,4,0.104
183.63,1.76,2,0.072
35.47,14.22,2,0.125
45.87,2.7,3,0.375
31.7,0.4,1,0.023
23.23,12.39,3,0.063
62.9,3.6,2,0.199
17.96,1.23,2,0.027
47.16,2.69,3,0.261
20.96,1.27,1,0.018
227.16,0.94,2,0.009
38.07,5.12,3,0.132
205.75,2.14,2,0.048
27.57,0.86,1,0.045
200.75,1.41,2,0.018
38.76,11.17,3,0.092
17.22,1.83,1,0.0
22.57,14.89,3,0.052
24.79,1.28,1,0.037
194.78,2.83,3,0.044
24.71,1.6,1,0.023
45.65,4.21,2,0.287
158.09,2.99,2,0.003
219.64,2.91,3,0.073
191.19,2.4,2,0.108
196.94,2.25,2,0.043
153.56,1.02,1,0.058
40.1,2.17,2,0.335
52.54,2.87,2,0.413
231.02,2.98,1,0.047
44.94,4.17,2,0.214
235.37,1.76,2,0.059
31.24,10.48,2,0.094
32.96,10.15,3,0.057
42.76,3.23,2,0.442
41.81,3.91,2,0.359
47.35,3.14,2,0.402
26.98,11.53,3,0.144
134.61,2.1,1,0.059
21.22,1.49,1,0.017
34.68,13.49,3,0.077
43.16,1.76,2,0.423
175.65,1.52,3,0.051
35.49,12.19,4,0.1
34.54,9.41,3,0.084
51.82,3.27,2,0.274
51.87,1.98,3,0.38
181.51,2.39,3,0.028
30.59,12.81,2,0.065
42.3,3.14,2,0.192
158.47,2.39,2,0.05
40.94,2.83,2,0.296
19.43,0.73,1,0.038
185.35,2.87,2,0.038
38.57,11.96,3,0.114
52.4,3.47,1,0.441
40.2,9.31,2,0.13
204.91,3.05,2,0.022
23.9,1.34,1,0.04
203.09,2.57,2,0.043
235.88,1.87,3,0.078
33.54,7.78,3,0.121
203.66,1.24,3,0.012
31.21,9.94,3,0.058
38.43,4.95,2,0.362
24.02,11.08,3,0.127
21.16,0.53,1,0.035
44.49,13.49,2,0.083
26.49,13.66,2,0.14
32.8,2.39,2,0.491
41.44,11.26,1,0.091
41.36,3.82,1,0.324
46.41,1.93,1,0.493
23.16,0.58,1,0.0
42.25,3.68,2,0.302
35.19,12.74,3,0.088
205.47,2.11,2,0.063
218.06,2.01,1,0.0
20.32,1.15,1,0.038
19.74,1.25,1,0.033
217.44,2.38,1,0.06
37.42,10.3,4,0.095
176.19,2.37,1,0.052
184.39,2.26,2,0.001
32.58,1.55,1,0.038
40.56,1.29,2,0.418
31.34,3.74,3,0.178
45.82,3.63,2,0.273
169.12,1.33,2,0.068
141.06,2.31,2,0.045
42.25,10.51,4,0.107
26.98,14.4,2,0.08
27.9,3.58,2,0.586
41.83,13.92,3,0.107
36.96,10.03,4,0.0
32.36,14.85,3,0.051
41.63,4.11,3,0.272
50.11,3.65,2,0.301
46.69,15.81,4,0.075
20.68,0.84,1,0.014
197.36,2.15,3,0.066
16.99,0.87,1,0.019
32.0,11.56,3,0.13
36.75,10.34,2,0.109
32.83,3.98,2,0.404
22.52,1.19,1,0.017
26.17,1.28,1,0.012
23.18,0.5,1,0.035
37.89,4.25,2,0.176
23.35,10.26,4,0.106
37.4,12.36,4,0.008
28.45,0.68,1,0.007
198.17,2.35,2,0.09
58.42,2.41,2,0.225
169.33,2.65,2,0.068
193.27,2.53,3,0.02
24.15,1.28,1,0.023
197.38,3.02,2,0.054
25.57,3.11,2,0.248
41.48,1.13,1,0.013
39.03,11.82,3,0.141
191.35,1.93,3,0.081
49.35,2.23,2,0.257
35.01,4.26,1,0.245
164.12,2.23,3,0.073
203.46,1.87,2,0.002
172.95,1.42,2,0.04
44.94,4.07,1,0.31
191.73,2.3,1,0.048
232.37,2.35,2,0.07
40.63,3.86,2,0.409
46.94,10.34,2,0.104
51.92,3.29,3,0.284
48.12,2.0,2,0.196
26.67,9.21,2,0.028
243.82,1.72,1,0.076
166.82,2.13,2,0.118
44.32,13.82,2,0.129
30.87,2.35,2,0.415
27.1,13.77,4,0.162
20.08,9.82,2,0.131
36.9,12.09,3,0.021
35.4,2.55,3,0.3
30.31,0.94,1,0.026
19.14,1.31,1,0.022
37.79,12.12,2,0.04
114.36,3.28,1,0.047
45.51,12.2,4,0.111
48.45,3.26,1,0.286
26.22,16.15,4,0.145
43.42,12.53,3,0.144
36.44,11.91,2,0.136
236.91,2.09,2,0.025
202.77,3.46,2,0.04
40.7,9.65,4,0.157
47.31,10.28,3,0.035
37.61,3.43,2,0.332
43.63,3.71,1,0.343
36.1,12.14,3,0.07
41.92,1.86,1,0.325
203.42,0.83,2,0.064
40.02,3.87,2,0.359
29.89,14.73,4,0.09
220.93,1.68,1,0.055
24.51,1.75,2,0.0
193.57,1.68,1,0.051
246.83,2.72,3,0.062
23.97,2.82,2,0.421
182.62,2.14,2,0.095
43.14,2.24,2,0.283
166.75,1.85,2,0.051
16.68,11.9,3,0.013
28.67,10.9,3,0.123
31.65,11.15,5,0.108
30.97,10.46,2,0.135
171.48,1.51,1,0.031
213.45,1.85,2,0.078
29.48,1.33,1,0.042
25.55,1.35,1,0.018
27.86,1.03,1,0.021
48.79,2.93,1,0.283
30.41,10.79,3,0.046
42.97,3.41,2,0.396
159.39,1.79,2,0.03
28.11,1.12,2,0.013
37.44,13.12,2,0.068
25.14,11.57,3,0.141
46.15,3.32,2,0.324
37.46,2.39,2,0.476
33.97,17.07,4,0.078
35.21,2.61,2,0.275
148.55,1.99,2,0.047
211.14,2.6,3,0.07
29.98,13.44,3,0.062
46.83,3.32,2,0.299
55.79,3.77,2,0.305
42.62,2.1,2,0.418
178.58,2.2,1,0.019
39.15,2.93,2,0.339
25.26,1.02,1,0.0
23.06,16.96,4,0.153
187.9,1.31,2,0.057
193.28,2.03,3,0.096
212.21,3.26,1,0.091
238.33,1.46,2,0.056
215.44,1.72,3,0.051
41.61,4.09,2,0.417
29.0,10.58,3,0.157
181.27,3.85,2,0.064
48.22,9.93,4,0.116
211.24,1.81,2,0.022
25.48,3.3,2,0.353
44.46,16.06,3,0.053
232.86,2.2,2,0.031
30.08,3.14,2,0.341
28.05,0.88,1,0.018
27.02,0.68,2,0.012
46.21,1.72,2,0.476
18.46,1.25,1,0.012
177.86,1.39,4,0.087
255.97,2.87,3,0.03
34.43,9.37,3,0.026
19.96,1.33,1,0.006
27.43,1.05,1,0.043
26.58,9.09,3,0.123
27.57,13.75,4,0.112
55.54,2.5,2,0.216
204.15,1.99,1,0.077
23.38,0.67,1,0.016
51.35,13.79,1,0.135
52.68,3.66,2,0.445
36.1,13.35,3,0.103
199.39,2.04,2,0.024
25.12,0.34,1,0.012
26.08,1.63,1,0.029
191.74,1.07,2,0.117
25.46,10.91,1,0.072
137.74,2.4,1,0.013
23.77,1.46,1,0.003
214.2,1.75,2,0.046
41.27,3.14,1,0.453
164.97,2.25,1,0.035
186.45,2.39,3,0.08
178.1,1.82,2,0.036
30.35,0.2,1,0.041
23.34,12.01,3,0.1
212.15,1.69,3,0.032
206.95,2.89,2,0.044
24.47,0.85,1,0.026
23.55,12.23,3,0.132
198.39,1.72,1,0.033
31.47,11.16,2,0.054
45.47,2.25,2,0.337
44.12,1.23,1,0.313
235.01,2.84,2,0.017
245.47,0.82,1,0.062
181.73,1.44,2,0.018
32.67,10.21,2,0.079
199.15,1.53,2,0.027
227.44,1.46,3,0.045
46.51,3.34,2,0.332
221.35,1.67,1,0.037
178.38,2.29,2,0.054
41.48,12.0,2,0.131
56.93,3.27,3,0.197
13.25,0.7,1,0.038
13.58,1.94,1,0.045
44.97,1.54,2,0.473
28.57,9.79,3,0.057
33.51,11.57,2,0.11
183.01,2.54,1,0.077
174.36,2.52,3,0.095
22.69,0.47,1,0.017
35.3,1.18,1,0.005
28.09,1.23,1,0.027
36.61,14.34,3,0.068
31.3,0.61,1,0.057
20.74,13.27,4,0.14
34.04,1.23,2,0.015
43.73,3.4,1,0.298
175.01,1.72,3,0.048
197.17,1.53,3,0.04
45.06,1.38,1,0.274
49.06,2.34,2,0.336
159.54,2.86,2,0.065
176.38,2.12,1,0.048
35.28,0.93,1,0.039
214.17,1.7,2,0.028
21.44,1.39,1,0.026
28.62,1.08,1,0.003
29.22,9.69,3,0.111
197.77,1.97,2,0.088
48.21,11.71,2,0.068
29.24,13.44,4,0.12
15.8,0.95,1,0.038
228.48,2.11,2,0.043
190.9,1.36,1,0.0
235.39,2.15,2,0.07
29.02,16.48,1,0.055
173.17,2.33,2,0.111
225.49,2.63,2,0.031
19.88,0.31,1,0.0
47.02,2.2,3,0.182
193.22,1.05,3,0.057
234.77,1.87,3,0.05
262.48,1.97,2,0.111
216.9,2.89,2,0.034
35.97,3.24,2,0.334
166.0,1.67,2,0.051
191.86,2.17,1,0.084
190.73,2.67,3,0.035
181.03,2.51,2,0.048
43.58,2.07,3,0.207
33.11,0.74,2,0.029
30.74,12.82,3,0.145
36.89,3.85,3,0.283
212.98,0.97,2,0.068
26.84,14.22,2,0.075
16.24,1.64,2,0.0
259.5,1.59,2,0.05
51.78,4.0,3,0.394
32.38,10.76,4,0.0
218.0,1.6,1,0.0
19.57,1.2,1,0.003
24.01,0.95,1,0.025
186.92,2.28,3,0.063
48.99,2.64,1,0.387
21.66,0.81,2,0.03
209.07,3.03,1,0.002
49.45,4.09,2,0.36
234.72,2.02,1,0.037
23.24,1.24,1,0.019
165.77,0.59,2,0.088
42.1,14.51,2,0.087
160.19,1.68,2,0.042
34.34,3.96,1,0.392
49.7,12.09,3,0.1
52.26,3.58,3,0.223
43.99,2.4,2,0.469
57.06,10.78,3,0.091
40.34,14.17,3,0.04
46.36,2.43,1,0.338
31.73,14.16,3,0.067
148.07,2.73,2,0.002
38.16,15.52,4,0.077
50.45,10.32,3,0.027
29.89,9.56,2,0.102
199.02,0.2,1,0.088
40.83,10.45,3,0.138
36.38,3.29,1,0.327
46.37,4.19,2,0.306
28.98,2.38,3,0.336
18.6,1.78,1,0.0
209.05,1.76,3,0.064
49.4,2.61,2,0.442
22.38,0.71,1,0.0
20.63,0.55,1,0.03
186.94,1.78,2,0.052
40.04,2.51,3,0.27
191.84,1.24,2,0.052
65.48,3.52,2,0.36
241.79,1.79,2,0.028
45.83,3.34,3,0.376
251.4,1.79,3,0.09
38.29,2.24,2,0.307
50.46,3.03,2,0.392
23.83,1.35,2,0.013
36.97,4.77,2,0.348
31.63,11.54,3,0.124
25.58,1.27,1,0.0
36.66,16.31,3,0.087
188.24,2.56,1,0.095
50.37,2.33,2,0.392
45.31,4.06,3,0.262
214.45,1.91,1,0.037
40.74,2.81,2,0.337
20.44,0.98,1,0.056
202.58,2.6,2,0.067
36.81,1.98,2,0.419
49.85,2.55,2,0.222
56.53,3.15,3,0.389
22.61,3.57,2,0.264
43.81,9.87,1,0.112
204.03,1.78,2,0.044
201.99,1.54,3,0.041
192.45,2.01,2,0.037
24.94,3.19,2,0.284
41.76,13.7,3,0.106
194.86,1.52,2,0.073
40.35,11.97,3,0.038
28.38,1.38,1,0.02
6.82,1.18,1,0.038
18.33,1.03,1,0.046
44.48,3.13,2,0.306
21.75,1.03,1,0.01
34.45,3.2,2,0.301
40.12,8.95,4,0.186
16.97,1.27,1,0.042
37.37,13.28,3,0.177
222.65,2.73,2,0.044
43.49,12.86,4,0.123
160.53,2.27,2,0.023
168.74,1.55,2,0.051
15.39,1.09,1,0.0
207.38,3.6,2,0.034
38.23,10.47,3,0.074
82.66,1.66,2,0.081
34.12,1.97,2,0.422
25.68,1.49,1,0.024
162.36,1.52,2,0.083
130.04,1.76,1,0.085
193.36,1.22,1,0.05
44.25,14.23,3,0.123
43.02,1.69,2,0.404
32.91,7.53,3,0.002
182.7,0.95,2,0.115
245.5,1.45,2,0.015
40.96,14.09,2,0.098
37.95,3.21,2,0.351
31.15,13.19,1,0.129
44.11,13.19,2,0.071
32.53,0.59,1,0.008
13.3,1.15,1,0.01
53.74,4.26,1,0.356
31.88,10.19,4,0.095
40.19,13.89,2,0.118
27.66,12.31,2,0.021
40.28,2.83,2,0.379
44.79,14.39,4,0.1
56.54,2.28,2,0.315
62.76,1.49,2,0.279
58.43,2.0,2,0.285
186.92,3.23,2,0.032
35.85,4.56,2,0.387
36.88,15.1,4,0.072
198.03,2.65,1,0.079
42.6,12.44,2,0.14
29.01,0.71,1,0.024
216.85,2.17,1,0.001
37.01,10.85,3,0.064
22.17,1.39,2,0.017
41.53,1.47,2,0.41
24.2,0.92,1,0.023
162.46,2.46,2,0.041
179.91,2.14,3,0.079
119.19,1.31,1,0.041
216.1,2.3,1,0.055
12.64,0.91,1,0.017
38.69,3.71,2,0.377
40.99,14.22,4,0.096
173.86,2.34,1,0.033
22.27,4.25,3,0.335
31.64,13.55,3,0.131
36.43,10.32,2,0.122
34.32,11.83,2,0.061
33.6,17.38,2,0.064
130.01,3.06,1,0.023
36.55,10.84,3,0.117
221.47,2.19,2,0.055
30.85,10.09,4,0.086
184.73,1.96,1,0.078
37.74,2.77,1,0.399
30.84,3.69,2,0.362
29.83,1.2,1,0.0
39.85,12.72,4,0.067
16.97,0.65,1,0.008
23.49,19.15,3,0.192
27.91,2.27,2,0.147
240.67,2.22,3,0.022
33.17,2.13,2,0.376
207.95,1.62,1,0.0
27.49,1.09,1,0.035
36.83,13.2,3,0.125
41.59,14.29,2,0.081
153.17,1.71,2,0.036
22.87,1.47,1,0.041
180.79,1.76,2,0.071
177.52,2.23,3,0.056
192.11,1.23,3,0.02
33.18,12.57,2,0.023
34.63,11.63,4,0.093
197.94,1.69,2,0.021
25.43,8.45,4,0.154
52.04,14.81,4,0.08
202.66,3.29,2,0.033
186.61,2.19,2,0.058
51.32,3.61,2,0.321
31.59,11.94,3,0.165
40.0,9.15,2,0.01
187.38,1.72,1,0.074
45.63,2.89,2,0.403
41.93,15.48,4,0.08
52.96,2.37,1,0.438
53.61,1.87,2,0.44
34.3,1.65,1,0.003
29.53,1.24,1,0.025
193.41,1.78,3,0.003
34.62,13.26,2,0.079
226.79,2.72,3,0.074
42.7,2.93,1,0.314
49.88,2.53,2,0.297
14.61,13.85,4,0.117
57.96,4.29,2,0.326
39.84,3.71,2,0.325
47.09,4.35,3,0.406
48.98,2.27,2,0.341
37.3,4.42,2,0.248
25.89,11.32,2,0.101
196.34,1.96,3,0.031
27.93,15.25,4,0.067
248.49,2.31,2,0.021
23.97,17.51,4,0.076
47.94,3.45,2,0.31
33.74,12.77,2,0.055
23.82,8.81,3,0.059
208.79,1.93,2,0.058
38.91,13.35,3,0.035
234.64,3.01,1,0.068
43.92,2.55,3,0.514
16.55,0.87,1,0.044
40.08,9.73,3,0.068
168.25,2.69,1,0.084
19.43,1.25,1,0.021
34.89,11.64,2,0.069
210.94,1.82,3,0.024
40.14,3.68,1,0.311
217.01,1.07,2,0.053
39.76,15.2,5,0.104
50.81,7.08,3,0.131
30.53,11.7,3,0.133
25.64,7.6,3,0.066
191.82,2.16,2,0.001
63.2,2.75,2,0.267
24.55,1.52,1,0.004
130.43,2.32,1,0.029
34.37,11.99,4,0.068
25.86,10.2,3,0.061
167.78,2.92,2,0.043
28.66,0.9,1,0.048
39.29,14.01,3,0.106
225.73,1.36,2,0.052
22.91,0.44,1,0.02
19.15,12.39,3,0.1
23.63,1.45,1,0.045
164.98,1.66,2,0.057
191.5,1.84,2,0.055
38.0,8.94,3,0.148
219.81,2.52,1,0.017
40.68,2.21,2,0.457
228.97,2.53,3,0.05
38.94,3.16,3,0.143
48.26,3.47,2,0.292
203.48,2.18,3,0.062
48.94,11.73,2,0.123
121.48,1.02,2,0.052
37.45,8.28,3,0.022
46.29,11.8,2,0.069
40.2,2.67,3,0.293
165.71,1.72,2,0.058
219.46,1.22,3,0.0
170.99,2.56,2,0.06
202.08,0.62,3,0.026
224.82,1.75,1,0.046
40.56,13.9,2,0.124
253.13,2.26,3,0.042
27.19,1.17,1,0.032
208.46,2.66,2,0.054
28.62,15.28,4,0.079
28.69,7.5,3,0.088
36.91,1.72,1,0.0
37.55,1.39,2,0.337
50.93,12.26,2,0.097
33.43,8.29,3,0.131
29.61,2.23,1,0.029
193.07,1.85,3,0.043
33.43,10.68,3,0.117
232.69,1.47,2,0.047
208.69,2.28,2,0.079
37.32,10.26,4,0.157
51.6,2.64,1,0.309
220.3,2.15,2,0.047
199.53,2.06,1,0.048
54.82,3.75,2,0.438
170.04,1.93,3,0.043
31.67,2.92,2,0.314
243.6,2.54,2,0.027
34.75,10.11,3,0.024
23.2,1.39,1,0.031
49.38,3.99,1,0.553
54.41,2.24,2,0.474
22.37,0.68,1,0.04
42.79,2.06,2,0.373
34.76,0.78,1,0.019
30.82,18.23,3,0.071
50.96,3.7,1,0.393
205.77,2.35,2,0.037
29.19,1.35,1,0.0
168.6,1.91,2,0.067
48.27,3.1,2,0.396
48.75,2.7,1,0.431
209.91,1.72,2,0.049
36.31,8.98,2,0.109
18.33,0.94,1,0.02
167.91,1.76,1,0.016
24.97,0.34,1,0.032
55.12,2.92,1,0.303
32.02,12.79,4,0.124
215.73,2.01,2,0.0
33.36,3.86,1,0.323
239.82,2.46,2,0.0
37.2,4.14,1,0.379
18.1,17.1,3,0.148
35.13,15.65,3,0.059
20.75,1.04,1,0.0
235.27,1.24,2,0.071
20.31,11.24,3,0.089
243.03,1.78,1,0.114
34.64,0.33,1,0.026
43.17,12.12,3,0.071
44.62,4.85,2,0.412
39.11,10.82,3,0.041
44.11,3.51,1,0.359
201.93,2.04,2,0.02
24.63,13.12,4,0.091
196.57,2.64,2,0.095
32.63,1.54,1,0.044
28.97,14.28,4,0.143
36.87,13.26,4,0.072
44.01,2.77,2,0.514
40.83,3.52,2,0.385
39.13,15.65,3,0.113
25.14,10.22,3,0.156
38.27,2.63,1,0.398
224.15,1.51,2,0.039
50.51,3.72,2,0.232
40.97,2.93,1,0.248
19.13,0.5,1,0.056
37.94,11.33,4,0.139
45.5,3.39,2,0.429
40.85,12.88,4,0.059
30.61,1.29,1,0.455
154.11,2.49,2,0.09
28.3,13.64,3,0.176
32.11,14.04,2,0.057
43.08,4.79,2,0.479
237.74,1.01,3,0.059
62.79,1.74,2,0.368
32.55,1.21,1,0.0
27.39,10.17,3,0.059
62.19,2.13,2,0.45
43.12,16.91,3,0.062
35.91,0.69,1,0.049
208.64,2.28,1,0.076
49.74,3.37,3,0.312
39.59,10.9,3,0.103
201.13,1.92,2,0.062
45.29,13.92,4,0.089
40.01,16.37,3,0.125
37.47,2.62,1,0.274
35.71,2.53,2,0.28
38.69,2.89,2,0.293
26.1,1.11,1,0.016
17.42,0.46,1,0.021
56.89,3.94,2,0.321
217.83,2.9,3,0.025
191.72,1.79,2,0.07
185.48,1.95,1,0.027
20.85,10.54,3,0.123
192.63,2.07,3,0.012
53.24,3.08,2,0.274
196.76,3.28,2,0.067
38.38,12.15,3,0.102
215.87,2.99,2,0.086
34.45,2.95,3,0.419
168.05,2.79,2,0.005
40.05,7.73,2,0.099
53.53,3.04,2,0.21
49.15,1.95,2,0.316
123.93,1.78,1,0.064
41.44,11.62,3,0.044
10.72,12.1,2,0.092
195.16,2.26,2,0.027
23.5,13.95,4,0.149
37.25,12.11,3,0.149
145.95,2.65,2,0.016
23.32,8.99,3,0.054
46.52,2.96,1,0.402
55.35,3.08,1,0.515
31.5,0.76,1,0.006
176.17,2.04,2,0.009
31.97,13.22,3,0.117
211.47,3.04,1,0.089
212.06,2.47,1,0.037
19.4,0.94,1,0.04
183.96,2.56,2,0.074
36.01,1.52,2,0.332
53.72,2.81,1,0.361
46.37,10.23,3,0.029
40.75,10.25,4,0.129
37.04,16.79,3,0.136
26.87,0.93,2,0.02
230.5,2.27,1,0.031
48.91,11.75,2,0.092
30.65,10.09,4,0.114
23.69,14.09,5,0.092
27.28,12.51,3,0.084
42.78,2.69,1,0.273
197.45,1.41,2,0.014
40.96,3.36,2,0.46
219.96,2.48,1,0.058
23.59,1.42,2,0.031
34.81,12.47,2,0.08
39.67,14.75,3,0.042
40.62,13.49,2,0.147
38.24,9.13,3,0.121
48.89,2.15,2,0.318
30.71,0.77,1,0.055
38.27,9.45,3,0.058
54.42,3.7,2,0.287
206.78,2.03,2,0.043
37.23,14.13,4,0.072
28.41,1.79,1,0.062
36.05,2.51,3,0.419
43.14,2.16,2,0.321
31.55,0.92,2,0.028
49.09,3.15,2,0.383
26.81,0.81,1,0.03
54.65,2.15,3,0.444
44.69,3.84,3,0.212
34.5,1.54,1,0.02
50.01,2.22,3,0.371
190.77,0.5,2,0.015
254.71,2.95,3,0.032
35.31,1.17,1,0.0
49.76,12.93,2,0.067
193.49,2.42,2,0.032
192.86,2.86,2,0.029
46.77,3.62,2,0.332
188.61,2.3,2,0.045
27.74,10.51,3,0.052
27.57,0.66,1,0.011
241.03,2.15,2,0.032
54.68,1.51,3,0.313
55.41,2.97,2,0.288
224.88,1.64,2,0.083
21.1,2.5,2,0.398
47.1,2.57,2,0.305
36.46,3.81,2,0.325
37.15,11.78,4,0.055
241.41,2.45,2,0.042
22.85,0.53,1,0.0
51.89,2.2,4,0.396
54.93,2.73,1,0.362
34.65,9.16,3,0.118
29.34,1.68,1,0.035
25.21,0.93,1,0.0
30.32,14.13,5,0.129
28.86,7.7,3,0.083
53.73,3.8,2,0.34
29.39,11.97,2,0.056
12.42,0.98,1,0.046
136.15,2.44,2,0.101
252.36,0.97,3,0.065
188.4,1.79,3,0.106
16.78,0.22,1,0.031
33.49,14.97,3,0.085
34.37,13.62,3,0.081
46.65,12.03,2,0.104
36.16,12.25,3,0.063
32.38,8.85,3,0.154
20.71,1.48,1,0.037
173.52,1.93,2,0.056
21.57,12.23,4,0.087
35.32,3.51,3,0.363
33.69,1.71,1,0.206
57.93,2.13,2,0.293
61.25,3.73,2,0.319
47.75,12.07,2,0.09
198.55,2.1,2,0.04
27.06,15.6,2,0.117
52.94,2.09,2,0.328
33.1,12.84,4,0.11
215.99,0.78,1,0.02
47.22,3.85,2,0.262
251.07,1.6,2,0.033
160.19,1.76,2,0.097
17.96,0.69,1,0.027
208.34,2.15,2,0.061
39.54,3.64,2,0.28
49.03,3.46,2,0.388
49.23,2.6,1,0.329
222.38,1.64,2,0.072
24.15,1.16,2,0.029
20.62,0.98,1,0.007
249.69,2.97,2,0.066
226.69,1.68,1,0.052
35.95,9.51,2,0.08
26.93,1.6,2,0.018
226.76,1.41,2,0.103
66.08,3.37,2,0.327
36.89,3.9,2,0.469
40.27,10.48,4,0.072
41.84,3.31,2,0.397
236.8,0.23,3,0.09
184.3,3.4,2,0.041
35.9,10.69,2,0.127
34.66,10.75,3,0.045
218.21,1.58,2,0.056
56.12,2.28,3,0.31
30.71,1.19,1,0.039
189.9,2.5,2,0.08
43.01,4.09,1,0.289
180.3,2.49,2,0.057
23.88,0.69,1,0.064
46.32,12.11,3,0.094
30.96,10.06,3,0.163
38.03,6.48,3,0.061
21.41,0.6,1,0.033
38.0,17.96,4,0.101
43.0,12.32,3,0.132
53.86,3.67,2,0.35
200.72,1.71,2,0.055
188.3,2.45,2,0.044
28.56,1.09,1,0.022
29.02,12.75,2,0.037
163.84,2.71,2,0.021
240.56,2.04,1,0.059
46.21,4.32,2,0.383
24.5,14.59,2,0.146
54.0,2.68,2,0.243
48.5,2.4,2,0.319
40.31,10.04,2,0.105
46.97,3.41,2,0.175
141.34,2.38,2,0.039
48.94,2.99,2,0.393
47.16,11.46,3,0.127
195.47,2.76,2,0.052
24.94,0.78,1,0.052
238.76,2.45,1,0.059
46.9,12.84,5,0.139
47.55,2.43,2,0.305
211.87,2.66,2,0.057
27.66,14.12,1,0.094
227.58,1.48,2,0.057
54.44,16.56,3,0.187
30.89,1.31,1,0.005
243.32,2.44,3,0.057
189.36,1.84,2,0.029
181.61,2.5,2,0.076
35.02,0.2,1,0.038
45.26,2.38,1,0.417
36.54,15.21,3,0.128
35.29,1.5,1,0.017
31.21,2.07,2,0.383
52.38,3.76,2,0.289
178.94,3.24,1,0.071
164.94,2.12,1,0.063
32.05,11.85,4,0.145
51.94,2.28,2,0.224
12.07,0.2,1,0.069
214.36,2.37,2,0.046
160.69,2.1,2,0.046
67.9,3.6,2,0.265
173.1,1.26,2,0.065
21.89,0.2,1,0.037
184.12,1.98,2,0.056
33.75,1.07,2,0.037
30.75,14.93,4,0.093
35.53,13.27,2,0.091
28.57,1.95,2,0.496
32.44,12.33,5,0.147
206.32,1.73,3,0.028
35.66,12.59,3,0.054
278.59,2.2,2,0.075
26.37,1.25,1,0.034
55.79,2.93,2,0.279
21.38,0.8,1,0.0
39.7,2.45,2,0.333
29.42,0.72,1,0.035
39.66,3.85,2,0.262
65.38,3.63,2,0.429
31.41,1.67,1,0.0
243.0,1.45,2,0.001
164.73,2.16,2,0.008
40.99,9.58,2,0.141
28.98,3.82,3,0.374
63.32,3.81,2,0.364
45.27,3.1,2,0.453
37.06,13.3,1,0.129
164.39,1.72,1,0.018
30.94,8.94,4,0.094
40.63,14.14,3,0.053
190.46,1.98,2,0.044
12.2,1.89,1,0.43
30.2,3.14,2,0.397
34.13,0.85,1,0.032
46.89,2.63,2,0.312
34.3,2.63,2,0.37
34.23,10.36,4,0.091
32.1,14.39,4,0.184
126.67,2.27,2,0.0
37.0,2.82,2,0.23
75.66,2.95,2,0.401
50.8,2.95,2,0.293
52.34,13.09,3,0.149
29.52,11.4,4,0.145
210.67,1.81,2,0.095
31.19,6.83,3,0.066
56.46,4.07,3,0.409
19.82,1.17,1,0.016
25.15,1.58,1,0.048
193.65,1.75,1,0.062
15.35,0.58,1,0.0
221.84,2.29,2,0.051
25.97,0.69,1,0.007
30.16,8.01,3,0.148
55.68,3.51,2,0.379
195.91,3.23,1,0.068
196.81,2.12,2,0.051
58.73,7.78,3,0.102
224.32,1.09,2,0.055
155.27,3.08,3,0.086
45.28,12.22,4,0.102
25.56,0.28,1,0.002
39.39,12.27,3,0.107
30.15,12.43,2,0.074
149.0,2.83,2,0.078
19.0,8.05,3,0.112
43.22,16.88,2,0.114
49.42,2.52,2,0.465
37.83,12.46,4,0.094
36.12,6.68,4,0.158
19.43,1.15,1,0.026
275.31,1.79,2,0.014
200.73,2.14,2,0.094
55.75,11.71,3,0.156
24.32,1.37,1,0.043
35.5,1.15,1,0.036
37.32,12.12,3,0.113
54.38,4.53,3,0.073
29.2,12.03,2,0.157
13.65,0.88,1,0.0
171.98,2.28,1,0.083
165.76,0.44,1,0.02
29.83,2.14,3,0.454
187.93,1.78,3,0.063
24.7,1.39,1,0.008
191.06,1.48,1,0.039
181.8,2.38,1,0.005
26.51,0.73,1,0.017
35.95,13.28,2,0.079
191.01,2.01,2,0.054
18.97,0.2,2,0.023
34.09,11.23,5,0.058
26.53,13.38,3,0.083
30.13,1.25,1,0.0
24.36,3.06,2,0.362
40.01,1.3,3,0.602
170.99,2.72,3,0.052
41.77,9.06,3,0.04
144.83,2.15,1,0.033
24.66,7.27,3,0.137
41.29,2.38,2,0.389
30.33,11.88,4,0.146
39.01,3.25,1,0.322
24.51,10.8,3,0.13
21.16,0.72,1,0.0
237.39,2.8,2,0.017
169.71,2.38,3,0.08
33.63,3.52,2,0.236
47.86,3.79,2,0.302
20.27,14.71,4,0.078
34.06,0.72,1,0.083
196.71,2.66,1,0.048
186.25,3.06,2,0.04
13.97,1.2,1,0.034
54.59,2.51,2,0.304
44.68,2.17,1,0.375
29.18,13.16,4,0.111
23.21,13.98,4,0.1
39.62,8.65,4,0.096
7.43,15.63,2,0.12
51.14,13.71,2,0.095
36.58,11.24,3,0.016
62.31,3.5,3,0.484
23.67,0.31,1,0.007
36.96,15.99,3,0.035
43.91,3.19,2,0.346
33.86,9.53,4,0.073
177.59,1.76,2,0.083
55.8,3.06,3,0.277
180.6,1.98,2,0.0
28.43,1.59,1,0.021
43.25,12.71,3,0.12
37.3,10.52,2,0.015
59.83,1.81,2,0.3
188.36,1.84,2,0.082
209.66,1.16,2,0.04
219.68,1.76,2,0.037
156.03,2.59,2,0.069
26.98,8.97,2,0.108
198.6,2.27,2,0.043
226.49,2.73,1,0.079
52.23,3.76,3,0.428
225.01,2.05,2,0.06
35.99,14.38,3,0.14
197.17,2.86,2,0.031
31.09,13.6,3,0.071
249.58,2.09,2,0.076
177.31,2.27,2,0.058
43.33,14.29,3,0.11
31.92,1.4,1,0.021
236.93,2.3,2,0.055
138.4,1.07,2,0.091
235.75,1.66,1,0.08
178.36,2.63,2,0.05
33.17,11.68,2,0.108
208.39,1.65,2,0.095
34.28,3.65,2,0.319
35.43,3.45,2,0.285
24.23,1.57,1,0.05
26.52,0.78,2,0.049
43.89,3.92,2,0.384
203.03,1.26,2,0.044
26.78,11.6,4,0.054
31.51,12.35,3,0.009
33.5,3.11,2,0.392
175.29,1.57,2,0.105
109.44,1.52,3,0.068
62.84,3.0,2,0.283
33.66,0.38,1,0.046
33.91,2.94,1,0.377
213.99,1.42,2,0.052
48.55,3.86,2,0.373
210.94,1.44,2,0.01
43.98,3.97,3,0.238
20.12,1.47,1,0.0
38.84,12.65,2,0.07
28.44,0.65,1,0.03
35.94,10.28,3,0.078
34.16,2.68,2,0.411
29.17,14.5,4,0.119
43.49,7.68,4,0.167
42.96,12.71,3,0.049
35.51,13.35,3,0.205
239.42,1.18,2,0.035
205.66,2.6,3,0.018
231.75,1.56,3,0.076
207.86,1.77,1,0.041
184.97,1.21,2,0.065
37.41,2.42,2,0.23
184.05,1.21,2,0.017
39.74,12.39,3,0.058
17.02,0.8,1,0.019
242.52,2.24,2,0.093
29.0,15.69,4,0.088
165.95,1.86,1,0.003
32.84,8.28,2,0.055
49.09,1.74,2,0.334
23.76,0.77,1,0.023
219.15,1.51,1,0.042
166.2,2.18,2,0.065
39.88,1.3,1,0.015
237.74,1.92,1,0.085
190.79,3.65,2,0.06
33.74,0.71,1,0.045
33.92,15.18,3,0.143
22.14,1.91,2,0.292
143.6,1.18,1,0.031
210.03,1.48,2,0.01
55.95,15.29,2,0.143
42.54,3.74,2,0.361
36.22,9.49,1,0.079
43.45,10.61,4,0.142
38.91,3.29,3,0.417
247.81,1.15,3,0.04
28.26,0.83,1,0.029
216.18,1.63,2,0.109
38.53,3.89,2,0.391
148.64,1.28,3,0.013
53.49,4.2,1,0.379
179.15,3.35,1,0.05
31.12,11.54,4,0.058
34.97,3.67,3,0.36
42.94,4.06,3,0.388
45.72,3.06,2,0.455
27.78,14.71,3,0.099
22.93,10.03,3,0.009
34.38,12.8,3,0.144
16.81,15.59,3,0.148
192.45,2.22,2,0.014
44.48,6.8,3,0.089
25.76,10.64,3,0.098
36.27,14.7,5,0.101
201.04,2.42,2,0.081
38.52,2.93,2,0.299
201.67,2.03,2,0.079
43.33,3.91,2,0.28
199.92,1.68,1,0.023
201.82,0.74,2,0.053
44.74,3.77,3,0.33
35.36,8.63,3,0.047
57.46,3.65,2,0.345
54.89,3.04,3,0.351
37.76,15.86,2,0.094
164.86,2.7,2,0.068
36.07,13.1,3,0.075
44.78,3.8,1,0.484
40.47,12.97,4,0.112
206.2,2.75,1,0.035
65.58,3.23,2,0.498
24.55,1.16,1,0.06
42.54,2.22,3,0.458
187.47,2.38,1,0.025
31.61,10.35,3,0.065
34.5,12.56,2,0.09
205.22,1.65,3,0.0
209.47,2.44,1,0.069
32.33,3.73,2,0.314
45.96,3.68,1,0.379
24.42,10.94,3,0.174
17.42,0.62,1,0.013
36.9,12.34,2,0.099
21.42,13.39,3,0.1
176.14,2.23,1,0.078
233.32,2.04,2,0.053
155.39,2.15,2,0.034
33.2,2.17,2,0.516
37.45,16.89,5,0.183
34.83,0.67,1,0.006
34.96,9.53,1,0.14
35.78,3.13,2,0.325
208.74,1.52,2,0.0
59.12,2.62,2,0.348
27.54,15.46,2,0.001
28.73,10.98,3,0.088
212.39,2.53,2,0.027
192.82,1.01,1,0.08
164.19,1.92,1,0.013
57.68,2.2,1,0.213
21.61,5.83,3,0.112
29.26,9.9,4,0.094
27.95,0.49,1,0.009
225.86,1.84,2,0.0
208.69,1.74,2,0.028
51.15,3.04,2,0.413
23.59,16.37,3,0.091
191.58,2.03,2,0.081
41.37,3.19,2,0.482
154.3,1.6,2,0.092
46.31,3.59,2,0.434
45.79,13.6,3,0.093
34.94,10.58,3,0.131
15.0,0.79,1,0.025
47.16,3.06,2,0.285
29.24,1.35,2,0.014
36.66,15.88,3,0.093
38.92,7.99,4,0.086
37.33,3.65,2,0.41
36.2,3.89,3,0.081
21.29,0.8,1,0.032
37.74,12.36,2,0.14
248.04,2.46,2,0.056
186.02,1.35,1,0.088
184.04,2.47,3,0.032
54.58,2.38,2,0.439
22.73,1.12,1,0.027
46.88,3.24,2,0.459
33.9,11.65,3,0.056
38.21,3.83,2,0.377
31.0,0.69,1,0.028
207.62,2.37,3,0.09
36.95,15.65,2,0.111
193.4,1.81,3,0.045
37.17,0.48,1,0.017
218.44,1.55,2,0.074
42.67,13.14,2,0.064
47.8,2.09,1,0.271
18.35,0.68,1,0.016
193.41,2.14,1,0.032
35.02,16.95,3,0.113
41.59,10.64,3,0.113
31.68,2.53,2,0.27
147.09,2.27,2,0.054
52.84,3.02,2,0.299
35.95,11.25,4,0.044
38.26,11.37,3,0.111
38.71,1.1,1,0.316
34.4,3.16,2,0.318
216.58,2.23,4,0.037
186.66,2.12,2,0.02
46.0,1.89,2,0.236
202.64,1.85,2,0.0
223.06,1.74,1,0.067
42.0,2.44,1,0.338
26.53,13.48,3,0.055
40.2,9.52,4,0.042
39.11,12.18,3,0.12
55.49,2.36,2,0.361
41.01,14.69,3,0.143
35.61,9.16,3,0.037
35.32,13.32,3,0.031
40.37,2.87,1,0.326
18.1,12.55,3,0.135
31.23,2.23,2,0.484
35.68,7.71,2,0.096
207.23,2.19,2,0.013
219.21,2.3,2,0.052
26.77,1.4,1,0.001
39.49,3.79,2,0.459
253.76,1.18,2,0.026
35.81,4.48,2,0.3
35.52,1.39,1,0.017
41.29,3.94,2,0.361
22.98,7.46,4,0.101
39.47,11.2,3,0.092
55.83,3.34,3,0.295
36.25,10.51,3,0.118
160.56,2.06,2,0.021
30.67,16.63,3,0.072
160.34,0.82,3,0.05
36.83,9.91,3,0.108
35.45,0.93,2,0.405
43.91,10.64,4,0.135
26.49,15.69,3,0.092
25.46,1.88,1,0.027
24.07,0.2,1,0.0
32.44,2.37,2,0.342
29.51,1.53,1,0.025
206.2,2.56,1,0.042
210.01,2.21,2,0.055
27.22,0.62,1,0.015
48.78,2.26,2,0.265
21.95,1.05,1,0.038
190.05,1.5,1,0.036
273.69,0.89,1,0.062
24.23,11.0,2,0.108
12.04,1.09,1,0.004
33.69,13.36,3,0.099
210.57,2.53,1,0.052
34.89,11.31,3,0.095
25.8,1.01,1,0.036
39.46,1.1,2,0.339
32.09,4.11,2,0.44
155.09,1.52,2,0.092
21.5,14.7,3,0.162
165.97,2.22,2,0.062
61.69,3.38,1,0.451
28.5,9.79,2,0.097
58.29,3.12,2,0.423
265.49,2.03,1,0.074
51.31,2.93,1,0.5
37.61,9.78,3,0.161
219.11,1.76,3,0.03
43.56,2.62,2,0.307
8.09,0.77,1,0.0
243.6,1.85,3,0.068
51.14,2.88,2,0.268
203.36,2.69,2,0.04
162.55,2.7,1,0.113
42.71,2.63,2,0.299
33.88,15.87,2,0.148
26.3,10.13,2,0.043
24.01,1.39,1,0.04
26.02,1.17,2,0.016
33.53,2.38,2,0.371
55.18,3.99,2,0.448
33.97,1.62,1,0.048
180.32,1.81,2,0.033
12.59,1.34,1,0.016
47.66,4.16,1,0.359
35.99,13.22,4,0.078
48.65,4.19,3,0.389
192.47,2.05,2,0.085
47.88,3.43,2,0.491
27.75,12.26,3,0.091
50.13,3.91,1,0.441
31.88,11.03,4,0.049
31.13,2.74,2,0.381
209.09,1.0,2,0.009
49.62,2.39,2,0.404
239.11,1.84,2,0.106
47.06,3.57,2,0.393
56.89,3.56,2,0.241
172.11,1.62,1,0.066
41.08,10.42,4,0.105
22.09,13.25,3,0.124
26.55,10.62,3,0.164
165.7,2.36,3,0.034
31.11,12.19,2,0.127
55.32,3.7,3,0.295
35.25,3.68,2,0.195
187.96,1.67,2,0.055
226.92,2.57,2,0.0
29.45,11.54,4,0.04
13.37,1.34,1,0.017
211.1,3.33,3,0.008
17.61,1.74,1,0.028
45.62,2.15,2,0.47
34.3,15.87,3,0.079
41.81,14.01,3,0.06
228.2,1.5,2,0.019
38.77,4.83,1,0.238
27.35,1.2,2,0.006
44.19,2.48,2,0.305
18.78,0.62,1,0.03
26.32,13.62,5,0.11
50.43,2.46,2,0.32
189.08,1.76,2,0.055
47.96,1.66,2,0.229
39.28,2.32,2,0.441
47.05,1.02,1,0.013
45.12,13.48,3,0.075
22.84,9.09,3,0.148
39.47,15.4,4,0.14
196.97,1.66,2,0.059
198.58,2.56,2,0.018
35.55,13.36,3,0.097
192.85,1.51,2,0.031
243.22,1.74,4,0.03
26.61,11.86,3,0.056
276.39,2.37,2,0.027
11.9,0.69,1,0.012
42.03,3.54,2,0.535
24.66,13.47,1,0.054
40.41,17.03,3,0.109
31.54,11.96,3,0.07
43.82,2.78,3,0.465
49.22,2.7,2,0.26
182.14,2.79,2,0.141
201.45,1.68,2,0.086
33.41,11.91,3,0.087
52.68,13.8,2,0.065
53.27,2.06,2,0.219
35.23,11.12,3,0.08
36.59,7.38,3,0.099
221.16,1.84,1,0.042
242.41,2.25,2,0.09
30.88,0.86,1,0.0
44.96,3.05,2,0.301
190.95,1.52,3,0.059
195.29,3.33,3,0.01
18.29,15.5,3,0.128
28.02,8.36,2,0.055
37.33,13.93,3,0.093
188.71,0.67,2,0.115
253.94,2.54,2,0.039
165.79,2.58,3,0.028
24.44,11.31,4,0.08
203.89,2.12,2,0.042
41.54,12.38,1,0.132
171.33,2.31,2,0.074
29.33,3.78,1,0.362
175.08,3.02,3,0.003
207.65,1.53,2,0.06
204.99,1.82,2,0.012
38.96,3.27,2,0.376
33.56,0.61,1,0.012
257.54,1.46,1,0.057
41.01,11.15,4,0.039
57.01,2.79,1,0.341
176.15,2.18,3,0.016
22.86,13.11,4,0.081
35.2,10.29,4,0.05
42.89,2.14,2,0.288
39.67,1.88,2,0.209
55.48,3.97,1,0.286
27.36,2.58,2,0.415
158.85,1.69,3,0.038
43.35,3.03,2,0.537
22.95,1.22,1,0.0
50.81,2.47,2,0.291
46.07,15.53,2,0.119
41.96,3.41,1,0.304
38.92,13.06,2,0.108
32.73,3.03,2,0.299
12.1,0.87,1,0.031
46.72,1.37,2,0.358
205.06,0.76,2,0.067
40.63,13.4,2,0.048
33.35,1.6,1,0.026
39.54,3.12,2,0.339
181.54,2.29,3,0.065
224.41,2.22,1,0.027
206.62,0.7,2,0.02
23.09,1.12,1,0.04
208.14,1.81,1,0.079
219.03,2.72,2,0.069
15.73,1.2,1,0.042
182.12,1.44,1,0.039
134.8,1.53,2,0.063
36.9,13.53,4,0.062
190.25,2.09,2,0.098
8.27,0.58,1,0.051
61.92,4.21,2,0.432
58.51,3.84,2,0.383
50.19,4.47,2,0.224
33.04,14.0,3,0.161
189.91,2.08,2,0.043
55.94,2.83,2,0.358
215.67,0.99,2,0.107
30.15,0.63,1,0.025
221.91,1.0,3,0.07
20.53,1.07,2,0.0
161.23,1.58,3,0.021
22.67,0.91,1,0.043
43.87,9.8,3,0.081
21.07,1.3,1,0.04
226.29,1.41,2,0.015
178.57,1.07,2,0.061
201.94,1.26,1,0.0
173.56,1.53,2,0.014
52.56,2.83,2,0.328
34.46,10.82,2,0.077
228.31,1.3,3,0.029
33.78,10.59,2,0.089
46.96,2.6,1,0.4
37.22,8.68,3,0.121
47.52,4.03,2,0.303
29.08,0.81,1,0.03
205.18,1.95,2,0.074
225.45,1.52,2,0.05
40.6,2.34,2,0.238
51.52,2.83,2,0.292
16.2,0.98,1,0.023
41.31,2.49,2,0.212
27.24,10.64,2,0.105
52.74,11.24,3,0.022
45.25,14.0,3,0.081
261.49,1.54,2,0.0
34.96,3.18,2,0.381
34.34,10.45,2,0.109
215.87,1.67,2,0.046
31.39,1.65,2,0.331
29.63,14.54,3,0.102
44.53,14.06,3,0.095
15.55,0.48,1,0.0
30.42,0.88,1,0.015
42.36,4.66,3,0.553
43.26,10.27,3,0.128
39.18,13.39,4,0.113
22.23,1.29,1,0.006
217.4,1.51,2,0.097
45.22,9.6,2,0.098
57.03,1.92,3,0.365
48.85,3.85,2,0.353
49.51,3.8,3,0.262
24.5,3.29,3,0.169
34.79,13.76,2,0.053
28.92,2.05,2,0.221
182.51,1.85,2,0.067
47.38,3.26,1,0.432
39.42,4.92,3,0.404
35.18,2.48,2,0.393
148.25,3.17,2,0.063
37.96,9.21,3,0.1
179.57,2.91,2,0.076
31.12,0.81,1,0.014
25.54,4.08,2,0.389
31.97,3.43,2,0.494
39.06,11.54,2,0.115
243.55,2.52,3,0.074
49.73,13.35,2,0.081
40.36,3.55,3,0.272
44.98,15.4,3,0.072
30.14,10.39,2,0.017
21.54,1.25,1,0.028
34.31,7.75,4,0.064
35.22,1.62,2,0.424
37.39,15.34,4,0.042
31.52,12.03,3,0.137
45.54,8.9,3,0.118
45.82,16.12,3,0.168
22.33,1.06,1,0.021
190.65,1.14,2,0.067
255.02,2.05,3,0.021
47.5,2.89,2,0.368
41.46,13.87,3,0.149
25.8,1.8,1,0.0
25.03,14.05,2,0.132
163.86,3.94,3,0.035
38.44,12.62,4,0.095
43.02,2.47,2,0.404
15.6,1.1,1,0.024
43.19,13.65,4,0.115
209.27,1.65,1,0.072
20.05,1.81,1,0.033
43.4,16.67,3,0.073
36.2,13.72,4,0.068
32.54,10.93,2,0.131
58.8,4.19,2,0.3
48.36,4.19,2,0.536
30.22,14.7,3,0.071
180.04,2.37,2,0.001
36.11,12.8,2,0.148
42.14,2.58,2,0.169
46.96,13.3,3,0.084
228.64,2.61,2,0.032
35.23,0.52,2,0.025
49.13,11.72,3,0.076
45.68,2.61,2,0.444
209.28,1.98,3,0.0
141.22,1.0,3,0.015
29.44,12.41,4,0.023
27.61,2.47,2,0.419
39.98,13.57,3,0.12
64.47,4.43,2,0.254
25.95,1.96,1,0.045
273.39,1.85,1,0.0
176.64,3.17,3,0.07
26.05,9.24,4,0.037
47.54,10.87,3,0.139
45.27,2.64,2,0.379
32.8,13.12,2,0.144
46.46,3.26,2,0.441
234.0,2.29,1,0.001
29.82,13.55,3,0.138
44.39,12.58,4,0.153
22.43,12.42,3,0.08
182.48,1.8,1,0.09
219.08,2.41,2,0.049
33.08,3.85,2,0.09
183.08,0.84,2,0.0
27.78,1.21,1,0.025
45.85,2.42,2,0.316
241.34,2.2,2,0.049
24.32,0.59,1,0.017
35.87,7.53,3,0.1
41.62,7.46,4,0.139
55.51,2.4,2,0.323
29.64,13.07,2,0.021
199.15,1.76,3,0.113
45.8,4.35,2,0.359
30.11,9.42,2,0.055
244.16,1.48,2,0.013
28.3,11.04,4,0.135
180.24,2.68,3,0.046
26.95,12.48,3,0.101
29.77,9.61,3,0.162
25.83,3.93,2,0.327
27.9,0.89,2,0.009
20.28,0.97,1,0.026
250.69,1.44,2,0.059
24.28,11.16,2,0.105
222.47,1.79,1,0.042
26.99,9.35,2,0.081
147.6,1.24,2,0.058
49.19,2.53,2,0.349
174.04,2.95,1,0.067
139.27,3.64,1,0.039
24.75,1.72,1,0.03
64.58,3.6,2,0.396
31.71,2.39,2,0.224
34.19,16.73,3,0.16
21.03,0.74,1,0.038
27.65,15.19,3,0.068
56.59,1.91,2,0.311
18.94,0.8,1,0.042
34.79,12.05,3,0.089
35.43,11.5,4,0.077
232.04,2.96,1,0.06
42.8,17.88,3,0.061
37.91,3.53,2,0.301
201.48,1.98,2,0.042
220.36,2.53,3,0.011
44.48,2.21,2,0.448
22.25,8.95,4,0.109
35.08,3.25,2,0.44
36.01,12.2,4,0.073
17.04,0.93,1,0.014
29.03,2.96,3,0.398
22.98,11.08,2,0.118
53.48,2.18,2,0.279
179.38,1.41,3,0.049
25.76,1.23,1,0.0
30.18,10.2,4,0.088
222.93,2.67,2,0.073
30.42,0.79,1,0.0
41.16,12.57,2,0.139
26.74,11.6,2,0.062
47.01,3.35,2,0.373
159.29,0.59,2,0.013
198.65,2.53,1,0.054
43.47,15.4,2,0.168
172.54,1.76,1,0.125
38.62,7.3,3,0.153
199.9,2.5,2,0.105
29.96,11.55,3,0.039
177.74,2.31,2,0.068
152.14,1.83,2,0.047
46.62,10.46,3,0.075
26.47,1.29,1,0.053
26.84,10.36,4,0.15
206.42,2.76,3,0.065
222.92,2.88,3,0.072
35.09,15.65,2,0.103
129.83,1.49,2,0.001
23.3,0.52,1,0.024
24.94,16.23,2,0.128
44.1,9.6,2,0.067
45.58,9.25,4,0.116
54.8,3.03,2,0.336
182.16,2.22,2,0.03
49.27,2.76,1,0.435
247.09,1.71,2,0.063
30.77,2.43,3,0.219
16.7,1.42,1,0.026
34.71,1.21,1,0.016
41.89,2.25,2,0.486
251.92,1.91,2,0.012
48.92,12.76,2,0.12
49.84,12.77,3,0.08
22.03,11.1,2,0.098
223.66,2.94,2,0.077
66.75,2.04,2,0.429
39.63,2.37,2,0.253
50.95,2.3,2,0.337
195.5,1.7,2,0.024
20.99,9.35,1,0.084
24.74,9.98,3,0.122
201.55,2.01,2,0.021
202.06,2.62,2,0.05
190.9,1.48,2,0.1
221.26,2.24,1,0.016
35.71,0.76,1,0.034
169.94,1.9,1,0.091
19.1,1.77,1,0.042
44.19,12.07,2,0.072
20.59,1.32,1,0.015
33.45,0.95,1,0.03
41.08,11.19,4,0.083
197.99,2.92,2,0.043
74.13,3.08,1,0.448
245.26,2.25,2,0.026
36.48,7.94,2,0.1
25.46,0.8,1,0.008
43.34,3.26,2,0.315
21.85,2.27,1,0.33
25.33,2.09,2,0.461
178.2,2.33,3,0.077
40.32,2.86,2,0.272
182.85,1.44,2,0.095
31.9,2.24,2,0.442
43.44,4.05,2,0.453
46.39,10.72,1,0.084
26.71,0.85,1,0.042
199.61,1.86,1,0.0
188.6,1.9,2,0.054
167.42,1.89,3,0.042
30.78,10.82,3,0.036
36.55,14.15,2,0.088
127.03,2.42,3,0.041
23.79,9.49,2,0.094
47.9,3.0,2,0.378
29.34,0.79,2,0.0
51.22,2.26,2,0.493
200.06,2.22,2,0.055
41.94,3.19,1,0.377
151.9,2.72,2,0.079
224.68,2.24,1,0.047
170.54,2.02,2,0.05
26.15,12.76,3,0.108
33.84,3.1,1,0.216
222.78,1.46,2,0.075
27.13,15.11,3,0.119
25.59,0.73,1,0.016
227.37,0.88,3,0.035
26.12,1.7,1,0.02
225.56,2.14,3,0.011
225.69,3.35,3,0.049
25.11,9.93,3,0.04
248.59,2.75,1,0.036
175.73,2.09,2,0.0
30.81,10.2,3,0.097
19.23,1.12,1,0.021
216.34,2.03,2,0.09
25.99,1.07,1,0.042
210.42,2.55,2,0.098
192.7,2.02,3,0.047
28.78,9.65,4,0.019
21.85,0.33,1,0.039
27.76,14.73,3,0.067
37.93,13.54,3,0.119
24.33,10.0,4,0.111
22.14,1.65,1,0.032
30.62,0.99,1,0.006
32.43,12.23,4,0.115
52.16,3.32,2,0.116
55.97,2.49,2,0.383
37.49,8.51,3,0.0
205.03,1.82,3,0.02
42.37,4.33,2,0.32
194.35,1.64,2,0.008
52.55,2.38,2,0.243
42.41,2.75,1,0.342
241.37,2.26,2,0.054
16.07,0.67,1,0.0
35.14,12.4,2,0.248
24.35,0.46,1,0.02
195.05,2.4,2,0.0
27.06,8.46,3,0.092
33.52,3.14,1,0.251
26.75,9.82,1,0.101
59.95,2.99,2,0.389
210.38,1.92,2,0.059
58.57,2.34,2,0.31
52.34,2.35,2,0.43
23.59,12.74,2,0.085
37.59,1.48,1,0.027
33.41,8.33,3,0.087
59.72,3.85,3,0.24
18.43,0.71,1,0.042
198.72,1.86,1,0.046
45.34,1.97,1,0.32
42.79,1.99,2,0.375
49.26,3.37,2,0.318
180.12,2.98,2,0.043
27.28,0.39,1,0.034
53.35,9.91,3,0.079
33.77,3.51,2,0.221
37.79,2.79,2,0.337
208.38,1.76,2,0.031
168.91,1.75,2,0.077
34.3,17.28,2,0.115
180.85,3.49,1,0.064
31.17,0.89,1,0.024
222.95,2.04,1,0.007
241.84,2.87,3,0.0
33.05,1.17,1,0.012
49.45,3.1,2,0.354
30.91,8.52,3,0.042
187.73,2.34,3,0.048
31.89,1.68,1,0.079
254.03,2.57,2,0.085
140.76,2.2,2,0.033
225.25,2.03,1,0.003
28.55,0.62,1,0.0
29.21,10.82,3,0.11
219.43,1.55,3,0.026
236.99,1.37,2,0.051
181.88,2.69,1,0.008
46.8,3.04,2,0.327
38.74,3.27,2,0.437
59.16,2.16,2,0.468
24.73,2.85,2,0.349
219.23,2.38,1,0.083
39.45,11.01,3,0.074
29.84,1.19,1,0.074
60.52,3.58,2,0.321
37.92,0.7,2,0.336
166.04,2.55,2,0.054
36.09,3.48,2,0.319
220.3,1.62,1,0.086
152.47,1.66,1,0.034
215.42,2.04,2,0.064
19.19,1.28,2,0.048
229.83,2.08,3,0.047
198.73,2.36,1,0.045
33.6,2.87,2,0.279
41.94,2.16,2,0.297
157.43,2.32,2,0.036
187.76,2.28,2,0.065
214.33,1.91,2,0.001
32.82,10.69,4,0.163
202.34,1.79,2,0.049
217.88,2.98,2,0.0
184.86,2.5,2,0.0
54.83,4.3,3,0.341
23.38,1.4,1,0.089
40.4,12.73,3,0.091
27.84,8.74,2,0.108
226.15,1.41,2,0.047
32.26,13.48,2,0.177
41.1,3.0,2,0.205
19.74,1.01,1,0.018
228.45,1.94,3,0.023
32.84,14.53,3,0.114
51.41,14.13,4,0.04
41.95,3.0,3,0.482
35.85,3.28,2,0.266
49.07,3.49,2,0.357
29.09,9.9,3,0.142
42.43,3.19,2,0.38
66.04,2.36,2,0.238
38.16,11.31,3,0.004
222.76,1.95,1,0.063
27.43,0.87,1,0.026
40.77,2.49,2,0.418
191.67,2.67,2,0.025
248.44,1.82,3,0.037
56.58,2.16,1,0.457
16.86,0.88,1,0.005
41.34,14.01,3,0.073
175.69,3.4,2,0.042
61.44,3.3,2,0.3
208.07,1.8,2,0.019
35.74,12.9,2,0.167
163.35,2.07,2,0.043
35.71,1.0,1,0.0
62.19,11.31,3,0.075
64.96,2.94,3,0.411
34.53,13.2,5,0.05
41.55,11.09,4,0.133
212.48,1.72,1,0.037
33.98,12.2,4,0.136
33.39,1.17,1,0.012
37.8,4.54,2,0.32
36.76,14.61,2,0.075
181.51,2.41,2,0.066
21.69,0.76,1,0.023
193.25,0.29,2,0.058
27.93,13.28,4,0.054
217.26,1.58,2,0.022
184.0,1.45,2,0.014
35.77,14.09,2,0.108
57.72,3.95,2,0.345
230.24,2.84,3,0.023
33.4,2.94,2,0.376
48.52,13.7,3,0.106
40.84,12.26,3,0.095
35.5,12.78,3,0.073
28.42,8.95,3,0.086
201.12,2.62,2,0.023
213.07,1.83,2,0.037
15.04,1.11,2,0.0
148.25,2.68,2,0.023
36.34,18.53,3,0.13
200.91,2.07,1,0.081
24.76,12.41,4,0.123
165.59,1.94,2,0.048
49.64,2.18,3,0.508
211.56,2.29,1,0.087
48.02,2.26,2,0.309
199.87,1.91,2,0.021
24.42,13.58,3,0.143
41.01,8.48,2,0.089
28.84,13.36,2,0.032
33.77,14.55,2,0.049
202.67,2.65,3,0.064
29.85,14.82,4,0.09
27.35,12.04,3,0.096
48.55,10.81,3,0.081
15.66,1.12,1,0.011
199.96,2.09,2,0.039
32.13,9.67,2,0.155
181.75,2.06,2,0.111
230.1,2.31,2,0.043
197.61,2.12,1,0.086
25.38,4.79,3,0.4
33.31,6.44,2,0.155
200.17,2.03,2,0.005
37.85,1.13,1,0.053
43.2,14.33,3,0.13
200.06,1.78,2,0.031
22.86,0.88,1,0.012
22.88,0.73,1,0.022
36.0,11.05,3,0.162
276.51,1.37,2,0.111
210.79,1.41,2,0.035
45.14,2.27,2,0.41
37.29,5.34,3,0.217
48.42,3.63,2,0.394
36.05,15.26,4,0.159
48.54,10.93,2,0.145
224.97,1.38,2,0.052
44.18,2.15,3,0.281
29.01,0.99,1,0.018
26.28,0.75,1,0.015
37.42,2.17,2,0.4
20.57,0.66,1,0.002
45.22,14.97,3,0.087
25.45,1.37,2,0.013
165.57,1.81,2,0.075
23.64,0.84,1,0.036
57.53,1.6,1,0.275
24.84,9.91,3,0.118
30.15,1.97,1,0.01
42.84,2.79,2,0.353
9.95,1.82,1,0.033
170.01,1.43,2,0.021
237.54,1.45,2,0.038
133.58,2.63,2,0.08
35.46,3.12,3,0.3
25.88,0.62,1,0.023
24.95,9.73,4,0.082
21.95,12.5,3,0.111
41.11,2.45,2,0.483
207.69,2.73,2,0.054
25.4,1.77,1,0.005
21.56,9.0,3,0.067
17.03,1.14,2,0.015
43.97,3.02,2,0.329
50.73,3.2,3,0.253
33.5,10.72,3,0.1
230.36,2.2,2,0.06
184.06,2.73,3,0.056
44.99,3.93,2,0.336
46.61,11.66,4,0.167
30.89,0.48,2,0.0
39.22,11.91,3,0.109
26.31,1.67,1,0.016
219.42,1.96,2,0.037
47.96,1.86,1,0.273
23.19,1.73,1,0.014
38.86,12.1,3,0.1
30.17,10.74,3,0.108
201.94,2.49,3,0.077
45.54,3.26,2,0.418
259.13,2.52,2,0.039
45.87,12.35,4,0.095
47.86,11.87,3,0.081
40.03,13.25,4,0.173
248.31,1.99,3,0.053
10.7,0.96,1,0.011
251.69,2.34,3,0.086
42.4,2.04,1,0.377
35.82,9.24,2,0.145
32.92,2.14,1,0.0
12.25,0.76,1,0.0
168.69,1.57,2,0.011
190.42,1.82,2,0.062
180.15,2.51,2,0.087
227.28,0.83,2,0.128
45.99,2.74,2,0.435
32.7,11.78,5,0.149
44.04,2.48,2,0.402
29.53,11.51,3,0.036
211.61,1.83,1,0.04
48.81,3.34,2,0.341
20.22,1.23,1,0.071
38.47,10.53,3,0.093
209.24,2.18,2,0.067
25.41,15.95,2,0.091
16.75,1.18,1,0.003
226.54,2.45,2,0.048
43.0,9.76,3,0.101
20.58,1.43,1,0.0
29.52,0.6,1,0.0
35.68,3.28,1,0.407
211.41,2.33,2,0.068
183.68,1.82,2,0.068
178.56,1.59,1,0.027
34.96,14.29,4,0.067
42.16,16.14,4,0.058
37.49,10.97,3,0.097
163.83,1.73,1,0.077
23.58,1.53,1,0.001
207.87,2.46,3,0.039
38.62,13.33,2,0.07
27.0,5.53,2,0.125
41.28,3.79,3,0.401
23.92,11.43,5,0.184
42.11,13.51,3,0.041
16.68,9.2,3,0.016
56.53,3.84,2,0.407
30.75,1.1,1,0.016
46.53,12.71,3,0.085
40.67,18.85,4,0.077
38.78,12.67,2,0.087
34.97,11.74,1,0.136
34.25,12.38,4,0.166
48.18,2.33,2,0.242
258.42,1.91,2,0.072
40.61,1.76,2,0.465
208.44,2.76,2,0.048
20.66,1.35,1,0.051
47.81,1.92,2,0.257
17.55,1.75,1,0.009
59.42,2.06,3,0.265
39.64,10.65,3,0.086
41.58,11.48,1,0.028
31.98,11.96,3,0.05
46.22,1.73,2,0.296
204.42,2.5,3,0.043
22.71,2.79,2,0.416
50.04,3.11,2,0.167
53.74,4.24,3,0.301
52.54,3.23,2,0.356
186.48,1.44,3,0.053
42.57,3.64,2,0.267
30.68,6.58,3,0.067
15.48,1.28,1,0.005
182.82,3.23,2,0.081
27.54,11.81,2,0.085
210.69,2.48,1,0.053
42.89,2.17,2,0.267
238.68,1.6,1,0.064
44.29,2.98,3,0.28
205.17,2.02,3,0.021
207.61,1.36,2,0.068
37.15,11.44,2,0.062
35.14,9.84,4,0.109
47.88,12.49,3,0.125
239.18,3.81,2,0.022
222.8,2.42,3,0.055
169.05,2.46,3,0.068
59.71,2.92,2,0.261
34.3,3.42,2,0.45
38.14,9.66,2,0.138
231.48,1.13,2,0.033
39.09,10.17,3,0.068
41.82,12.67,3,0.125
17.51,2.01,2,0.315
34.69,12.41,2,0.127
27.61,1.05,2,0.055
53.87,2.52,2,0.384
155.93,2.47,2,0.095
45.8,13.27,3,0.125
56.6,3.4,2,0.297
21.91,1.4,1,0.028
194.01,2.17,2,0.045
43.48,3.54,1,0.497
39.8,3.44,2,0.477
35.99,2.96,3,0.299
195.32,2.99,3,0.049
40.8,3.41,2,0.469
38.78,13.03,3,0.125
42.81,3.23,2,0.39
47.64,3.54,2,0.318
60.67,3.79,2,0.283
37.95,13.28,2,0.076
167.58,1.99,1,0.069
235.41,1.77,2,0.027
41.9,15.09,4,0.08
56.34,9.64,4,0.112
39.77,3.9,1,0.329
25.58,10.68,2,0.062
165.1,1.33,1,0.081
39.29,3.22,2,0.248
45.98,2.02,2,0.334
40.41,2.88,3,0.381
149.86,2.33,1,0.067
215.91,3.17,2,0.046
206.93,1.34,3,0.084
40.15,1.85,2,0.235
52.0,2.78,2,0.351
32.59,6.74,4,0.059
182.89,3.46,3,0.074
35.49,0.82,1,0.002
45.42,3.2,1,0.412
202.65,2.39,3,0.044
25.92,11.66,2,0.139
233.29,1.53,2,0.093
49.44,3.17,2,0.358
45.87,1.94,1,0.443
50.31,3.17,1,0.39
43.83,12.94,4,0.085
33.01,1.2,1,0.031
39.82,13.94,2,0.105
196.41,2.32,3,0.021
52.81,4.08,2,0.415
229.69,1.37,3,0.041
26.68,1.14,1,0.022
182.91,3.05,3,0.032
31.74,3.15,3,0.418
23.73,0.87,1,0.0
31.51,11.85,4,0.115
39.52,16.3,3,0.046
23.52,16.32,3,0.149
43.01,3.89,2,0.332
25.31,1.19,1,0.015
28.14,10.69,2,0.096
46.92,2.36,1,0.282
50.06,1.93,2,0.408
133.46,1.53,1,0.094
188.06,1.84,3,0.057
21.64,1.16,1,0.032
31.82,13.3,4,0.156
201.35,2.34,2,0.062
222.37,2.06,2,0.055
42.79,7.14,2,0.138
48.81,14.11,2,0.169
7.39,11.25,1,0.084
229.97,2.05,2,0.033
31.84,17.19,2,0.121
145.93,2.38,2,0.0
20.66,1.06,1,0.005
49.32,2.87,2,0.339
52.68,3.99,2,0.526
21.35,0.35,1,0.014
13.03,1.05,1,0.023
224.98,1.73,2,0.064
29.78,1.6,1,0.0
43.0,1.61,2,0.324
34.99,2.9,2,0.453
209.32,2.06,1,0.019
43.52,2.68,2,0.235
29.08,1.11,2,0.038
179.62,2.19,3,0.052
41.74,2.31,2,0.431
199.3,3.01,2,0.04
19.8,1.08,1,0.0
191.42,1.94,1,0.063
31.0,9.46,3,0.105
181.52,1.4,2,0.058
37.6,14.59,3,0.133
24.91,13.68,4,0.144
40.43,12.14,4,0.105
198.2,3.49,2,0.039
28.06,1.38,2,0.054
162.2,1.59,2,0.063
39.39,3.66,2,0.568
35.77,2.74,2,0.38
33.42,11.47,2,0.104
183.64,3.02,2,0.016
173.37,2.48,1,0.003
34.82,12.23,3,0.147
29.11,11.33,2,0.072
35.18,14.35,4,0.135
33.58,3.91,2,0.272
209.87,2.02,1,0.023
39.38,4.47,3,0.215
57.36,3.06,2,0.297
212.38,1.2,2,0.03
29.71,0.69,1,0.0
50.52,3.41,2,0.418
28.45,17.61,4,0.17
39.54,12.55,3,0.189
27.08,1.13,2,0.0
43.4,3.09,2,0.297
35.4,11.12,4,0.086
29.93,10.06,3,0.093
23.71,2.62,2,0.427
24.94,10.47,3,0.113
61.29,2.39,2,0.359
23.73,0.68,1,0.0
29.1,1.18,1,0.026
178.29,2.52,3,0.056
25.75,0.47,1,0.042
35.41,13.89,3,0.082
51.58,3.03,2,0.228
29.35,10.76,2,0.125
41.93,13.42,2,0.126
29.74,0.8,1,0.079
20.92,1.32,1,0.0
37.43,3.74,2,0.422
206.48,2.24,3,0.057
43.63,1.83,2,0.296
21.08,12.28,4,0.101
48.94,1.48,2,0.471
34.07,2.78,1,0.309
43.66,16.32,2,0.121
221.31,1.34,1,0.048
28.16,17.03,2,0.068
62.84,3.3,3,0.332
16.13,0.82,1,0.061
59.03,1.85,1,0.461
147.82,2.27,2,0.041
22.99,1.16,1,0.018
229.95,1.4,2,0.033
208.96,1.86,2,0.121
37.18,9.41,4,0.031
39.0,2.87,2,0.453
47.86,3.16,2,0.53
204.2,1.29,3,0.029
23.91,0.96,1,0.046
25.71,11.24,3,0.12
32.56,11.01,3,0.147
34.75,8.67,3,0.063
193.22,2.16,1,0.063
33.83,10.81,2,0.062
29.76,1.05,1,0.011
17.61,1.16,1,0.019
187.1,1.55,2,0.092
173.34,2.31,2,0.045
30.95,15.13,4,0.126
23.71,12.95,3,0.087
43.61,3.14,3,0.268
227.06,1.67,2,0.025
15.1,1.08,1,0.0
43.51,4.12,2,0.309
38.65,4.74,1,0.304
27.68,1.17,1,0.0
63.51,1.78,2,0.466
38.08,2.61,3,0.261
52.68,3.93,2,0.366
21.24,0.58,2,0.037
41.27,3.36,2,0.258
22.12,0.6,2,0.019
22.86,0.74,1,0.003
34.79,10.8,3,0.103
214.59,2.37,2,0.074
55.45,3.02,3,0.284
20.71,0.56,1,0.051
174.14,2.26,2,0.059
231.94,2.23,2,0.046
44.75,3.32,2,0.284
31.4,1.33,1,0.014
46.91,13.23,4,0.059
163.3,1.76,2,0.055
36.27,14.36,1,0.089
46.51,4.08,1,0.507
28.23,2.87,3,0.279
29.24,4.05,2,0.265
224.16,1.76,2,0.069
26.74,0.65,1,0.017
26.37,0.87,1,0.0
35.05,12.6,3,0.055
36.08,0.86,1,0.026
34.65,2.84,2,0.435
28.23,0.53,2,0.02
42.84,3.3,2,0.351
57.56,2.68,2,0.482
48.74,3.42,2,0.299
211.77,1.5,3,0.06
201.9,1.86,2,0.098
38.99,2.02,2,0.41
46.88,13.49,5,0.076
32.61,14.09,2,0.094
223.73,1.58,3,0.011
20.79,1.14,2,0.021
202.66,2.05,3,0.069
20.18,1.4,1,0.029
31.01,9.91,3,0.095
34.9,1.08,1,0.032
51.32,14.94,4,0.094
25.44,10.58,4,0.1
30.78,11.76,2,0.042
208.16,2.02,2,0.031
60.11,2.96,2,0.428
40.28,13.75,3,0.082
65.95,2.87,2,0.37
32.99,10.74,4,0.131
42.28,15.23,3,0.123
54.96,3.79,3,0.347
39.99,13.48,1,0.053
28.32,1.23,1,0.037
50.63,14.88,5,0.15
35.7,10.4,4,0.077
178.94,2.91,3,0.037
25.75,0.91,1,0.017
43.74,12.6,3,0.071
26.22,1.53,1,0.0
271.01,1.99,1,0.005
30.73,10.47,4,0.105
215.12,2.87,2,0.102
33.11,3.85,3,0.281
34.83,14.75,3,0.148
182.46,2.23,1,0.075
43.24,12.32,4,0.162
177.63,1.58,2,0.014
196.7,0.84,3,0.063
232.26,2.52,3,0.073
39.32,1.51,3,0.31
218.71,1.74,2,0.05
17.64,15.26,3,0.133
189.08,2.84,1,0.097
25.17,12.85,3,0.093
243.04,1.19,1,0.066
21.0,3.39,2,0.402
275.95,2.03,2,0.035
28.36,0.64,1,0.0
233.3,1.31,2,0.082
199.1,2.43,3,0.025
53.55,2.9,2,0.457
58.97,2.89,2,0.424
37.36,6.64,2,0.103
211.63,2.49,2,0.007
249.23,1.45,2,0.007
48.55,12.24,3,0.138
298.15,3.05,3,0.062
176.08,2.1,2,0.0
199.35,1.53,3,0.035
46.37,2.95,2,0.336
214.87,2.11,2,0.062
58.51,3.67,2,0.422
24.52,1.61,1,0.0
14.26,1.93,1,0.019
24.64,0.67,1,0.027
24.03,1.07,1,0.01
217.77,3.06,1,0.031
14.93,9.94,4,0.119
54.01,2.4,3,0.342
226.63,1.42,1,0.083
48.83,2.81,3,0.251
49.84,2.78,1,0.205
48.37,13.87,2,0.094
168.47,2.41,1,0.001
12.86,3.22,1,0.402
38.32,9.96,3,0.034
224.57,1.32,1,0.077
56.59,3.34,2,0.306
55.77,2.93,1,0.291
29.01,17.38,3,0.102
32.25,14.18,2,0.107
25.39,0.66,1,0.017
37.2,3.87,2,0.312
23.16,12.82,4,0.131
248.89,2.49,3,0.026
195.23,1.28,2,0.055
23.21,15.07,1,0.116
56.95,3.54,2,0.38
27.08,12.62,4,0.141
157.05,1.78,2,0.09
43.94,3.04,1,0.346
26.73,1.31,1,0.0
198.96,0.39,2,0.051
29.33,0.82,1,0.024
54.04,2.37,2,0.356
46.45,2.1,2,0.296
40.4,11.34,4,0.122
37.02,14.76,3,0.062
32.82,10.39,3,0.09
223.32,0.88,1,0.102
23.36,1.59,1,0.0
212.62,2.02,1,0.055
48.6,9.38,3,0.083
53.66,3.78,2,0.427
51.01,3.68,2,0.4
207.61,0.8,2,0.11
16.91,0.86,1,0.038
41.14,7.96,3,0.091
184.47,1.53,2,0.035
175.63,2.66,2,0.05
207.14,2.68,2,0.047
21.01,1.51,1,0.0
284.69,1.73,1,0.078
29.19,6.65,2,0.107
39.69,3.71,2,0.349
22.21,10.92,2,0.103
25.27,12.45,2,0.03
208.04,1.85,1,0.071
170.3,2.0,1,0.033
182.15,1.78,3,0.061
45.9,2.24,2,0.325
35.75,11.17,3,0.064
256.0,1.82,3,0.104
47.37,3.03,2,0.451
222.93,1.96,1,0.107
27.01,11.33,3,0.157
163.83,2.4,2,0.074
43.53,10.34,3,0.135
23.52,0.25,1,0.034
218.91,1.73,2,0.044
44.18,3.07,2,0.385
44.5,1.71,2,0.261
250.5,1.85,3,0.053
33.46,9.94,2,0.145
31.14,1.62,1,0.025
54.85,4.13,1,0.31
204.37,1.66,2,0.092
28.89,16.98,4,0.123
190.77,1.56,2,0.072
43.14,13.53,4,0.0
65.41,1.98,3,0.362
32.56,11.01,3,0.057
43.37,3.27,3,0.319
31.99,3.59,3,0.356
171.1,2.4,2,0.041
31.66,10.6,3,0.056
203.93,2.14,3,0.047
181.57,0.97,2,0.073
53.97,3.16,1,0.321
38.18,0.88,2,0.479
46.13,3.22,3,0.456
43.58,2.46,2,0.41
31.36,1.0,1,0.014
43.34,4.06,3,0.368
26.75,0.26,2,0.032
44.4,2.12,2,0.43
164.28,3.41,3,0.004
29.24,4.03,2,0.289
173.51,3.24,2,0.109
52.72,3.74,2,0.319
50.87,6.54,3,0.04
36.14,9.69,3,0.182
201.35,2.26,3,0.026
47.15,3.05,2,0.395
56.71,11.88,4,0.068
238.74,1.79,2,0.026
151.49,1.62,2,0.002
162.8,1.91,2,0.031
194.18,3.51,2,0.033
53.07,3.08,2,0.348
31.59,12.11,4,0.089
26.91,2.17,2,0.497
151.41,1.96,2,0.024
16.25,11.22,4,0.135
209.32,0.22,1,0.024
256.52,1.71,3,0.048
31.01,9.51,2,0.062
49.43,3.16,2,0.407
26.54,12.97,3,0.14
33.99,0.66,1,0.024
36.75,10.98,3,0.089
41.05,16.1,2,0.084
35.45,12.14,1,0.066
32.05,0.37,1,0.0
217.46,2.19,3,0.047
52.03,3.07,2,0.397
23.6,13.86,3,0.022
177.58,2.66,2,0.076
16.26,1.42,1,0.013
26.36,0.54,2,0.031
24.7,13.17,3,0.111
48.55,3.39,3,0.355
27.53,8.64,3,0.068
168.93,1.48,2,0.096
35.69,3.23,2,0.508
32.48,2.93,2,0.368
38.14,11.88,3,0.084
17.55,0.88,2,0.012
20.09,1.46,1,0.015
51.76,2.79,2,0.39
19.18,0.2,1,0.017
34.66,12.51,2,0.066
183.09,1.26,2,0.073
207.99,1.62,1,0.115
29.62,10.61,2,0.126
208.84,2.21,2,0.067
188.94,2.36,2,0.027
27.46,1.2,1,0.016
32.77,14.35,4,0.068
25.12,9.03,3,0.116
46.96,16.51,4,0.072
24.4,0.88,1,0.048
28.63,3.7,2,0.218
29.75,15.2,1,0.133
57.43,3.74,2,0.415
34.37,14.14,3,0.072
46.31,1.92,2,0.39
19.09,1.3,1,0.012
47.79,3.37,1,0.311
137.31,1.79,2,0.0
26.4,11.99,4,0.116
31.15,13.97,3,0.065
179.24,3.17,2,0.056
214.31,2.91,2,0.028
196.43,1.08,3,0.011
40.37,3.49,2,0.276
202.26,1.81,2,0.063
33.79,16.16,3,0.078
49.37,1.79,2,0.312
51.46,3.99,2,0.478
55.41,1.38,2,0.425
39.5,3.26,2,0.481
31.78,0.78,1,0.015
23.82,1.24,1,0.018
148.19,2.12,2,0.049
19.63,1.34,1,0.012
221.99,2.94,2,0.097
23.34,1.18,1,0.04
185.69,2.01,1,0.028
24.95,0.92,1,0.03
33.74,0.2,1,0.008
212.41,2.59,3,0.05
57.27,2.92,2,0.343
45.02,2.81,2,0.385
40.98,14.4,4,0.042
26.48,12.73,3,0.106
206.89,1.56,1,0.013
35.05,14.28,3,0.119
216.96,2.09,1,0.092
20.81,0.78,1,0.006
34.9,12.74,2,0.104
30.98,3.81,2,0.318
40.42,2.12,2,0.217
50.76,3.59,2,0.459
182.53,1.47,1,0.044
43.22,10.34,1,0.044
43.35,4.78,1,0.371
191.85,2.15,2,0.018
213.03,2.09,3,0.054
24.31,1.18,1,0.036
58.87,1.76,3,0.439
48.16,3.32,2,0.303
37.5,10.6,2,0.124
246.25,2.77,2,0.063
38.86,11.53,3,0.059
24.87,0.71,1,0.035
47.16,11.4,4,0.039
205.86,1.79,2,0.064
182.57,1.28,2,0.012
168.97,2.04,3,0.057
230.08,2.73,2,0.048
182.83,2.23,2,0.066
198.27,2.73,4,0.079
19.84,0.44,1,0.039
33.81,1.0,1,0.0
37.93,2.31,2,0.435
187.5,2.41,1,0.025
38.53,4.16,3,0.383
40.72,7.87,2,0.064
20.07,1.08,1,0.0
34.27,8.21,4,0.05
20.31,1.42,1,0.068
198.14,1.87,2,0.069
184.66,1.68,3,0.027
30.12,0.8,1,0.019
258.55,1.62,2,0.098
53.19,3.22,2,0.362
205.52,2.62,2,0.0
26.5,9.66,2,0.203
218.08,0.66,2,0.061
40.61,13.71,4,0.033
41.5,12.06,3,0.082
52.06,3.79,2,0.308
33.71,12.87,2,0.081
46.23,4.3,2,0.291
47.62,1.83,2,0.354
28.85,9.4,3,0.139
55.67,3.32,2,0.101
170.97,2.14,2,0.012
43.33,13.43,4,0.06
31.81,1.14,1,0.029
37.37,0.93,1,0.045
26.73,0.93,1,0.05
26.55,1.4,1,0.021
38.56,15.39,3,0.096
45.48,11.47,3,0.026
44.82,13.55,4,0.122
19.38,0.74,1,0.037
49.6,2.53,2,0.361
41.69,2.07,2,0.33
23.69,10.25,4,0.154
187.08,1.82,3,0.065
142.3,2.51,2,0.0
29.87,1.17,1,0.0
41.16,2.64,3,0.359
181.37,2.25,1,0.0
5.19,0.96,1,0.032
24.94,0.6,2,0.0
33.26,0.2,1,0.025
212.13,2.94,2,0.019
24.61,0.79,1,0.031
169.79,1.57,2,0.023
184.4,2.51,2,0.091
38.18,0.78,1,0.0
25.88,1.14,1,0.0
38.83,1.97,2,0.267
19.05,6.28,4,0.129
41.75,3.1,2,0.364
36.83,2.85,2,0.263
47.01,13.79,5,0.125
16.18,1.26,1,0.043
175.14,1.66,3,0.083
33.29,13.55,3,0.1
24.8,0.68,1,0.021
234.18,1.06,3,0.067
30.41,2.29,2,0.185
199.93,1.24,2,0.065
149.7,1.25,2,0.057
194.42,2.06,2,0.062
36.75,10.65,4,0.12
34.76,11.12,2,0.09
213.2,2.82,2,0.063
244.64,2.22,2,0.067
44.21,3.97,3,0.249
40.32,2.66,2,0.322
41.52,15.24,2,0.151
30.65,14.85,4,0.028
41.51,2.78,1,0.283
46.81,3.23,2,0.355
75.08,1.97,2,0.258
34.05,12.72,3,0.09
51.39,3.97,2,0.432
148.37,2.59,2,0.008
38.1,3.7,2,0.248
37.22,8.73,4,0.036
46.83,3.78,2,0.255
40.35,11.48,3,0.05
34.28,1.51,2,0.382
56.15,2.14,2,0.38
31.85,3.37,2,0.258
205.78,2.2,2,0.023
187.12,1.2,1,0.066
29.6,1.15,1,0.021
31.91,11.99,2,0.032
231.87,2.6,2,0.018
232.29,2.08,3,0.045
236.43,2.43,3,0.0
24.4,0.52,1,0.012
16.44,1.67,1,0.0
29.17,2.22,2,0.434
36.74,13.01,3,0.092
29.68,4.37,2,0.312
35.63,13.07,2,0.135
52.83,4.01,2,0.297
24.57,14.96,2,0.088
20.42,10.6,3,0.182
34.51,12.0,3,0.13
35.15,1.85,3,0.424
264.98,2.76,3,0.061
34.63,12.97,3,0.139
33.12,8.94,3,0.081
152.76,1.99,2,0.067
25.72,1.35,1,0.032
215.1,1.06,2,0.092
35.6,12.05,3,0.112
244.83,2.27,2,0.071
187.97,1.75,1,0.077
43.36,2.91,1,0.373
47.57,2.59,2,0.347
40.88,13.89,3,0.101
27.97,13.52,3,0.088
212.16,1.67,1,0.059
164.35,3.07,1,0.036
40.31,13.15,3,0.15
59.02,3.15,1,0.323
34.63,10.43,3,0.151
22.23,1.35,2,0.013
46.75,2.98,3,0.354
31.3,3.09,2,0.409
21.93,13.99,2,0.089
47.47,3.62,3,0.339
42.19,6.2,3,0.073
160.3,2.14,2,0.083
27.52,14.11,4,0.18
34.5,15.29,2,0.113
205.91,1.37,2,0.038
36.82,9.61,2,0.098
45.71,6.24,2,0.459
40.87,13.59,2,0.096
57.38,1.93,2,0.283
38.47,0.28,1,0.043
44.93,12.97,4,0.126
169.99,1.69,2,0.098
27.46,12.93,4,0.049
29.88,16.42,3,0.086
219.7,2.87,2,0.005
39.26,6.93,3,0.11
41.64,2.92,1,0.375
20.72,0.6,1,0.011
186.06,1.38,1,0.047
40.22,0.79,1,0.037
25.6,12.14,3,0.101
214.86,2.09,2,0.076
21.11,15.12,1,0.031
46.16,9.9,3,0.132
49.64,9.37,2,0.062
21.32,1.43,1,0.018
256.09,1.7,1,0.044
202.13,2.51,2,0.041
13.83,0.68,1,0.01
37.14,2.67,1,0.319
212.23,1.86,1,0.067
36.37,11.03,3,0.198
41.83,3.83,1,0.207
34.97,14.04,3,0.188
23.34,0.97,1,0.0
39.51,2.84,2,0.333
22.79,1.35,1,0.036
172.39,1.71,1,0.036
204.0,1.88,1,0.04
49.68,3.3,2,0.168
220.43,2.29,2,0.102
56.12,2.01,2,0.361
20.99,0.99,2,0.0
50.31,2.8,2,0.238
18.59,1.27,1,0.021
214.95,3.1,2,0.029
42.59,17.04,3,0.062
168.67,2.87,3,0.042
36.79,3.05,1,0.368
37.89,13.48,3,0.047
56.67,3.9,1,0.483
19.23,1.26,1,0.049
34.23,14.08,4,0.15
55.01,3.22,1,0.364
38.7,4.35,2,0.316
23.45,15.56,2,0.139
48.29,2.96,1,0.249
20.24,1.48,1,0.038
33.64,11.02,4,0.143
47.99,3.27,2,0.271
220.97,1.92,2,0.05
45.82,2.88,2,0.46
218.45,1.64,2,0.0
201.44,1.5,1,0.072
42.24,2.91,2,0.286
26.72,13.49,3,0.1
183.32,1.44,2,0.029
24.84,0.59,1,0.0
40.43,14.23,3,0.087
33.87,14.15,3,0.093
43.4,7.4,3,0.121
38.19,13.52,3,0.104
49.62,3.97,3,0.358
35.18,2.53,2,0.344
176.05,2.51,2,0.065
46.03,2.16,1,0.378
203.86,3.3,2,0.085
171.8,2.11,1,0.05
192.78,2.53,1,0.0
34.1,1.49,2,0.328
32.75,11.18,3,0.098
31.5,14.36,4,0.05
32.58,8.41,3,0.087
206.82,2.06,2,0.018
20.19,0.48,2,0.0
251.0,1.46,1,0.055
47.94,3.83,3,0.405
42.99,3.12,2,0.223
175.43,2.16,2,0.062
32.63,1.38,1,0.036
224.73,2.01,1,0.049
31.74,8.63,4,0.06
52.84,3.69,2,0.331
21.05,10.99,3,0.097
42.85,3.07,2,0.342
41.36,11.36,4,0.071
39.29,3.29,2,0.458
21.65,1.41,1,0.046
39.58,11.45,2,0.063
39.66,11.19,3,0.069
198.95,1.81,1,0.011
43.74,14.36,3,0.196
23.45,0.86,1,0.0
34.73,3.37,3,0.416
46.05,3.03,3,0.34
32.34,1.41,1,0.0
35.76,8.73,4,0.155
207.26,1.66,1,0.013
52.06,3.13,3,0.141
43.67,3.81,2,0.308
195.73,2.18,2,0.085
36.76,19.5,4,0.205
25.36,0.44,1,0.029
31.34,10.03,2,0.107
43.82,14.22,3,0.0
35.68,12.43,4,0.172
34.63,3.55,1,0.299
172.07,2.04,2,0.019
194.05,3.19,1,0.088
56.34,2.49,2,0.368
56.16,3.34,2,0.309
219.15,2.19,2,0.084
30.07,1.86,1,0.041
36.74,3.53,1,0.32
195.03,1.9,1,0.102
148.79,2.33,2,0.012
13.47,1.26,1,0.003
31.42,13.23,4,0.054
19.61,0.95,1,0.005
218.25,2.02,1,0.033
32.02,7.66,2,0.108
20.44,0.7,1,0.043
208.11,1.19,2,0.034
200.1,2.58,1,0.06
37.36,12.03,1,0.083
35.94,11.36,3,0.086
47.83,13.95,4,0.037
41.75,13.33,2,0.038
34.89,3.5,2,0.175
20.58,1.02,2,0.0
50.17,2.58,2,0.137
37.52,9.1,3,0.112
29.37,3.72,3,0.241
54.69,2.4,2,0.339
223.76,3.24,2,0.021
21.85,1.86,2,0.024
201.32,1.56,2,0.082
34.96,14.14,3,0.119
31.89,7.73,3,0.141
46.63,15.28,4,0.069
30.58,12.73,2,0.126
155.57,3.4,1,0.039
190.2,2.6,2,0.045
40.16,10.8,2,0.06
37.48,16.19,3,0.145
34.33,2.57,1,0.306
229.05,3.56,2,0.055
225.86,1.31,3,0.061
212.63,1.7,2,0.079
38.43,9.84,3,0.052
226.12,2.22,2,0.045
51.44,2.68,1,0.352
54.33,11.33,4,0.13
34.88,13.81,3,0.15
184.25,2.82,2,0.078
39.75,11.28,3,0.115
206.94,2.82,2,0.056
43.85,10.45,4,0.128
186.68,2.53,3,0.033
55.2,3.34,1,0.338
252.91,1.94,2,0.066
52.73,3.94,1,0.361
216.81,1.68,1,0.033
157.73,2.75,2,0.084
43.08,3.06,3,0.518
27.45,0.71,1,0.0
46.1,3.66,3,0.457
48.6,2.31,2,0.377
235.9,3.31,1,0.052
35.72,8.66,5,0.14
41.11,11.22,3,0.091
22.44,9.54,3,0.117
21.85,1.42,1,0.0
24.82,14.32,4,0.086
21.08,0.66,1,0.009
37.77,11.5,1,0.104
51.91,3.18,2,0.392
20.48,9.45,3,0.021
50.0,2.59,2,0.326
29.78,10.59,4,0.039
37.22,12.79,3,0.137
51.59,3.06,2,0.122
37.78,0.82,1,0.002
256.71,2.23,1,0.022
212.36,1.88,1,0.053
168.08,1.31,2,0.023
184.64,1.95,2,0.064
23.82,1.74,1,0.015
205.26,2.8,1,0.034
34.19,11.33,1,0.121
44.6,8.01,2,0.103
47.89,2.19,2,0.347
176.68,0.86,2,0.032
35.73,14.82,3,0.078
14.42,12.38,3,0.084
43.31,12.38,2,0.054
22.84,14.13,2,0.126
40.81,4.18,1,0.33
159.98,3.21,2,0.032
34.83,0.95,1,0.0
41.17,12.71,4,0.114
27.33,0.83,1,0.028
28.65,4.48,2,0.524
189.22,1.88,2,0.044
166.5,1.67,2,0.013
39.28,12.27,3,0.116
52.46,11.32,1,0.11
34.38,14.72,4,0.124
39.62,1.34,2,0.3
24.78,1.48,1,0.032
21.32,1.58,1,0.022
42.16,3.79,2,0.413
183.29,2.04,1,0.045
228.98,2.01,3,0.044
38.32,16.17,4,0.187
37.37,13.19,3,0.109
33.87,2.3,3,0.218
55.95,3.71,2,0.353
57.05,3.32,2,0.385
29.83,0.5,1,0.0
43.36,4.08,2,0.371
51.48,2.07,2,0.378
28.43,12.45,4,0.043
32.24,2.24,1,0.208
194.13,1.94,2,0.055
36.5,12.13,4,0.046
32.12,12.56,5,0.131
23.97,12.97,3,0.024
23.6,10.81,3,0.132
45.62,11.92,3,0.053
55.73,4.14,2,0.248
42.49,1.68,1,0.324
174.19,2.6,2,0.015
51.8,2.29,2,0.418
48.65,3.92,2,0.426
57.82,3.09,2,0.496
192.54,1.58,2,0.079
29.4,10.48,2,0.097
56.45,2.1,2,0.33
43.86,15.04,2,0.139
201.55,2.95,1,0.021
35.16,1.89,2,0.333
37.05,7.71,3,0.148
139.19,1.86,1,0.02
34.33,1.25,2,0.444
36.47,11.1,3,0.1
187.33,1.79,2,0.06
44.51,2.58,3,0.295
32.33,13.19,4,0.117
169.8,1.54,2,0.044
48.85,3.47,1,0.124
211.49,1.48,2,0.026
12.01,0.91,1,0.009
52.75,2.68,3,0.395
19.88,1.31,1,0.04
29.3,2.03,2,0.34
32.33,15.14,3,0.132
17.97,1.32,1,0.037
22.21,0.97,1,0.001
24.87,1.19,1,0.014
191.82,2.8,2,0.081
198.0,1.47,2,0.021
44.34,8.4,4,0.082
35.55,14.84,3,0.115
189.12,1.69,2,0.008
50.8,14.91,3,0.099
59.77,2.7,2,0.324
33.62,3.78,2,0.276
175.21,1.79,2,0.035
25.29,11.88,3,0.132
39.72,11.24,4,0.051
46.17,16.52,4,0.082
264.07,3.05,1,0.079
182.92,1.63,2,0.038
201.92,2.03,2,0.09
45.8,1.78,1,0.291
33.34,12.02,5,0.063
50.84,16.1,3,0.094
199.45,1.29,1,0.06
27.0,12.57,4,0.126
38.07,4.48,2,0.422
178.79,2.81,3,0.053
29.64,1.43,2,0.304
213.52,2.86,1,0.091
226.7,2.61,2,0.064
143.93,2.39,2,0.037
46.85,3.08,3,0.27
35.89,2.42,2,0.396
203.21,1.56,2,0.016
28.11,8.31,4,0.029
230.73,2.05,1,0.043
46.25,8.88,3,0.134
67.27,1.56,1,0.451
238.44,1.85,1,0.041
43.93,13.75,3,0.15
38.41,3.43,2,0.336
224.33,2.71,2,0.034
33.43,13.49,4,0.069
38.0,2.46,3,0.322
44.45,3.05,2,0.483
224.91,3.32,2,0.035
35.55,13.4,2,0.048
47.0,4.15,2,0.533
29.52,13.39,2,0.033
40.84,9.82,2,0.101
172.71,2.38,3,0.082
30.87,16.97,2,0.081
31.99,2.96,3,0.359
24.88,0.55,1,0.0
39.7,12.42,3,0.063
46.23,2.55,2,0.3
28.53,3.04,1,0.314
16.93,0.72,1,0.037
22.43,1.43,2,0.018
163.21,2.41,3,0.017
18.88,13.39,3,0.038
202.62,0.81,2,0.102
158.55,1.24,1,0.0
28.04,0.83,2,0.015
25.09,0.63,1,0.023
226.99,2.23,3,0.089
31.21,10.47,4,0.07
35.41,15.31,4,0.085
169.3,2.4,2,0.063
48.76,2.86,2,0.256
162.29,2.41,1,0.02
41.99,13.58,3,0.054
14.69,0.2,1,0.0
39.69,2.4,2,0.371
28.06,0.5,2,0.028
203.05,1.99,1,0.057
199.98,2.4,4,0.03
45.65,13.85,5,0.057
234.67,1.65,2,0.049
143.25,2.23,2,0.092
238.89,1.2,1,0.016
19.63,1.06,1,0.043
191.87,2.41,2,0.06
28.75,13.34,3,0.094
25.39,0.86,1,0.0
152.3,1.64,1,0.068
49.78,3.21,2,0.282
36.66,2.45,1,0.305
236.21,1.3,2,0.072
230.76,1.55,2,0.072
57.74,2.97,2,0.318
198.4,2.13,2,0.098
36.41,12.45,3,0.142
42.68,3.03,2,0.19
43.05,12.16,3,0.139
26.64,14.47,3,0.064
217.79,1.65,3,0.0
12.24,0.53,1,0.029
34.97,13.34,1,0.145
40.16,8.92,3,0.0
56.18,2.99,2,0.3
46.75,2.93,2,0.33
50.16,2.73,2,0.403
24.17,13.75,4,0.076
239.52,1.61,2,0.074
243.22,2.55,1,0.022
232.68,1.63,2,0.024
43.26,9.06,3,0.054
44.14,11.55,1,0.078
196.66,3.09,1,0.075
53.03,8.65,5,0.078
31.94,1.41,1,0.044
25.87,0.78,1,0.005
31.62,8.13,2,0.064
210.62,0.8,3,0.066
37.78,7.21,2,0.16
37.29,13.55,3,0.043
34.33,1.01,1,0.019
41.9,3.44,2,0.412
36.75,4.19,2,0.209
51.01,2.96,2,0.17
43.16,14.55,2,0.104
42.74,3.4,2,0.377
37.05,2.86,2,0.348
47.23,2.61,2,0.242
204.37,2.93,2,0.035
42.97,8.98,3,0.1
22.11,13.98,3,0.161
52.27,1.43,3,0.271
168.86,1.47,2,0.007
17.9,1.72,1,0.01
39.94,16.52,3,0.087
41.55,1.71,2,0.423
25.33,0.94,2,0.004
43.49,10.55,3,0.169
36.44,1.08,1,0.008
155.84,1.04,2,0.075
150.82,1.54,2,0.047
189.34,0.69,3,0.076
29.38,13.41,2,0.029
143.66,1.79,3,0.054
43.91,3.29,1,0.34
205.51,3.29,2,0.072
57.88,3.05,2,0.228
193.2,1.56,2,0.006
232.73,2.68,3,0.06
38.75,2.39,1,0.305
45.41,11.62,2,0.175
228.11,2.49,1,0.065
36.81,0.33,1,0.034
150.98,1.67,1,0.063
39.94,12.94,3,0.054
37.05,12.17,3,0.115
24.02,0.2,1,0.012
229.5,2.12,2,0.031
203.93,2.2,2,0.054
37.4,3.88,3,0.232
29.4,14.39,4,0.07
26.5,1.15,1,0.041
132.37,2.3,2,0.082
190.48,1.14,2,0.062
191.32,2.64,2,0.011
28.02,2.89,2,0.278
45.33,12.86,3,0.047
41.63,15.56,3,0.152
39.27,2.74,2,0.409
193.68,1.77,2,0.038
168.16,1.75,2,0.059
182.95,1.7,1,0.0
46.04,2.49,2,0.273
32.44,7.32,3,0.115
199.54,1.57,2,0.0
199.01,1.2,2,0.057
41.93,2.11,1,0.301
13.99,1.47,1,0.028
217.16,2.09,2,0.0
33.91,2.28,2,0.368
203.72,3.29,1,0.074
28.8,12.96,2,0.113
194.17,2.02,2,0.055
274.05,1.87,2,0.085
242.97,2.08,3,0.114
232.86,2.72,2,0.098
31.14,1.16,1,0.016
36.94,3.96,1,0.491
47.32,2.87,2,0.432
159.25,2.22,2,0.069
45.17,2.26,2,0.253
35.67,12.49,3,0.122
189.09,2.82,2,0.078
27.91,1.18,1,0.006
33.0,0.92,1,0.019
31.17,13.04,2,0.124
123.53,2.33,2,0.027
233.14,2.65,3,0.058
39.28,3.28,2,0.234
31.59,1.65,1,0.015
19.39,1.05,1,0.0
211.84,2.57,2,0.038
34.11,10.46,2,0.008
33.19,15.22,3,0.13
197.25,2.6,2,0.078
36.08,7.29,2,0.118
36.47,3.6,1,0.224
196.53,1.24,1,0.037
28.4,0.26,1,0.011
43.07,9.42,3,0.103
35.39,8.31,4,0.09
33.54,9.26,3,0.116
29.88,1.4,1,0.0
55.48,14.74,3,0.087
25.81,1.0,1,0.017
196.87,1.48,2,0.098
30.94,13.51,2,0.093
30.29,7.69,2,0.056
26.96,2.87,2,0.279
40.55,0.95,1,0.023
14.19,1.22,1,0.003
17.87,1.27,1,0.026
42.59,9.3,3,0.12
46.81,3.77,3,0.417
35.71,1.96,2,0.387
28.75,0.2,1,0.022
215.28,0.92,3,0.004
23.28,13.18,2,0.14
35.9,11.79,2,0.107
26.65,3.8,1,0.27
30.13,3.69,2,0.342
231.72,1.56,3,0.085
52.51,15.15,3,0.155
170.85,2.28,2,0.071
202.3,2.53,2,0.053
42.94,10.22,3,0.097
216.55,2.48,2,0.022
156.8,2.0,1,0.0
38.24,2.38,2,0.247
41.88,1.73,2,0.372
27.78,0.2,1,0.0
36.41,14.88,3,0.073
40.06,9.45,4,0.09
41.55,3.38,2,0.34
34.7,1.25,2,0.344
25.19,0.2,1,0.048
24.14,0.94,1,0.0
46.42,3.43,2,0.192
35.47,3.18,3,0.308
55.12,3.15,2,0.268
37.09,11.66,3,0.063
31.91,2.58,2,0.293
21.01,0.74,1,0.007
248.32,2.22,2,0.096
38.39,11.62,2,0.149
29.28,0.2,1,0.02
35.08,10.93,4,0.072
194.46,1.94,1,0.037
24.26,14.15,3,0.125
39.12,3.02,1,0.314
22.85,8.77,3,0.085
41.16,13.18,3,0.092
22.8,11.58,3,0.049
37.39,1.83,1,0.29
179.49,2.82,2,0.022
24.23,0.71,1,0.035
33.1,1.48,2,0.345
30.4,9.15,3,0.129
46.34,3.56,2,0.369
31.48,14.26,5,0.067
36.82,3.42,2,0.379
227.72,1.77,1,0.099
212.15,2.43,3,0.021
41.42,3.31,2,0.338
23.06,1.09,1,0.009
49.0,2.86,3,0.275
35.91,14.54,3,0.107
189.09,1.41,2,0.1
23.81,1.26,1,0.028
49.47,10.16,3,0.044
49.51,3.78,2,0.375
190.3,1.42,2,0.053
24.82,0.63,1,0.022
45.65,2.86,2,0.46
40.93,2.81,2,0.417
236.32,2.93,2,0.024
163.58,1.84,3,0.09
155.84,1.42,2,0.03
32.49,14.39,4,0.157
20.86,1.09,1,0.023
22.53,15.71,3,0.084
37.6,2.27,1,0.319
41.06,3.27,2,0.419
48.63,3.09,1,0.356
181.96,2.31,2,0.006
46.78,3.66,2,0.32
175.07,1.9,1,0.0
36.8,2.18,2,0.201
47.9,10.54,4,0.131
207.61,2.41,1,0.039
28.97,2.7,2,0.407
212.2,1.14,2,0.048
212.94,1.88,2,0.059
30.55,6.38,4,0.088
241.29,1.99,2,0.0
43.6,2.88,2,0.379
148.15,2.18,2,0.048
212.16,3.28,2,0.038
46.46,13.31,1,0.182
180.02,2.63,1,0.037
32.48,3.37,2,0.259
43.98,3.1,2,0.384
46.86,2.38,2,0.301
47.68,2.52,2,0.144
30.53,14.15,3,0.061
34.59,10.57,2,0.114
31.74,9.42,4,0.131
196.6,1.94,3,0.019
18.57,15.67,2,0.099
44.04,10.85,2,0.167
46.08,2.5,2,0.49
192.73,2.1,2,0.025
130.05,3.03,2,0.109
211.97,2.57,2,0.114
32.61,13.35,4,0.175
26.16,0.49,1,0.002
18.01,0.99,1,0.0
31.56,0.73,1,0.031
27.77,13.16,4,0.038
45.46,1.07,2,0.257
128.63,2.44,2,0.09
231.88,2.18,2,0.021
32.2,10.22,3,0.083
33.67,2.9,1,0.329
187.53,1.99,2,0.06
47.15,2.55,2,0.273
32.41,3.29,2,0.447
28.68,1.32,1,0.0
210.77,2.68,3,0.029
58.62,3.84,3,0.382
23.62,14.95,3,0.146
229.56,1.83,2,0.08
63.68,3.54,2,0.476
200.23,1.62,2,0.037
176.56,2.58,2,0.016
227.12,2.86,2,0.091
195.98,1.82,2,0.067
192.98,1.94,2,0.041
156.8,1.29,2,0.01
38.54,11.51,3,0.105
42.48,16.2,4,0.148
232.52,1.12,3,0.076
204.55,1.51,3,0.018
48.38,1.44,2,0.426
24.21,1.02,1,0.0
21.3,3.0,2,0.274
39.81,11.3,2,0.179
188.53,1.89,3,0.067
20.98,0.59,1,0.023
55.46,3.51,2,0.243
30.88,1.04,1,0.0
254.15,1.04,1,0.061
33.66,10.14,4,0.051
181.69,1.83,1,0.017
124.01,2.1,2,0.057
22.01,1.69,1,0.023
168.31,2.67,1,0.059
29.65,16.27,3,0.142
56.85,2.26,2,0.288
14.34,15.15,2,0.06
40.67,4.82,2,0.342
21.98,12.77,2,0.017
192.8,2.7,2,0.043
151.75,1.41,2,0.025
29.35,1.19,1,0.0
13.46,1.02,2,0.047
26.09,14.12,4,0.079
22.17,11.35,3,0.021
25.64,1.47,1,0.0
172.79,1.41,1,0.04
193.71,2.18,2,0.074
223.26,2.17,1,0.037
36.24,4.13,2,0.106
43.46,15.75,3,0.151
15.68,0.98,1,0.044
33.98,3.25,2,0.403
30.1,10.86,3,0.056
183.18,1.96,2,0.068
25.39,12.08,4,0.109
154.95,3.32,2,0.0
146.15,2.47,2,0.024
35.16,2.06,2,0.285
51.5,3.12,3,0.405
36.3,10.8,4,0.047
222.07,1.96,1,0.092
27.2,11.5,3,0.11
38.25,1.03,1,0.0
29.78,11.82,3,0.145
27.87,12.04,3,0.069
33.79,12.0,4,0.112
28.14,1.61,1,0.054
42.09,2.55,1,0.432
48.05,1.82,2,0.273
33.71,13.03,4,0.131
57.4,4.18,2,0.38
33.36,1.56,1,0.039
230.43,2.21,2,0.111
200.14,1.73,2,0.048
202.84,2.27,1,0.0
214.4,1.98,2,0.071
45.37,8.68,3,0.078
31.55,4.2,1,0.256
50.23,3.17,2,0.38
31.56,1.39,1,0.023
44.64,2.18,2,0.291
50.49,3.26,2,0.39
38.25,4.48,1,0.254
46.53,14.11,5,0.115
30.4,7.59,3,0.131
37.75,14.63,4,0.093
214.27,2.63,1,0.084
32.64,14.55,3,0.118
48.26,3.0,2,0.21
24.43,1.35,1,0.021
43.35,2.61,2,0.295
21.44,11.11,3,0.128
48.27,3.29,2,0.27
39.68,11.28,3,0.122
254.09,1.9,1,0.04
31.79,13.21,3,0.14
30.81,0.97,2,0.075
30.52,10.5,2,0.075
39.7,16.31,3,0.113
37.51,8.75,2,0.146
32.97,3.48,2,0.292
33.69,3.33,2,0.23
232.19,1.8,2,0.035
39.99,4.31,2,0.395
56.87,3.31,2,0.275
46.57,9.89,4,0.089
30.71,10.08,4,0.069
177.76,0.82,2,0.094
35.5,13.62,3,0.101
176.97,2.13,2,0.096
25.17,3.31,2,0.325
54.8,4.15,1,0.307
36.45,12.36,3,0.122
29.48,1.27,1,0.041
27.02,12.18,4,0.092
37.29,15.35,4,0.1
204.3,2.47,2,0.088
187.15,1.52,1,0.025
34.23,12.48,1,0.106
19.36,1.14,1,0.022
44.73,2.88,2,0.351
42.31,12.12,3,0.098
34.51,2.42,2,0.405
41.82,10.94,4,0.12
188.95,1.36,2,0.09
37.32,10.55,4,0.255
191.73,1.17,2,0.056
28.41,1.95,3,0.401
36.41,14.48,3,0.167
46.93,9.27,4,0.059
36.76,13.3,3,0.145
48.86,3.45,2,0.397
25.4,1.29,1,0.02
51.92,2.55,2,0.478
35.54,0.2,1,0.037
199.81,1.76,2,0.028
220.84,2.02,2,0.106
13.75,1.46,1,0.026
236.98,2.13,2,0.065
26.34,13.44,4,0.128
30.92,17.14,3,0.12
38.67,8.63,4,0.085
38.51,16.39,1,0.101
48.58,15.67,3,0.014
172.8,3.06,2,0.0
40.22,14.28,2,0.138
174.06,1.85,2,0.084
56.15,3.89,2,0.306
233.73,1.11,1,0.018
37.97,11.28,4,0.102
229.23,2.52,2,0.064
257.28,2.32,2,0.057
152.91,2.2,2,0.056
171.72,2.32,2,0.036
33.89,8.91,4,0.052
217.46,2.6,2,0.088
21.75,0.38,1,0.056
226.61,3.0,2,0.087
18.93,0.6,1,0.037
44.12,3.0,2,0.394
47.24,3.02,2,0.344
50.23,1.69,2,0.371
58.37,2.16,2,0.276
39.01,9.24,3,0.109
223.89,2.53,1,0.072
44.35,2.77,3,0.341
41.87,14.86,3,0.095
185.14,1.78,3,0.04
62.89,3.65,1,0.32
40.61,11.28,3,0.001
213.81,2.26,2,0.063
54.74,3.8,2,0.342
48.17,9.52,3,0.083
50.07,3.35,2,0.432
230.66,2.52,2,0.078
30.89,1.76,1,0.005
36.75,13.27,3,0.071
55.87,2.78,2,0.341
23.56,0.89,1,0.025
27.68,14.76,3,0.133
55.13,1.05,3,0.412
227.25,1.56,2,0.035
38.11,2.9,3,0.283
36.86,1.58,2,0.536
221.12,0.82,2,0.067
27.15,1.4,1,0.022
227.33,1.98,2,0.033
25.99,1.95,2,0.337
39.88,11.66,4,0.085
223.57,2.33,3,0.055
34.15,7.93,2,0.069
160.28,1.42,2,0.022
34.1,10.87,2,0.199
34.72,10.25,3,0.135
37.07,10.14,1,0.162
31.52,3.82,2,0.403
198.73,2.39,2,0.092
224.43,0.49,2,0.072
54.37,2.55,1,0.277
45.97,2.7,2,0.224
35.63,13.96,3,0.136
42.38,3.3,2,0.417
35.6,15.31,1,0.096
198.34,2.02,2,0.061
34.35,3.1,3,0.296
25.26,0.59,1,0.01
31.14,1.1,1,0.02
34.2,14.81,2,0.089
39.4,3.59,2,0.347
32.38,15.17,3,0.121
188.42,2.19,2,0.036
26.25,12.92,3,0.123
29.71,1.8,1,0.0
35.82,15.08,4,0.153
39.18,9.57,4,0.069
251.27,2.5,1,0.081
243.43,2.86,1,0.04
34.37,2.11,3,0.371
162.65,2.17,1,0.031
198.89,0.99,2,0.027
149.24,1.66,2,0.075
184.15,0.64,3,0.07
39.47,3.59,2,0.303
151.17,2.0,1,0.021
188.52,2.66,3,0.051
43.72,4.65,2,0.287
33.75,3.55,2,0.443
203.1,0.94,2,0.077
31.06,1.2,2,0.039
17.51,1.81,1,0.018
175.71,0.8,1,0.055
53.58,2.96,1,0.286
246.09,2.23,3,0.081
35.8,10.04,3,0.128
51.62,3.41,2,0.299
199.89,1.56,2,0.012
191.61,1.92,2,0.004
30.08,2.32,1,0.425
34.78,10.86,2,0.064
256.37,1.71,2,0.072
211.42,2.1,3,0.115
40.57,14.55,3,0.053
45.62,10.61,3,0.109
45.38,2.73,2,0.432
222.03,1.08,2,0.004
232.3,1.4,2,0.067
30.27,0.56,1,0.0
24.32,1.41,1,0.013
23.97,1.09,1,0.0
191.89,1.9,2,0.042
208.38,2.11,2,0.108
28.69,6.25,3,0.116
11.75,0.98,1,0.016
37.22,16.03,3,0.051
28.98,12.27,3,0.051
18.16,0.74,1,0.068
31.56,1.11,1,0.038
17.86,12.53,3,0.069
39.36,11.84,5,0.134
47.51,10.76,3,0.094
38.29,3.62,3,0.309
290.92,1.53,3,0.063
27.18,12.19,4,0.045
31.3,11.61,3,0.192
33.65,3.25,1,0.322
33.41,12.27,3,0.129
26.27,9.82,2,0.052
37.32,5.74,2,0.211
27.78,14.88,2,0.123
43.71,8.01,3,0.133
49.58,3.88,1,0.273
181.97,1.7,2,0.081
54.34,3.51,3,0.189
17.06,0.56,1,0.033
31.06,1.18,1,0.004
56.73,3.0,2,0.304
40.49,3.27,1,0.367
28.7,0.7,1,0.012
29.81,3.18,2,0.356
31.23,2.18,2,0.439
168.08,2.39,2,0.061
65.65,2.26,2,0.343
35.24,11.43,3,0.078
35.79,16.38,2,0.118
35.16,1.16,1,0.0
32.02,0.55,1,0.045
204.9,2.64,2,0.028
31.91,2.48,2,0.394
21.4,7.21,2,0.142
236.56,2.06,2,0.032
42.27,3.0,2,0.211
29.63,1.38,1,0.015
201.52,2.58,1,0.019
52.29,2.46,2,0.294
47.45,3.34,2,0.377
15.44,1.56,1,0.027
34.88,11.52,4,0.079
44.71,3.54,2,0.387
161.25,1.96,2,0.109
217.18,1.52,2,0.039
227.8,1.99,2,0.053
36.96,14.64,4,0.171
53.43,1.39,3,0.349
213.28,3.4,3,0.032
36.72,0.67,1,0.008
19.77,1.12,1,0.0
37.31,11.39,4,0.068
174.06,1.67,2,0.029
201.03,1.44,2,0.022
213.28,1.57,2,0.071
38.31,15.46,3,0.117
52.56,2.7,1,0.265
27.75,0.89,1,0.0
179.33,2.07,3,0.022
29.6,12.58,5,0.152
33.94,2.68,1,0.378
38.25,13.78,2,0.07
30.23,13.89,3,0.047
211.57,1.54,1,0.0
224.87,2.48,2,0.021
261.5,1.76,3,0.044
34.52,10.73,3,0.088
26.98,2.47,2,0.433
209.48,2.09,1,0.06
15.48,1.4,1,0.015
211.51,2.54,2,0.0
48.4,13.69,2,0.075
23.82,1.21,2,0.0
49.34,3.57,2,0.427
56.78,9.27,3,0.102
138.42,1.89,2,0.047
27.78,1.27,1,0.01
49.8,2.8,2,0.241
30.63,8.17,3,0.11
183.41,2.26,2,0.039
254.2,3.07,2,0.062
211.59,2.22,2,0.058
51.78,4.11,3,0.437
29.95,14.87,4,0.134
36.49,10.94,2,0.08
161.58,1.43,3,0.0
237.49,1.21,1,0.028
46.14,4.37,3,0.036
44.88,3.67,2,0.362
185.11,1.87,3,0.078
30.42,0.75,1,0.045
31.24,9.19,2,0.076
242.22,2.53,1,0.105
235.4,1.28,1,0.059
44.65,2.34,2,0.356
160.85,1.68,1,0.0
53.93,2.33,2,0.376
227.33,2.18,2,0.101
175.44,1.04,1,0.022
25.78,0.82,1,0.006
204.55,1.83,1,0.095
27.8,6.25,3,0.1
37.78,3.39,1,0.503
214.18,3.0,2,0.034
37.93,9.31,3,0.083
30.11,3.69,2,0.268
27.45,13.89,4,0.128
22.22,0.59,1,0.015
244.56,0.83,3,0.074
19.85,1.05,1,0.008
23.37,0.76,2,0.035
212.96,3.14,2,0.076
30.68,1.42,2,0.034
50.21,3.2,1,0.455
27.98,1.24,1,0.035
33.48,3.24,1,0.599
36.98,6.78,2,0.092
40.43,3.13,2,0.42
47.29,3.16,2,0.144
32.71,9.45,2,0.076
31.13,9.49,3,0.048
55.65,2.98,2,0.415
34.07,0.99,1,0.034
218.59,2.46,1,0.062
56.24,2.78,3,0.346
207.31,2.11,1,0.088
57.92,4.86,2,0.326
33.97,9.03,3,0.115
46.16,2.79,2,0.303
42.34,0.94,2,0.443
45.18,3.23,2,0.305
31.62,0.82,1,0.023
192.81,1.02,1,0.085
181.95,3.08,3,0.062
25.27,1.32,1,0.011
43.65,10.45,3,0.135
238.8,0.73,3,0.0
209.81,2.46,2,0.035
34.17,10.52,4,0.126
15.35,1.12,1,0.021
53.24,1.4,2,0.452
35.71,3.35,2,0.539
29.68,11.54,4,0.073
42.09,2.89,1,0.222
27.3,11.92,3,0.15
49.23,2.05,3,0.347
33.36,2.41,3,0.277
44.91,2.59,3,0.316
45.79,1.72,2,0.471
24.85,0.79,1,0.039
31.36,10.06,3,0.14
196.91,1.47,2,0.034
70.49,1.87,2,0.195
21.5,1.29,1,0.014
206.96,2.12,3,0.066
29.05,0.75,1,0.013
55.72,1.63,2,0.318
51.18,3.87,2,0.415
28.11,17.82,2,0.143
18.55,0.75,1,0.019
39.79,4.29,3,0.363
42.39,12.01,4,0.097
36.05,1.56,2,0.141
39.01,11.7,3,0.147
206.07,2.66,1,0.066
25.75,0.49,1,0.005
16.55,0.54,1,0.014
163.23,2.34,1,0.01
18.74,0.79,1,0.0
49.26,3.89,2,0.264
16.28,12.85,3,0.054
43.65,2.67,2,0.397
13.78,1.3,1,0.025
14.88,11.34,3,0.158
32.65,12.11,2,0.063
50.83,13.62,2,0.105
34.58,9.68,3,0.081
42.91,15.72,3,0.118
182.36,1.61,2,0.025
204.66,2.47,2,0.085
201.47,1.56,1,0.0
170.93,1.98,3,0.037
29.22,9.84,4,0.055
29.66,10.31,3,0.059
40.01,3.59,1,0.27
31.02,15.62,3,0.163
34.54,2.54,2,0.472
39.43,10.29,3,0.092
22.64,2.15,1,0.015
21.55,0.58,2,0.042
41.82,4.1,2,0.326
39.66,12.18,3,0.095
204.02,1.01,1,0.037
40.89,12.65,3,0.054
44.57,11.68,3,0.0
25.34,12.84,4,0.109
155.3,2.15,1,0.016
37.52,9.26,2,0.14
189.85,1.6,2,0.047
46.46,1.25,2,0.278
31.87,1.23,1,0.04
239.77,2.98,1,0.103
61.47,4.74,2,0.432
38.72,3.1,2,0.34
36.08,10.97,2,0.146
24.95,0.9,1,0.017
206.45,3.01,1,0.094
157.8,1.38,2,0.042
223.0,2.35,2,0.023
42.62,3.73,2,0.341
206.12,2.0,1,0.085
42.17,10.98,2,0.109
180.48,1.8,1,0.031
42.06,9.55,4,0.141
195.73,2.45,2,0.052
62.5,3.64,2,0.351
35.74,1.8,1,0.033
45.59,19.72,4,0.141
19.16,0.97,1,0.032
233.92,1.9,1,0.039
176.3,0.96,3,0.039
43.73,13.14,2,0.121
37.9,11.93,3,0.073
244.71,1.81,3,0.066
35.72,4.16,2,0.261
25.74,1.8,1,0.0
35.19,7.06,3,0.126
17.81,0.96,1,0.044
42.04,14.08,3,0.207
20.54,1.31,1,0.025
63.2,3.33,2,0.282
44.66,4.27,2,0.526
28.09,15.38,2,0.106
23.9,1.56,1,0.033
44.26,11.85,2,0.064
160.99,3.06,3,0.04
204.49,1.34,2,0.05
20.46,0.66,1,0.0
146.74,2.51,2,0.004
36.75,10.39,3,0.149
46.79,14.64,3,0.136
35.76,8.16,3,0.075
56.28,1.71,2,0.333
43.3,3.67,1,0.341
51.15,2.56,3,0.391
8.68,0.85,1,0.04
26.18,10.58,2,0.05
29.77,9.28,4,0.108
41.27,14.53,3,0.201
193.74,1.39,1,0.044
162.71,2.39,2,0.075
192.83,1.79,2,0.051
233.33,1.85,2,0.02
174.03,2.86,2,0.035
35.47,14.75,2,0.054
30.14,4.3,2,0.402
22.24,3.41,2,0.321
217.62,2.02,2,0.022
38.15,3.34,3,0.504
224.78,0.79,1,0.025
215.14,1.29,2,0.047
40.75,10.96,4,0.061
28.59,7.99,2,0.066
47.62,11.51,3,0.109
44.67,2.04,2,0.376
188.04,1.33,2,0.088
186.42,2.63,1,0.094
36.43,0.86,1,0.022
208.37,2.11,2,0.031
33.16,16.31,7,0.187
32.74,12.71,2,0.099
244.1,2.34,2,0.058
201.46,1.8,2,0.037
247.14,1.47,2,0.055
34.98,1.01,1,0.032
47.08,3.32,2,0.24
206.03,1.44,2,0.049
56.67,3.45,2,0.239
199.74,2.74,1,0.061
28.38,0.75,1,0.049
20.32,0.51,1,0.0
51.46,2.57,1,0.521
46.39,3.97,2,0.339
35.49,11.22,3,0.175
27.76,1.24,1,0.005
42.69,2.7,2,0.292
175.27,1.88,3,0.083
26.38,9.01,4,0.049
21.07,10.85,2,0.053
186.48,2.71,2,0.044
32.9,3.42,2,0.441
45.45,2.58,2,0.461
43.4,3.64,3,0.219
242.3,2.38,2,0.0
20.46,1.02,1,0.023
30.45,8.49,4,0.013
23.47,14.36,3,0.06
230.86,1.81,2,0.046
33.59,16.8,2,0.097
215.84,1.22,2,0.03
143.13,2.11,2,0.05
17.59,1.45,2,0.012
229.89,2.46,2,0.025
161.38,1.9,2,0.072
35.73,15.31,2,0.111
48.88,8.55,3,0.116
173.47,2.13,2,0.048
58.41,10.53,3,0.058
48.09,7.96,3,0.13
186.65,0.45,2,0.088
41.5,3.32,2,0.399
33.56,15.08,3,0.143
168.14,2.13,3,0.063
29.51,9.41,4,0.052
45.96,3.1,2,0.345
34.08,17.39,1,0.193
28.64,0.56,1,0.053
19.14,1.25,2,0.0
34.32,1.06,2,0.282
32.86,10.17,2,0.051
25.24,1.18,1,0.008
38.22,11.69,3,0.127
52.41,2.6,2,0.255
48.38,2.0,2,0.438
42.03,11.03,2,0.173
47.88,2.48,1,0.231
31.4,12.95,3,0.053
43.93,10.5,3,0.091
29.14,9.58,3,0.124
53.11,1.36,2,0.333
254.57,2.93,2,0.062
27.95,15.92,2,0.079
237.66,2.15,3,0.014
31.15,3.06,2,0.5
18.86,0.57,1,0.0
38.37,2.92,1,0.314
35.96,15.8,3,0.11
69.7,3.04,1,0.234
19.33,1.24,1,0.012
32.07,9.31,2,0.095
40.73,3.64,2,0.342
38.38,1.66,2,0.432
222.89,1.66,1,0.089
231.76,3.08,2,0.074
199.47,1.69,2,0.031
31.62,6.19,4,0.074
159.86,1.06,2,0.069
44.62,5.02,2,0.35
30.14,12.34,3,0.099
222.11,4.08,1,0.0
209.21,2.23,2,0.029
40.45,11.7,3,0.081
33.78,12.99,2,0.084
187.98,2.1,2,0.057
41.2,12.45,2,0.135
219.41,2.73,1,0.073
27.5,12.7,3,0.127
218.34,2.36,3,0.046
40.67,19.36,2,0.101
32.61,0.2,1,0.016
42.91,4.77,1,0.487
24.15,1.3,1,0.0
27.87,1.56,1,0.045
21.17,0.59,1,0.03
36.31,12.3,4,0.087
223.39,1.85,2,0.034
34.79,10.19,2,0.13
25.67,1.43,1,0.058
34.81,10.32,2,0.124
32.48,15.67,3,0.058
42.58,11.55,3,0.186
185.36,2.79,2,0.054
35.53,10.43,2,0.052
283.06,1.74,1,0.044
31.55,12.36,3,0.067
192.87,1.9,2,0.056
21.29,11.28,1,0.123
36.05,15.85,3,0.107
43.22,11.51,2,0.156
34.65,10.04,3,0.101
213.33,0.34,3,0.075
175.43,1.35,2,0.06
190.46,1.76,2,0.044
51.8,3.88,2,0.358
49.09,6.19,4,0.1
54.77,4.84,1,0.249
50.74,2.69,2,0.293
39.29,10.96,5,0.13
272.42,1.78,2,0.041
16.04,0.93,2,0.0
42.29,3.57,2,0.249
34.66,19.61,2,0.133
40.71,14.06,2,0.138
29.89,9.79,3,0.086
28.58,15.89,3,0.087
192.85,2.15,2,0.036
44.19,3.79,2,0.198
18.12,1.34,1,0.009
183.7,2.37,1,0.069
41.64,3.13,2,0.263
42.09,9.93,4,0.11
36.43,14.33,2,0.117
59.18,4.34,2,0.188
33.24,12.0,1,0.067
33.23,3.03,2,0.384
189.05,2.47,1,0.073
198.96,2.19,3,0.0
34.13,13.06,4,0.112
22.22,14.75,3,0.071
230.58,1.63,2,0.0
29.24,0.75,1,0.003
37.86,11.77,2,0.03
18.86,0.49,1,0.036
27.16,1.52,1,0.008
199.15,0.2,1,0.09
54.35,3.12,2,0.304
31.88,1.68,2,0.348
54.16,2.7,3,0.468
37.63,11.01,3,0.174
48.0,2.02,2,0.246
28.06,13.89,3,0.092
28.27,1.43,1,0.053
218.56,2.77,1,0.047
34.73,2.05,1,0.364
56.75,9.96,3,0.05
43.2,17.49,3,0.105
20.53,0.76,1,0.0
60.17,3.9,2,0.316
148.05,1.81,1,0.067
171.4,1.57,2,0.052
34.2,1.48,1,0.022
26.74,0.9,1,0.022
153.96,1.83,2,0.061
23.89,15.45,3,0.147
209.54,1.63,2,0.046
215.53,2.3,1,0.049
35.68,3.28,2,0.189
24.18,0.88,1,0.041
23.34,1.2,1,0.027
21.04,1.06,1,0.003
40.67,3.22,2,0.487
26.14,0.83,1,0.037
114.73,1.49,2,0.109
37.47,2.82,2,0.259
268.49,1.47,1,0.051
37.63,12.16,4,0.036
44.32,9.72,2,0.122
57.6,3.45,2,0.384
45.0,12.87,2,0.153
186.83,1.14,2,0.023
191.53,1.63,2,0.05
29.06,8.63,4,0.154
32.3,11.2,3,0.155
36.55,13.98,3,0.085
206.94,0.89,3,0.004
47.89,4.09,1,0.321
35.47,8.13,3,0.056
57.59,3.49,2,0.311
157.59,1.68,1,0.069
33.01,9.72,3,0.041
171.54,2.62,2,0.022
32.87,3.14,1,0.411
41.84,10.99,2,0.059
213.87,2.09,3,0.051
39.01,10.02,4,0.073
47.4,2.35,2,0.415
22.29,1.01,1,0.017
11.16,15.45,4,0.066
14.15,1.57,1,0.02
237.24,2.87,2,0.033
173.33,2.54,3,0.027
171.41,1.53,2,0.025
35.56,3.96,3,0.555
27.89,0.65,1,0.002
24.69,8.73,2,0.122
36.61,11.99,2,0.124
45.45,3.01,3,0.271
39.09,2.82,2,0.423
25.89,0.76,1,0.003
232.9,1.85,2,0.041
29.33,1.89,1,0.004
137.84,3.24,2,0.062
35.69,3.88,2,0.223
45.44,3.21,2,0.307
44.01,3.62,1,0.491
41.14,11.68,3,0.109
41.46,11.07,2,0.019
171.11,1.69,1,0.059
23.44,10.78,3,0.045
246.53,2.06,3,0.038
19.42,0.54,1,0.028
240.69,1.77,1,0.039
15.66,1.5,2,0.03
20.14,0.48,1,0.071
32.16,16.8,5,0.039
176.81,1.66,2,0.0
201.52,1.29,1,0.044
59.3,3.6,2,0.344
167.87,1.25,1,0.085
28.57,1.01,2,0.024
35.86,11.11,3,0.073
23.08,0.93,1,0.032
42.61,2.84,2,0.447
49.99,1.71,2,0.373
204.73,1.2,2,0.082
36.38,8.8,2,0.171
34.34,2.98,1,0.384
252.6,2.8,1,0.046
48.69,3.64,1,0.398
22.57,0.9,1,0.017
198.41,2.54,2,0.045
40.16,2.63,3,0.295
48.33,4.87,3,0.371
160.23,2.27,1,0.055
29.98,13.14,3,0.158
17.01,0.95,1,0.004
30.64,1.11,1,0.038
49.16,4.01,2,0.407
22.24,1.1,1,0.035
213.93,2.99,2,0.091
177.11,2.56,2,0.021
25.7,10.55,3,0.101
30.8,0.44,1,0.0
62.7,3.24,3,0.26
192.77,1.4,1,0.055
29.1,1.01,1,0.044
228.59,2.32,1,0.047
182.94,1.51,2,0.041
53.15,4.12,1,0.364
27.79,0.82,1,0.018
30.79,17.92,1,0.034
211.6,1.98,2,0.035
215.18,1.58,2,0.072
36.41,11.9,3,0.107
26.58,1.02,1,0.023
193.34,2.29,2,0.066
202.76,1.9,1,0.035
51.15,2.19,2,0.248
46.91,2.21,3,0.378
37.35,12.29,2,0.11
48.32,3.16,2,0.306
183.74,1.55,2,0.093
32.76,11.46,2,0.132
294.12,2.64,2,0.082
40.05,2.96,3,0.327
47.86,2.33,2,0.415
46.44,2.37,2,0.308
35.07,4.08,2,0.352
216.88,1.64,3,0.015
200.52,2.68,1,0.062
27.04,10.1,3,0.07
21.2,2.34,1,0.17
206.76,1.12,2,0.057
26.37,13.8,4,0.09
221.54,1.92,2,0.004
157.68,2.89,3,0.048
37.22,11.64,4,0.072
254.58,1.29,2,0.072
23.57,10.91,2,0.07
26.33,1.07,1,0.053
42.57,2.93,2,0.225
223.31,1.97,3,0.04
10.9,1.14,2,0.054
36.39,10.25,3,0.072
202.57,2.42,2,0.069
39.85,10.17,1,0.114
47.54,3.51,2,0.31
31.19,3.24,1,0.28
43.59,10.73,3,0.108
220.81,1.22,2,0.037
44.44,9.58,2,0.113
23.02,0.81,2,0.0
32.45,14.5,4,0.087
31.51,13.71,1,0.062
37.79,9.48,3,0.148
23.96,0.89,1,0.0
216.15,3.14,2,0.066
30.26,2.11,2,0.269
18.63,4.09,3,0.251
42.74,14.72,4,0.073
38.05,3.55,3,0.334
18.72,0.81,1,0.041
187.63,2.2,2,0.043
189.01,0.99,3,0.0
41.95,2.82,2,0.349
31.06,0.99,1,0.012
26.21,1.17,1,0.05
19.1,13.16,2,0.134
205.45,1.63,3,0.024
192.69,0.85,2,0.076
186.13,1.14,2,0.035
30.24,18.01,3,0.102
35.79,11.57,4,0.118
28.51,3.27,3,0.279
216.51,1.89,3,0.046
38.18,1.86,2,0.033
34.03,13.16,2,0.134
31.65,8.32,4,0.088
18.3,0.34,1,0.008
40.08,9.21,3,0.135
33.11,3.49,1,0.2
52.17,3.31,2,0.309
35.14,13.97,2,0.144
51.58,4.38,2,0.29
51.52,3.14,1,0.255
176.06,1.47,3,0.035
30.46,13.02,3,0.066
45.56,2.75,2,0.336
44.2,2.26,3,0.301
35.61,12.29,2,0.127
27.52,3.51,2,0.287
34.64,12.2,4,0.121
42.21,3.83,2,0.268
20.59,16.67,2,0.091
15.71,1.6,2,0.288
175.69,2.25,2,0.062
139.84,1.44,2,0.03
136.48,2.88,2,0.032
49.44,11.07,3,0.03
31.59,18.85,3,0.127
38.61,12.9,4,0.076
225.09,1.41,1,0.062
16.79,0.77,1,0.0
33.84,14.06,4,0.127
13.99,9.02,4,0.103
44.91,11.85,5,0.114
20.84,15.44,3,0.126
54.25,3.62,2,0.212
23.75,0.96,1,0.038
36.43,10.77,1,0.104
33.73,15.15,4,0.116
29.02,17.69,5,0.142
43.0,1.7,2,0.45
53.11,14.36,3,0.086
30.24,0.86,1,0.035
212.06,2.13,2,0.043
29.9,3.88,2,0.297
187.16,2.67,3,0.047
67.53,1.17,2,0.423
40.27,11.04,3,0.094
203.8,2.12,2,0.081
179.39,1.49,3,0.033
186.03,1.34,1,0.044
41.98,14.62,4,0.145
22.32,0.99,1,0.022
25.9,8.17,4,0.072
34.55,7.72,3,0.074
30.83,3.43,2,0.192
62.37,2.72,2,0.323
46.23,3.18,2,0.432
28.27,1.2,1,0.021
227.37,3.06,3,0.065
45.59,2.45,2,0.457
22.34,0.49,1,0.01
29.24,1.03,1,0.046
32.45,9.73,2,0.05
217.04,0.76,2,0.085
13.25,7.54,1,0.114
122.69,0.82,1,0.061
31.18,1.93,2,0.32
21.03,1.12,1,0.019
186.53,2.49,1,0.049
29.48,1.01,1,0.002
49.79,3.26,2,0.326
39.95,11.1,4,0.1
36.75,3.5,2,0.373
174.82,2.68,3,0.069
191.75,2.2,2,0.056
35.1,18.2,3,0.146
60.84,2.67,2,0.417
263.17,1.89,2,0.062
36.66,12.17,4,0.106
19.8,1.03,1,0.025
207.66,1.81,2,0.028
227.12,2.94,2,0.048
19.32,0.87,1,0.01
32.05,6.87,4,0.141
43.91,10.66,2,0.108
28.12,1.23,1,0.045
33.7,2.22,3,0.413
25.93,11.87,3,0.077
213.67,2.21,2,0.017
30.06,13.46,3,0.121
27.48,3.65,2,0.318
30.46,9.09,4,0.129
36.16,13.64,3,0.041
214.22,1.77,1,0.008
52.2,3.22,2,0.405
200.08,1.14,3,0.071
19.33,0.94,1,0.025
200.06,1.47,3,0.041
43.39,9.01,3,0.063
36.28,12.0,3,0.134
20.84,0.6,1,0.036
43.19,11.88,2,0.08
48.49,3.74,2,0.409
168.34,2.54,2,0.021
215.61,2.62,2,0.072
51.3,2.44,1,0.338
25.24,14.56,2,0.066
215.42,1.58,2,0.107
192.21,1.19,2,0.071
154.1,2.57,3,0.029
239.18,0.9,2,0.021
34.08,10.37,4,0.121
202.61,2.77,4,0.123
32.57,13.47,3,0.108
16.11,14.25,3,0.152
58.55,3.72,2,0.402
45.58,17.37,4,0.004
222.81,2.09,2,0.006
27.7,3.32,2,0.16
26.35,9.6,3,0.087
223.86,1.29,2,0.1
46.01,2.4,2,0.184
53.82,2.59,2,0.148
152.89,2.3,2,0.096
36.11,13.19,3,0.068
265.66,2.18,2,0.064
42.23,3.08,2,0.496
44.41,13.48,3,0.081
49.84,3.41,2,0.417
173.4,1.79,2,0.038
38.06,12.01,3,0.069
47.82,10.3,2,0.131
40.58,3.69,3,0.246
208.8,2.37,3,0.083
30.22,9.56,3,0.147
185.25,2.27,2,0.016
35.75,3.71,1,0.307
205.45,1.91,3,0.049
34.07,11.92,2,0.128
65.13,2.59,3,0.271
19.45,14.21,4,0.068
41.2,9.86,3,0.146
34.21,1.06,1,0.02
22.97,13.07,2,0.098
201.2,1.95,2,0.051
43.35,6.67,3,0.135
29.03,0.92,1,0.058
29.21,10.71,3,0.15
220.83,2.4,2,0.033
158.84,1.93,1,0.046
36.28,14.31,4,0.148
30.93,13.82,3,0.1
152.54,2.25,1,0.068
208.6,0.67,3,0.026
244.52,2.32,2,0.097
41.71,10.72,3,0.092
17.21,0.61,1,0.007
285.17,1.99,2,0.088
33.26,0.48,1,0.004
29.32,8.28,4,0.151
21.77,0.95,1,0.019
29.85,0.74,1,0.022
53.65,2.07,2,0.426
187.87,0.68,1,0.084
43.61,13.89,4,0.163
44.6,2.83,2,0.41
45.33,1.57,1,0.355
48.31,3.6,2,0.321
31.7,13.24,3,0.134
34.73,11.4,3,0.166
40.62,3.97,2,0.417
47.9,3.61,2,0.319
21.18,0.56,1,0.018
192.42,1.83,2,0.019
38.83,9.68,4,0.031
16.63,12.01,2,0.09
37.93,13.9,3,0.113
19.56,0.65,2,0.021
131.89,1.93,2,0.04
163.13,2.22,1,0.025
48.89,1.38,3,0.39
38.9,1.95,2,0.396
35.96,1.76,3,0.401
34.55,12.04,3,0.123
28.15,0.69,1,0.034
192.39,1.43,2,0.0
26.58,15.34,4,0.092
8.66,0.62,1,0.013
23.21,12.55,2,0.137
189.96,2.4,2,0.095
176.15,2.73,2,0.064
32.92,1.22,1,0.036
189.58,1.8,2,0.058
230.39,1.67,3,0.041
19.35,0.98,1,0.045
31.15,10.49,3,0.046
29.55,1.78,1,0.0
37.05,9.78,3,0.1
21.58,0.33,2,0.03
31.97,12.6,4,0.073
26.38,0.2,1,0.028
29.32,9.6,3,0.103
199.3,1.31,2,0.082
42.86,11.89,4,0.163
46.84,3.04,3,0.375
208.44,1.88,2,0.106
225.19,1.11,2,0.042
26.96,2.69,3,0.42
148.24,2.23,2,0.0
43.62,1.71,2,0.213
243.01,1.68,2,0.041
30.32,0.76,1,0.02
37.9,2.32,2,0.185
27.51,12.37,4,0.178
243.26,1.92,1,0.132
219.0,0.9,2,0.039
34.02,15.54,3,0.198
214.55,1.19,3,0.092
24.32,0.38,1,0.0
25.7,2.23,2,0.332
35.89,13.69,4,0.073
38.96,13.9,3,0.042
35.16,14.47,2,0.018
251.8,2.62,2,0.019
59.35,10.36,1,0.088
47.26,3.43,2,0.442
28.06,14.13,3,0.015
180.05,2.18,1,0.007
38.39,4.21,2,0.291
58.46,2.96,2,0.429
163.22,2.32,3,0.081
30.11,9.91,3,0.119
64.6,2.86,2,0.279
16.22,0.86,1,0.021
222.41,1.43,2,0.074
212.66,1.97,1,0.046
38.52,11.23,2,0.098
36.47,12.96,3,0.097
184.68,2.4,2,0.077
31.19,12.41,4,0.185
26.67,1.72,1,0.014
209.35,2.39,2,0.09
39.55,2.54,2,0.373
42.37,11.75,4,0.062
26.63,3.31,2,0.433
121.08,2.59,2,0.052
24.66,15.42,3,0.1
44.5,14.97,4,0.072
33.48,1.21,1,0.014
48.95,2.85,2,0.426
246.54,2.24,3,0.019
214.12,2.15,1,0.075
49.66,3.32,2,0.492
20.27,0.83,1,0.01
191.73,2.87,3,0.047
36.27,13.67,4,0.171
220.31,2.53,2,0.029
27.51,1.9,1,0.028
30.26,0.75,1,0.031
38.39,9.67,3,0.167
43.28,3.96,2,0.382
36.82,9.26,2,0.07
33.02,12.96,4,0.17
44.33,12.61,3,0.059
49.1,2.52,1,0.334
17.21,0.97,1,0.029
21.83,10.08,3,0.059
29.02,11.51,4,0.159
35.33,2.89,2,0.248
215.08,1.63,1,0.073
21.79,0.98,1,0.024
164.27,1.86,2,0.013
52.07,2.17,3,0.422
41.47,15.04,2,0.184
27.55,0.91,1,0.0
154.28,1.88,3,0.068
167.04,1.59,2,0.031
44.05,13.0,2,0.012
37.32,8.93,3,0.114
31.26,11.33,4,0.121
30.57,1.41,1,0.078
33.63,13.04,2,0.079
29.43,0.74,1,0.05
206.95,2.55,3,0.106
206.8,1.81,3,0.059
36.51,3.21,3,0.427
35.09,8.83,3,0.141
43.5,10.25,2,0.082
41.87,13.95,4,0.086
51.36,3.45,2,0.276
13.7,1.03,1,0.005
47.0,2.74,2,0.328
33.35,13.42,3,0.056
32.42,13.63,3,0.142
197.55,1.54,2,0.024
220.56,0.57,2,0.099
46.19,14.84,2,0.105
198.09,1.9,2,0.029
261.3,2.12,2,0.119
189.06,1.89,2,0.039
259.66,3.27,2,0.026
37.86,14.03,3,0.13
33.06,0.4,1,0.014
31.89,1.08,1,0.0
249.17,2.7,1,0.0
37.56,2.51,2,0.358
260.45,1.95,1,0.032
18.17,1.69,1,0.0
14.84,11.39,3,0.099
49.17,2.8,1,0.418
202.76,2.24,3,0.06
47.46,1.99,2,0.426
45.12,11.91,3,0.158
209.19,2.41,4,0.067
213.33,1.98,2,0.079
55.06,3.21,1,0.288
197.92,2.31,2,0.073
28.9,9.25,4,0.059
41.81,2.82,1,0.297
43.68,2.98,3,0.308
64.67,4.37,2,0.359
16.97,0.95,1,0.048
39.71,3.49,2,0.504
22.59,1.05,1,0.0
208.56,2.01,1,0.014
239.24,1.45,1,0.071
10.46,0.63,1,0.01
37.95,1.76,2,0.267
191.45,1.95,2,0.055
181.06,2.18,3,0.035
238.2,1.91,3,0.013
40.81,8.55,1,0.128
21.89,14.05,3,0.123
167.87,1.64,2,0.107
202.94,1.5,2,0.001
207.4,2.18,2,0.078
195.58,2.6,2,0.019
32.4,0.95,1,0.018
44.85,11.18,4,0.114
20.38,1.2,1,0.011
40.13,14.47,3,0.078
28.86,10.23,3,0.091
206.49,2.81,2,0.074
19.53,1.12,1,0.0
20.8,1.42,2,0.054
207.37,2.28,3,0.024
69.43,3.48,2,0.233
180.46,2.29,1,0.047
42.32,2.6,3,0.472
213.23,1.03,3,0.007
23.33,0.78,1,0.046
33.78,1.63,1,0.035
11.62,0.71,1,0.026
47.34,3.61,2,0.356
155.24,3.06,3,0.078
25.42,0.78,1,0.038
44.67,13.28,3,0.181
23.55,0.55,1,0.028
223.93,2.52,2,0.077
26.66,0.62,1,0.009
26.21,1.35,1,0.019
23.4,0.83,1,0.0
179.82,1.34,2,0.019
39.08,12.14,3,0.171
52.16,2.98,2,0.396
233.68,2.25,1,0.056
239.67,1.59,3,0.048
223.38,2.41,2,0.015
15.56,1.68,1,0.0
47.62,2.91,3,0.412
29.8,11.77,3,0.11
34.64,13.16,3,0.059
193.11,2.08,2,0.058
147.43,1.42,2,0.023
54.04,2.53,2,0.336
41.13,2.03,3,0.435
39.23,2.13,1,0.248
180.68,2.55,2,0.04
42.94,11.46,3,0.1
224.24,1.57,2,0.057
55.22,3.56,2,0.422
23.43,1.86,1,0.019
42.79,14.96,3,0.141
44.03,12.67,4,0.065
45.6,11.27,3,0.047
219.19,1.83,3,0.06
55.39,1.9,3,0.384
30.28,0.84,1,0.0
23.43,16.9,3,0.138
132.38,1.17,1,0.062
197.26,1.23,1,0.022
260.8,2.32,1,0.059
188.61,1.74,1,0.041
30.24,4.03,2,0.292
37.01,12.99,3,0.071
251.0,2.69,1,0.064
220.38,1.02,2,0.055
187.73,1.29,2,0.035
49.15,12.6,2,0.131
35.18,2.48,3,0.263
15.26,1.03,1,0.019
210.71,2.57,2,0.043
234.72,2.22,2,0.04
216.24,1.76,2,0.059
42.03,11.18,3,0.054
49.66,13.72,3,0.11
171.19,2.03,1,0.113
22.9,2.72,2,0.204
203.63,1.46,2,0.042
196.3,1.97,3,0.058
41.29,13.77,3,0.159
20.64,0.91,1,0.014
160.5,1.13,2,0.066
50.33,7.51,2,0.039
37.21,13.87,2,0.063
40.45,16.04,1,0.033
41.16,4.37,2,0.365
24.85,0.7,1,0.008
51.77,3.16,2,0.399
33.85,1.08,1,0.04
51.07,1.45,2,0.357
25.68,0.35,2,0.004
36.9,8.72,4,0.136
54.34,3.24,2,0.301
33.56,11.48,3,0.109
139.79,1.66,2,0.072
60.69,2.5,2,0.306
35.73,11.52,4,0.062
211.23,1.89,2,0.0
5.0,10.51,3,0.112
55.59,16.37,2,0.092
23.93,1.21,2,0.0
48.28,2.04,2,0.41
33.1,0.31,1,0.034
44.46,1.66,1,0.478
42.3,8.9,3,0.117
169.13,1.32,2,0.004
46.89,1.96,2,0.264
51.98,2.36,2,0.244
34.36,2.56,2,0.318
201.43,1.67,2,0.066
259.57,2.35,2,0.025
34.77,10.46,3,0.038
22.12,8.83,3,0.077
49.96,2.71,2,0.403
48.64,4.63,2,0.386
33.26,3.41,1,0.357
31.24,13.55,3,0.102
26.43,2.7,2,0.44
67.91,1.27,2,0.479
164.76,1.07,1,0.0
16.6,1.81,1,0.056
190.88,2.02,2,0.047
164.52,0.37,1,0.055
24.83,0.81,1,0.024
171.27,2.29,1,0.035
47.78,2.89,2,0.33
208.42,1.66,2,0.042
225.31,1.66,2,0.025
38.86,2.72,2,0.382
32.64,2.82,1,0.161
195.6,2.06,2,0.058
26.11,1.25,1,0.016
229.41,1.5,3,0.022
201.0,1.3,2,0.004
17.81,2.39,2,0.302
51.29,2.72,2,0.406
33.8,7.64,3,0.106
38.62,2.04,3,0.295
204.04,1.93,2,0.025
37.65,14.24,3,0.174
191.13,2.03,2,0.043
31.96,7.52,2,0.166
193.92,2.08,2,0.061
42.94,11.04,4,0.037
41.29,11.76,3,0.108
59.05,3.05,2,0.158
38.35,3.78,1,0.279
10.72,0.87,1,0.022
45.78,3.92,1,0.463
33.39,12.85,2,0.069
39.66,3.53,2,0.301
163.55,2.37,2,0.06
31.58,11.99,2,0.033
54.85,3.44,2,0.337
40.87,13.96,2,0.106
52.3,3.54,2,0.561
37.91,9.28,4,0.105
40.78,11.83,5,0.109
28.79,3.24,2,0.387
31.19,1.03,1,0.065
19.04,7.7,5,0.043
31.18,9.96,4,0.15
226.37,2.16,1,0.04
17.98,1.22,1,0.029
20.62,0.9,1,0.059
49.99,2.78,3,0.302
42.13,8.33,3,0.043
60.17,2.78,2,0.335
36.5,4.83,4,0.131
152.05,1.22,1,0.046
57.23,4.5,2,0.357
38.86,0.66,2,0.0
38.12,9.07,4,0.06
213.29,1.4,2,0.062
14.84,1.32,1,0.015
57.58,3.45,2,0.501
40.74,2.3,2,0.402
35.1,10.96,3,0.105
45.05,2.87,2,0.216
47.13,11.56,3,0.096
22.72,0.28,2,0.051
28.11,12.81,3,0.063
143.81,2.31,3,0.031
173.09,3.55,2,0.036
33.03,11.04,2,0.118
32.15,8.41,4,0.096
30.52,0.9,1,0.031
50.65,12.76,2,0.106
226.96,1.88,2,0.097
226.8,1.89,2,0.095
35.86,11.37,4,0.07
28.26,7.44,2,0.055
181.17,1.66,3,0.047
206.39,3.54,2,0.117
32.18,13.97,4,0.145
185.43,1.9,2,0.043
25.32,2.03,2,0.408
32.32,8.18,4,0.047
29.71,11.73,1,0.066
54.1,2.52,2,0.346
226.13,2.79,3,0.071
37.16,14.93,2,0.082
61.47,2.97,1,0.315
196.31,1.88,2,0.06
48.69,15.63,3,0.137
42.11,3.1,3,0.361
226.34,1.95,2,0.11
25.69,11.17,5,0.12
16.61,1.58,2,0.372
26.68,1.11,1,0.051
49.86,10.96,3,0.101
203.05,1.79,2,0.077
48.25,11.65,3,0.033
36.36,14.0,3,0.0
28.31,1.01,1,0.019
213.46,1.49,2,0.058
30.24,7.42,3,0.115
35.46,3.87,2,0.265
29.54,1.66,1,0.017
57.15,3.43,3,0.36
203.36,1.78,1,0.007
211.75,2.57,2,0.075
31.58,11.55,2,0.046
46.37,10.79,3,0.113
196.07,1.94,2,0.026
208.28,1.87,2,0.028
40.17,11.83,2,0.137
40.59,3.64,2,0.298
32.01,3.63,2,0.255
28.96,0.84,1,0.032
188.38,2.47,2,0.022
214.56,1.84,2,0.069
18.58,10.7,4,0.067
65.69,3.36,2,0.375
18.55,0.49,1,0.034
155.89,2.78,1,0.081
43.01,2.69,2,0.279
55.05,1.08,2,0.366
30.1,9.28,4,0.109
27.35,1.5,1,0.041
226.17,2.26,3,0.031
36.54,1.17,1,0.012
44.26,13.96,3,0.024
35.17,8.58,3,0.029
42.38,3.59,3,0.437
40.78,2.83,2,0.324
50.96,14.79,3,0.114
177.25,1.69,1,0.07
52.2,10.96,2,0.132
182.16,3.41,2,0.013
30.5,9.84,4,0.096
23.9,1.13,1,0.005
47.23,2.83,2,0.357
52.02,2.7,2,0.481
51.94,2.81,2,0.341
177.37,0.59,1,0.112
163.29,1.93,2,0.069
20.22,0.97,1,0.021
45.55,3.03,3,0.418
42.13,4.13,1,0.266
38.74,2.3,3,0.403
131.4,2.19,2,0.082
51.58,3.45,2,0.249
48.02,2.9,2,0.334
42.08,3.37,2,0.302
33.81,13.96,3,0.122
189.37,1.65,2,0.027
182.72,2.03,2,0.039
21.99,0.74,2,0.009
59.31,4.26,1,0.371
34.88,13.23,4,0.121
33.14,14.89,4,0.06
177.96,3.03,2,0.039
48.67,2.04,2,0.288
16.88,2.97,3,0.342
44.78,8.45,3,0.114
47.07,2.27,2,0.268
42.99,4.03,2,0.509
35.23,8.86,3,0.12
260.91,2.0,2,0.027
29.61,0.2,1,0.016
32.91,4.37,2,0.364
40.9,2.96,2,0.342
27.3,1.19,1,0.01
39.22,2.71,3,0.361
216.1,3.17,2,0.01
47.75,8.57,3,0.092
24.43,13.25,3,0.101
52.77,5.19,1,0.431
50.36,10.21,4,0.045
192.67,1.71,2,0.037
35.9,3.89,1,0.368
240.73,1.58,3,0.083
188.84,2.15,2,0.033
26.31,0.81,2,0.037
42.02,12.29,4,0.089
38.7,8.5,2,0.038
202.35,1.51,2,0.087
28.86,12.11,3,0.099
218.41,1.54,2,0.078
52.24,2.19,1,0.382
188.61,1.38,2,0.103
57.27,1.07,3,0.328
214.12,2.17,1,0.0
37.93,2.85,2,0.314
38.66,2.87,3,0.344
25.6,14.87,2,0.135
152.65,2.71,2,0.04
137.37,2.46,1,0.071
61.12,3.1,2,0.33
36.12,13.97,4,0.095
182.19,2.75,2,0.054
22.25,0.92,2,0.02
35.03,10.65,4,0.044
56.91,2.6,2,0.289
165.05,0.93,2,0.024
251.74,2.64,2,0.035
25.54,13.97,2,0.168
43.47,2.98,2,0.287
24.07,1.14,1,0.039
49.33,3.53,1,0.352
187.25,0.99,2,0.045
164.77,1.6,1,0.051
23.01,1.16,1,0.022
34.0,2.87,2,0.307
35.75,10.82,3,0.135
53.55,3.31,2,0.32
22.06,1.3,1,0.001
23.14,0.97,1,0.018
26.22,13.67,4,0.103
51.38,3.35,2,0.28
20.12,1.47,1,0.016
208.9,2.22,1,0.049
45.26,2.04,2,0.338
161.74,2.06,1,0.074
51.53,3.07,2,0.376
229.38,2.3,2,0.048
152.49,2.4,2,0.036
28.22,0.93,1,0.024
21.38,1.24,1,0.009
37.49,4.67,2,0.432
64.63,1.92,2,0.41
23.58,7.66,2,0.073
171.45,2.25,3,0.011
184.42,2.89,2,0.058
62.21,2.91,2,0.302
37.16,3.21,2,0.341
29.42,14.8,2,0.034
63.15,2.48,2,0.35
42.65,3.17,2,0.355
17.91,1.14,1,0.018
26.43,1.35,1,0.056
31.88,14.92,4,0.07
144.99,1.78,2,0.026
199.98,2.25,3,0.014
217.11,1.42,1,0.098
56.8,2.87,2,0.422
37.83,3.95,2,0.061
36.91,12.08,3,0.118
57.72,3.55,2,0.453
194.72,1.63,2,0.057
167.16,2.2,2,0.041
29.64,11.52,3,0.082
33.88,3.56,2,0.494
24.91,1.31,1,0.029
160.29,1.22,2,0.018
27.38,8.22,3,0.142
42.59,3.18,2,0.391
183.91,2.07,3,0.078
230.21,2.07,1,0.06
47.28,1.89,2,0.38
177.22,2.02,2,0.0
13.42,1.1,1,0.012
249.74,1.2,2,0.089
18.61,1.24,1,0.03
175.46,1.93,3,0.078
37.71,8.83,3,0.124
50.68,2.99,2,0.355
151.19,1.94,2,0.056
42.43,13.77,4,0.125
195.26,1.22,1,0.025
50.81,4.96,2,0.437
35.51,10.73,3,0.153
47.84,10.32,4,0.107
177.66,2.14,2,0.036
43.1,14.41,3,0.01
51.53,2.76,2,0.313
41.88,2.51,1,0.171
194.68,0.77,2,0.048
38.88,13.33,3,0.039
208.43,2.32,1,0.032
55.46,2.84,1,0.462
16.05,0.55,1,0.005
39.2,10.91,3,0.119
51.05,1.14,2,0.351
33.08,6.72,3,0.111
38.0,4.21,2,0.356
26.01,0.73,1,0.026
41.98,12.05,2,0.078
39.62,1.93,2,0.292
40.93,9.46,4,0.114
193.91,1.6,2,0.047
174.88,0.94,2,0.0
30.81,1.55,1,0.028
26.71,14.39,2,0.102
44.07,10.76,2,0.156
205.15,2.35,2,0.083
56.36,2.69,1,0.235
30.72,15.0,4,0.047
26.86,0.2,1,0.0
50.71,14.11,4,0.073
30.09,11.74,3,0.173
22.07,1.3,1,0.013
24.46,2.18,2,0.27
33.45,0.82,2,0.012
207.17,2.42,2,0.052
47.39,2.45,2,0.326
34.63,10.1,4,0.176
226.32,0.77,2,0.043
24.77,11.67,3,0.121
52.04,11.71,4,0.041
194.36,2.6,1,0.0
39.15,15.8,1,0.067
24.87,10.79,4,0.103
47.77,1.0,3,0.164
67.38,2.09,2,0.266
26.5,0.61,1,0.009
245.23,2.29,2,0.013
42.47,13.69,4,0.106
35.52,11.55,3,0.037
47.98,3.28,2,0.271
160.26,1.83,2,0.057
16.6,12.3,4,0.209
46.53,2.94,2,0.421
34.59,11.34,3,0.098
44.62,3.49,1,0.213
42.24,11.85,1,0.113
148.8,2.07,3,0.101
46.92,2.24,2,0.432
27.52,1.0,1,0.021
44.57,2.87,2,0.399
37.29,0.63,1,0.038
175.64,2.28,2,0.041
26.9,1.17,1,0.0
202.25,1.65,3,0.098
55.74,3.05,2,0.384
175.6,1.58,2,0.053
122.06,2.04,3,0.124
39.23,1.7,2,0.405
44.46,12.36,2,0.108
33.2,3.39,2,0.35
41.67,2.63,2,0.284
44.1,8.35,3,0.099
47.76,2.63,2,0.352
25.76,0.94,1,0.0
66.89,3.14,2,0.314
34.93,9.7,4,0.078
25.5,0.8,1,0.015
29.67,11.05,3,0.128
202.71,1.73,2,0.031
185.44,2.55,3,0.067
33.63,2.61,2,0.323
22.1,11.33,4,0.144
30.13,9.99,4,0.079
30.77,17.54,3,0.137
33.8,12.43,3,0.09
14.31,1.62,2,0.031
61.27,2.92,2,0.481
52.07,4.08,1,0.235
28.14,1.46,1,0.016
26.29,7.97,2,0.123
257.28,3.22,1,0.059
20.93,0.77,1,0.009
40.86,12.2,3,0.106
231.75,2.34,3,0.041
223.35,1.45,3,0.067
183.74,1.94,2,0.031
34.35,15.64,3,0.098
191.64,1.87,1,0.1
204.69,0.66,2,0.078
19.57,1.47,1,0.033
229.02,2.89,2,0.086
198.13,1.78,3,0.056
232.97,2.11,2,0.031
16.76,13.2,4,0.103
214.56,3.47,3,0.035
51.19,2.85,2,0.249
201.36,2.53,1,0.059
40.44,2.33,2,0.456
52.19,3.35,2,0.308
59.1,3.49,2,0.275
170.77,2.19,3,0.06
134.18,2.01,2,0.052
31.83,13.51,3,0.134
28.51,13.05,4,0.145
198.46,2.04,2,0.013
27.68,12.09,3,0.096
260.43,1.67,2,0.043
64.97,1.7,3,0.407
36.13,3.12,2,0.449
12.69,0.68,1,0.037
219.38,1.12,2,0.043
43.34,4.88,2,0.454
182.19,1.78,2,0.067
17.71,1.23,1,0.041
31.09,1.8,2,0.224
39.68,3.47,2,0.355
44.87,3.85,1,0.404
45.87,2.79,1,0.427
45.71,10.18,2,0.109
21.43,0.5,2,0.034
38.18,9.83,2,0.127
35.09,14.9,4,0.099
26.84,0.65,1,0.025
157.58,1.83,2,0.105
20.78,0.81,2,0.0
28.88,2.52,1,0.315
230.15,1.68,3,0.098
206.52,3.19,2,0.073
38.93,13.13,4,0.089
27.87,0.34,1,0.017
21.06,1.89,2,0.011
52.84,2.8,1,0.42
48.01,12.54,4,0.074
205.0,2.44,1,0.067
239.47,2.83,2,0.033
204.97,1.67,2,0.061
128.72,1.7,2,0.075
216.94,2.74,4,0.054
205.01,2.56,3,0.077
36.9,9.66,2,0.127
198.22,2.16,3,0.038
218.16,2.14,3,0.059
24.15,6.77,5,0.145
241.33,2.81,2,0.046
42.47,3.58,2,0.277
40.81,3.63,1,0.091
26.15,0.75,1,0.019
27.38,0.74,1,0.02
27.62,2.93,2,0.372
23.84,13.59,3,0.152
22.01,0.57,1,0.0
237.44,1.85,2,0.03
178.47,2.59,3,0.06
47.12,9.21,4,0.146
53.76,2.89,1,0.442
40.12,8.79,3,0.096
51.78,2.8,1,0.291
27.77,10.08,3,0.09
24.31,16.59,4,0.02
41.04,3.03,3,0.29
194.85,1.64,2,0.03
167.38,1.78,3,0.046
45.26,12.1,3,0.088
32.06,11.23,3,0.154
209.81,2.24,1,0.052
49.52,11.17,3,0.06
54.17,4.12,2,0.235
29.18,0.2,1,0.015
168.99,2.04,2,0.019
43.2,3.28,2,0.212
179.17,2.33,1,0.002
62.94,3.86,2,0.339
214.54,1.46,1,0.048
235.63,1.96,2,0.036
42.25,2.91,3,0.414
31.47,8.7,3,0.061
35.86,8.22,3,0.131
33.53,5.39,2,0.288
38.06,14.08,2,0.142
43.89,13.97,2,0.096
39.65,7.95,4,0.078
25.85,0.87,1,0.016
198.11,2.75,3,0.041
188.72,1.84,3,0.03
40.47,12.8,2,0.079
51.1,3.79,2,0.345
16.45,2.26,1,0.023
40.53,3.26,1,0.439
27.68,0.7,2,0.0
37.07,9.28,2,0.041
211.97,2.16,2,0.043
36.78,13.64,4,0.07
35.18,9.41,4,0.206
179.85,1.71,2,0.018
45.65,17.53,1,0.087
236.67,1.78,2,0.003
51.63,3.13,2,0.369
16.42,13.4,4,0.016
27.41,0.64,1,0.017
33.71,13.52,2,0.12
53.51,11.03,3,0.112
40.5,14.57,4,0.121
29.94,13.17,3,0.086
43.29,3.09,2,0.358
54.13,3.96,1,0.46
43.16,3.8,3,0.224
46.44,8.7,3,0.053
51.32,13.55,2,0.089
189.28,2.34,2,0.03
34.79,10.28,4,0.064
193.08,1.82,2,0.056
230.61,1.87,3,0.089
25.4,0.43,1,0.02
36.78,3.92,2,0.306
25.73,13.49,4,0.058
232.46,2.49,3,0.066
27.32,0.99,2,0.0
48.13,12.64,4,0.127
214.56,1.72,2,0.114
205.81,1.89,2,0.108
42.93,1.64,2,0.341
55.44,1.87,2,0.364
37.02,2.99,3,0.417
50.75,2.92,2,0.234
31.74,10.12,3,0.119
39.35,4.28,2,0.197
35.99,2.86,2,0.332
38.64,3.64,1,0.187
35.79,11.9,2,0.132
22.6,0.89,1,0.024
30.55,12.37,4,0.16
25.87,2.61,2,0.316
29.78,8.27,3,0.118
201.08,2.21,2,0.025
42.78,2.55,2,0.31
208.43,1.62,2,0.016
47.44,16.08,4,0.151
25.56,12.5,2,0.113
177.05,1.32,2,0.03
46.03,3.49,2,0.334
35.55,13.87,3,0.198
14.92,1.01,1,0.036
55.31,4.19,2,0.364
25.51,13.9,2,0.052
39.6,15.04,2,0.06
29.6,9.93,2,0.091
29.0,14.7,2,0.0
26.09,2.72,2,0.283
47.1,14.39,3,0.061
41.5,12.51,2,0.201
214.33,2.68,2,0.064
180.73,1.77,1,0.019
24.19,0.84,1,0.0
202.6,1.42,1,0.089
33.02,1.85,2,0.296
22.07,12.82,2,0.054
26.96,10.32,4,0.115
210.7,2.5,2,0.06
42.76,9.48,3,0.07
47.8,10.8,2,0.128
37.61,9.53,2,0.089
35.45,3.57,2,0.382
33.77,12.26,4,0.07
210.88,1.74,3,0.04
19.84,1.34,1,0.012
188.59,2.84,3,0.024
27.41,7.99,3,0.071
41.08,2.61,3,0.341
147.23,1.54,2,0.049
40.29,1.23,2,0.237
41.7,3.08,2,0.201
176.13,2.62,1,0.0
49.05,3.75,2,0.409
34.62,0.31,1,0.0
27.68,0.94,1,0.015
33.83,1.17,1,0.013
30.77,12.77,3,0.101
31.19,11.76,4,0.133
41.93,11.09,3,0.108
229.77,2.14,2,0.052
35.99,2.89,2,0.34
242.54,2.77,2,0.025
32.92,10.64,2,0.167
236.71,2.31,2,0.028
33.38,0.29,1,0.006
24.92,8.56,3,0.053
26.45,1.6,1,0.0
52.31,4.81,2,0.362
36.84,3.1,2,0.253
225.56,1.86,2,0.059
19.53,1.15,2,0.0
28.38,7.57,3,0.125
228.32,0.84,2,0.106
38.11,13.11,3,0.117
25.77,13.13,3,0.091
54.64,8.89,2,0.132
181.19,1.99,3,0.071
21.72,1.3,1,0.062
32.82,9.58,3,0.119
246.48,2.85,1,0.066
48.19,3.27,2,0.261
47.34,2.45,2,0.35
48.84,2.13,1,0.45
27.79,11.57,2,0.085
181.51,2.55,2,0.03
135.16,1.93,3,0.044
30.12,2.95,3,0.426
34.66,9.73,4,0.105
20.53,1.46,1,0.004
50.74,8.64,3,0.119
185.71,2.37,2,0.053
55.91,2.91,2,0.249
24.39,2.34,2,0.447
23.11,12.87,3,0.085
170.62,1.36,2,0.065
30.78,7.1,3,0.109
43.14,14.53,3,0.065
205.91,0.83,3,0.007
211.85,2.18,2,0.035
35.13,3.28,3,0.414
52.83,2.41,2,0.349
31.92,8.94,3,0.129
241.5,1.89,2,0.057
51.96,1.46,1,0.222
223.39,2.65,2,0.07
61.16,1.11,1,0.358
39.49,4.05,3,0.421
28.93,11.22,2,0.185
206.05,1.87,1,0.041
22.04,12.0,3,0.132
42.08,12.6,4,0.124
38.1,12.63,2,0.086
158.16,0.84,2,0.005
42.95,2.77,2,0.392
26.4,4.15,1,0.258
174.91,4.05,2,0.074
51.94,3.04,2,0.254
216.12,2.84,1,0.056
26.28,15.22,2,0.133
18.67,1.48,1,0.026
42.74,6.39,3,0.092
207.77,3.18,2,0.033
31.07,17.17,2,0.059
28.34,14.04,5,0.118
188.39,1.72,2,0.052
183.48,2.36,3,0.068
29.56,1.83,1,0.0
184.41,2.05,2,0.015
21.4,2.56,3,0.348
23.94,13.76,2,0.095
34.21,18.92,4,0.154
27.09,10.53,3,0.084
34.77,10.15,3,0.15
203.29,2.47,2,0.02
54.54,2.76,2,0.44
30.02,12.32,3,0.127
31.38,1.36,1,0.026
42.7,2.01,2,0.512
26.53,2.92,2,0.346
47.87,3.21,2,0.364
115.17,2.81,2,0.067
221.31,2.77,2,0.076
175.22,1.77,2,0.045
42.43,3.31,2,0.249
25.95,3.19,2,0.458
50.02,2.13,2,0.424
207.33,1.82,2,0.062
32.37,3.0,2,0.423
26.49,0.66,1,0.0
180.8,2.27,1,0.054
61.8,3.17,2,0.218
41.96,2.99,3,0.328
31.26,9.56,2,0.212
214.19,1.61,1,0.076
19.33,7.11,3,0.077
37.47,13.2,2,0.137
183.83,1.91,2,0.035
32.46,12.71,4,0.043
45.1,2.98,3,0.346
239.76,1.5,1,0.051
38.53,13.04,2,0.075
32.6,8.28,3,0.099
164.28,2.2,1,0.041
40.44,4.49,2,0.388
164.86,0.34,2,0.06
39.26,2.37,2,0.38
40.24,2.53,2,0.511
30.31,4.25,1,0.45
54.28,11.6,2,0.119
36.71,9.51,5,0.106
203.92,2.4,3,0.044
26.72,13.41,3,0.069
34.84,9.82,3,0.06
38.06,8.94,3,0.21
40.03,2.57,2,0.338
30.39,2.64,2,0.305
33.04,6.76,2,0.143
23.66,1.02,1,0.015
44.16,11.37,4,0.144
33.95,9.97,4,0.136
33.91,0.73,1,0.032
27.99,1.45,1,0.053
49.4,2.85,2,0.265
183.75,2.15,3,0.029
42.96,15.55,2,0.104
57.31,2.91,3,0.323
35.4,2.98,2,0.311
202.58,1.52,2,0.019
217.22,1.29,2,0.029
33.75,13.11,3,0.116
207.53,2.06,2,0.065
32.49,3.3,3,0.391
209.99,1.15,2,0.081
249.25,2.39,1,0.0
58.02,4.48,2,0.297
33.19,12.71,3,0.089
31.91,1.1,2,0.038
25.88,1.3,1,0.018
46.16,3.41,2,0.405
31.78,10.83,4,0.038
179.55,1.65,2,0.109
33.14,13.2,2,0.111
19.13,0.57,2,0.005
29.82,12.33,2,0.052
171.57,2.22,2,0.062
246.15,2.13,2,0.034
26.59,12.07,3,0.118
178.05,2.6,2,0.059
35.4,8.92,3,0.181
45.88,1.61,1,0.343
169.46,2.35,2,0.045
221.54,1.86,2,0.026
171.68,2.2,2,0.024
21.78,11.23,2,0.092
30.2,12.7,3,0.12
58.16,3.52,2,0.285
40.7,10.89,3,0.105
42.26,3.68,2,0.33
34.29,11.12,2,0.152
26.05,0.38,1,0.014
40.87,7.97,2,0.105
15.21,9.09,4,0.041
179.09,2.7,2,0.065
23.84,0.85,2,0.007
38.83,2.76,1,0.385
23.64,0.77,1,0.041
180.31,1.38,1,0.031
40.49,9.74,3,0.092
176.15,1.68,2,0.0
49.92,3.8,2,0.392
34.7,9.1,3,0.173
229.65,2.68,2,0.028
36.29,6.95,4,0.114
40.18,6.42,3,0.096
24.87,3.28,2,0.315
219.21,3.0,2,0.059
11.61,3.94,3,0.398
26.97,1.32,1,0.018
23.48,1.1,1,0.053
28.38,9.43,3,0.082
40.84,7.98,3,0.106
27.15,1.32,1,0.027
38.36,3.22,2,0.472
24.63,0.33,1,0.028
35.63,0.2,1,0.002
216.65,2.82,1,0.075
173.76,2.98,2,0.031
171.16,2.45,2,0.067
32.57,1.97,3,0.398
223.94,2.07,1,0.095
9.74,0.48,1,0.058
172.02,2.54,2,0.019
39.71,13.85,4,0.029
173.92,1.83,3,0.043
40.47,2.59,3,0.316
24.87,3.53,2,0.404
42.59,9.83,3,0.011
30.94,12.07,2,0.157
177.17,2.72,3,0.082
38.39,3.14,2,0.381
237.95,1.86,2,0.029
30.84,2.28,1,0.292
8.37,0.57,1,0.041
26.0,10.89,3,0.096
46.7,10.76,3,0.021
26.38,0.71,1,0.0
23.75,11.32,4,0.09
63.37,3.28,2,0.405
15.92,0.98,1,0.046
32.55,1.21,1,0.038
26.21,13.75,4,0.071
38.78,2.77,3,0.43
38.06,2.55,2,0.244
47.43,2.0,2,0.329
39.96,10.68,3,0.097
59.07,3.52,2,0.321
236.98,1.34,1,0.069
42.79,12.32,2,0.077
26.4,14.37,2,0.052
43.27,11.05,3,0.067
177.97,1.61,2,0.065
184.83,2.23,2,0.069
29.46,1.35,2,0.04
25.07,0.93,1,0.026
44.05,2.41,1,0.434
41.88,3.41,2,0.353
45.72,12.9,2,0.138
31.43,8.43,4,0.098
45.64,3.58,3,0.363
45.0,1.86,3,0.291
28.83,12.14,3,0.134
36.67,3.23,2,0.403
24.8,0.33,1,0.025
25.55,1.15,1,0.028
167.48,0.85,2,0.099
35.57,10.68,3,0.081
29.17,4.94,2,0.37
31.6,0.39,1,0.0
32.26,2.21,3,0.359
174.55,2.23,1,0.074
40.5,8.83,4,0.096
209.0,2.99,2,0.007
46.62,3.12,2,0.423
24.54,0.34,1,0.013
22.96,15.57,4,0.048
23.07,0.63,1,0.033
55.89,3.21,2,0.331
175.38,2.55,2,0.048
28.66,1.29,1,0.036
43.27,11.51,3,0.125
44.95,2.07,3,0.378
212.21,1.92,1,0.038
218.54,2.65,2,0.029
251.0,1.9,1,0.067
53.6,4.32,2,0.476
44.27,11.59,3,0.077
68.62,2.87,3,0.46
39.73,11.45,3,0.069
29.35,11.09,4,0.116
30.29,3.38,3,0.087
35.7,2.6,2,0.194
29.5,8.05,2,0.136
273.27,1.95,1,0.057
27.76,0.81,1,0.016
181.06,2.1,2,0.068
27.08,1.36,1,0.003
28.69,1.58,1,0.036
45.55,15.46,4,0.043
214.78,1.49,2,0.049
40.9,2.86,2,0.455
207.56,2.1,2,0.07
147.98,1.61,3,0.032
42.44,13.97,3,0.15
41.18,2.51,2,0.382
210.56,3.23,2,0.066
29.2,17.23,3,0.062
46.11,9.33,3,0.129
34.75,2.8,1,0.475
35.02,11.7,3,0.03
161.7,1.98,2,0.053
33.59,11.29,3,0.067
35.95,9.06,3,0.118
218.98,2.57,3,0.014
39.53,11.48,3,0.141
32.5,12.98,2,0.101
49.05,2.35,1,0.26
36.97,1.0,1,0.027
66.01,4.29,3,0.289
56.61,2.26,3,0.395
38.28,4.33,2,0.282
230.47,1.76,2,0.048
48.65,3.37,2,0.307
34.56,13.85,3,0.124
29.69,1.54,1,0.0
32.37,8.48,2,0.127
54.76,15.51,3,0.101
37.73,13.51,2,0.043
45.26,3.67,2,0.422
31.05,3.85,2,0.408
20.88,0.88,2,0.005
35.63,3.79,2,0.371
210.57,1.86,1,0.04
225.61,2.79,3,0.046
24.68,0.54,1,0.022
28.6,0.97,1,0.052
229.48,2.94,2,0.049
32.96,10.88,2,0.037
19.47,11.8,3,0.137
184.97,1.53,2,0.052
28.02,1.04,1,0.003
220.19,1.32,2,0.044
30.39,11.44,3,0.165
251.27,2.69,2,0.03
31.22,6.25,3,0.149
218.14,1.59,2,0.071
42.2,10.58,4,0.077
8.78,0.65,1,0.016
45.52,12.37,4,0.123
198.33,2.34,1,0.054
49.32,11.14,3,0.111
40.81,9.26,2,0.029
38.55,14.89,3,0.129
25.35,0.75,1,0.0
52.25,3.99,2,0.435
31.31,13.37,3,0.08
210.74,1.55,2,0.077
39.59,4.34,2,0.508
37.07,3.26,3,0.282
57.25,3.89,1,0.272
36.93,0.91,1,0.028
63.12,2.66,2,0.436
123.16,1.04,2,0.055
24.56,1.1,1,0.0
50.44,2.77,1,0.374
29.8,11.12,3,0.117
26.55,0.36,1,0.0
190.78,2.07,2,0.081
66.03,3.26,2,0.418
190.31,1.48,1,0.0
25.12,0.83,1,0.015
38.12,2.5,2,0.246
59.49,2.59,1,0.254
50.22,3.59,1,0.214
182.18,2.07,2,0.084
32.55,12.81,1,0.169
145.1,2.29,2,0.0
204.05,2.55,3,0.07
222.17,3.61,2,0.031
37.3,14.07,2,0.115
28.74,1.04,1,0.0
26.56,2.66,2,0.361
175.13,1.29,2,0.008
41.02,10.22,2,0.06
33.0,10.32,3,0.162
36.59,11.04,3,0.053
39.07,1.59,1,0.0
58.02,3.24,2,0.337
231.4,2.53,1,0.042
32.35,0.93,1,0.011
25.75,0.91,1,0.005
17.91,1.06,1,0.003
28.32,10.34,3,0.054
29.75,1.1,1,0.0
40.75,4.25,2,0.513
49.55,3.98,2,0.413
50.29,14.52,4,0.154
56.98,3.18,2,0.234
176.9,1.54,3,0.069
44.74,2.33,3,0.359
189.51,1.94,2,0.024
22.25,12.69,4,0.09
35.52,2.35,3,0.333
33.08,14.39,3,0.122
211.01,2.32,1,0.033
22.56,12.41,3,0.102
22.01,8.98,2,0.124
192.35,2.21,2,0.009
144.7,1.54,2,0.053
33.39,12.64,4,0.057
189.44,2.45,3,0.112
23.61,12.38,3,0.036
35.81,9.59,3,0.129
29.55,0.2,1,0.011
45.82,2.16,1,0.238
210.79,3.14,1,0.043
45.93,10.96,2,0.127
38.16,2.35,2,0.373
55.66,2.72,2,0.432
34.31,14.76,3,0.132
168.25,2.74,2,0.04
46.83,3.94,2,0.299
23.65,14.39,4,0.132
39.64,13.4,3,0.093
27.16,0.99,1,0.029
238.05,1.91,2,0.058
36.21,1.05,1,0.007
19.33,0.96,1,0.036
33.9,15.95,3,0.06
21.07,1.5,2,0.0
33.95,12.23,3,0.127
43.22,3.52,2,0.321
35.43,12.06,3,0.095
28.75,0.79,1,0.028
43.9,10.48,3,0.128
50.81,2.24,2,0.371
166.23,2.07,2,0.069
180.24,1.54,2,0.033
35.03,4.87,1,0.476
205.32,2.68,4,0.076
46.95,3.04,1,0.302
60.82,2.5,2,0.26
46.14,2.58,2,0.332
26.0,1.6,1,0.006
35.39,0.41,1,0.013
35.72,12.12,2,0.079
40.56,3.99,3,0.249
43.6,2.98,2,0.35
202.48,2.49,2,0.068
31.11,15.14,4,0.112
49.93,2.8,2,0.338
30.72,1.49,1,0.076
241.03,0.88,2,0.055
42.02,6.11,3,0.112
163.02,2.02,3,0.033
27.72,13.44,3,0.1
54.77,3.92,3,0.286
261.97,1.27,1,0.077
49.37,3.33,3,0.512
35.02,2.43,2,0.308
37.72,1.35,1,0.014
37.35,10.19,3,0.134
15.09,1.07,1,0.012
39.0,8.78,3,0.042
22.78,1.32,2,0.019
164.29,1.27,3,0.042
203.42,1.82,2,0.033
35.94,13.66,5,0.123
256.0,1.18,2,0.081
204.36,1.21,3,0.016
253.78,2.16,3,0.068
43.0,12.71,3,0.053
47.76,2.07,2,0.394
38.55,13.23,2,0.075
44.65,8.67,2,0.086
142.67,2.36,1,0.066
205.53,2.29,1,0.065
45.44,3.04,2,0.276
21.7,9.12,2,0.099
67.21,2.39,2,0.465
27.03,12.44,4,0.148
208.78,1.71,2,0.103
28.39,0.2,1,0.031
36.67,10.76,4,0.12
183.96,0.28,3,0.04
159.53,1.7,2,0.0
37.05,11.83,3,0.09
177.06,1.16,2,0.069
38.56,1.12,1,0.01
21.65,0.56,1,0.013
49.65,2.25,3,0.45
20.55,0.5,1,0.022
19.7,0.29,1,0.002
51.49,3.61,1,0.306
30.25,1.09,1,0.031
52.27,3.01,2,0.403
219.42,1.02,2,0.033
217.32,2.2,3,0.033
24.32,12.6,3,0.077
47.96,3.86,2,0.325
61.19,4.31,2,0.232
37.8,11.58,3,0.082
221.56,1.87,2,0.096
62.63,2.82,2,0.35
17.05,0.8,1,0.0
173.59,1.83,1,0.096
29.48,2.71,3,0.364
49.84,8.27,2,0.094
50.17,2.41,3,0.219
166.35,2.18,2,0.058
44.87,13.6,2,0.073
37.06,3.02,2,0.437
39.24,3.47,3,0.536
34.75,9.72,3,0.081
55.96,1.71,2,0.369
18.67,0.27,1,0.0
21.99,0.87,1,0.066
229.17,2.04,1,0.057
183.89,3.08,2,0.12
25.79,1.13,2,0.036
34.81,0.77,1,0.002
228.26,2.69,2,0.089
32.43,10.45,3,0.056
218.69,2.47,3,0.012
42.77,10.17,3,0.052
49.1,4.42,3,0.384
30.19,12.68,3,0.047
252.45,1.75,2,0.107
49.14,1.27,2,0.294
25.21,11.81,4,0.052
33.01,9.94,3,0.105
39.92,11.68,4,0.114
162.41,2.11,2,0.04
45.45,2.94,2,0.411
23.06,0.45,1,0.045
221.85,1.79,1,0.036
59.29,4.4,2,0.331
21.73,4.29,2,0.239
35.67,1.83,1,0.356
215.4,1.15,2,0.111
36.27,13.69,2,0.055
21.91,1.45,1,0.012
54.36,2.82,2,0.36
14.45,1.04,2,0.001
26.28,0.6,1,0.018
251.2,2.45,2,0.063
196.68,2.31,3,0.075
232.92,2.49,3,0.046
26.67,1.25,1,0.011
24.96,1.4,1,0.007
220.16,2.14,2,0.049
38.42,0.9,1,0.033
25.78,1.24,1,0.047
193.64,1.42,2,0.054
218.28,0.74,1,0.047
46.62,10.25,3,0.074
37.39,2.55,1,0.378
210.88,2.43,2,0.0
45.1,3.07,4,0.307
206.71,1.5,2,0.012
205.54,2.2,2,0.084
32.55,12.81,3,0.031
39.64,3.28,1,0.39
36.18,1.18,1,0.051
217.41,1.98,2,0.024
45.95,13.5,5,0.17
32.63,9.2,4,0.065
25.47,1.2,1,0.0
48.63,2.67,2,0.196
193.57,2.34,2,0.04
162.67,2.64,2,0.054
159.49,2.02,3,0.011
40.28,2.83,3,0.466
63.35,1.02,2,0.204
31.37,15.73,3,0.152
190.82,2.03,2,0.079
63.57,2.69,2,0.426
38.04,8.48,2,0.101
22.54,1.4,1,0.032
39.26,9.81,2,0.046
192.15,0.58,4,0.047
68.83,2.91,2,0.302
47.29,10.1,3,0.148
29.23,14.74,3,0.11
24.47,0.87,1,0.0
256.29,2.77,2,0.053
234.49,1.32,2,0.06
28.72,3.54,3,0.428
180.65,1.84,3,0.066
196.98,1.85,2,0.04
55.74,4.03,2,0.418
27.81,9.02,3,0.11
42.57,7.26,3,0.137
51.01,11.77,3,0.073
188.08,2.05,2,0.005
166.56,2.58,2,0.0
43.87,16.18,4,0.138
37.97,0.2,1,0.0
222.89,1.52,2,0.041
32.33,11.48,4,0.118
193.73,2.72,2,0.094
195.41,0.38,1,0.018
22.68,0.86,1,0.022
30.82,1.21,1,0.023
30.44,0.92,1,0.03
45.15,2.5,2,0.277
21.3,0.7,2,0.026
169.95,2.09,3,0.036
20.78,6.91,3,0.074
227.05,2.65,1,0.065
209.1,1.47,2,0.111
174.81,0.87,2,0.087
186.87,1.99,1,0.091
234.35,2.67,2,0.055
38.49,12.45,3,0.089
34.5,8.69,3,0.074
205.84,2.29,1,0.013
192.31,2.7,2,0.007
35.34,12.87,2,0.085
247.68,1.34,2,0.131
40.32,3.08,2,0.395
19.67,1.38,1,0.016
29.26,13.42,2,0.112
37.65,14.82,4,0.126
219.09,1.85,1,0.049
157.85,1.21,2,0.036
16.07,0.95,1,0.0
201.19,0.6,2,0.034
42.14,10.15,3,0.018
29.51,1.1,2,0.006
213.54,1.61,3,0.039
41.35,13.13,3,0.05
34.17,4.24,3,0.398
34.04,15.2,4,0.088
41.22,2.13,2,0.397
47.54,2.79,3,0.251
27.18,0.45,1,0.028
17.85,1.2,1,0.051
31.02,11.05,2,0.086
42.29,2.64,1,0.368
47.34,4.36,2,0.368
207.38,2.61,2,0.053
50.6,2.79,2,0.256
25.98,13.21,4,0.083
171.46,1.85,2,0.052
234.31,1.98,1,0.01
22.35,16.76,2,0.121
49.32,2.57,2,0.256
42.12,15.28,2,0.131
54.79,3.77,2,0.517
43.58,2.56,1,0.186
44.28,3.1,3,0.393
170.51,2.7,2,0.0
44.3,14.09,3,0.031
234.11,2.72,1,0.099
33.24,2.05,2,0.314
210.34,1.37,2,0.066
38.41,3.69,2,0.325
26.64,0.38,1,0.027
30.83,14.82,5,0.138
194.36,0.87,2,0.002
41.62,1.92,2,0.269
197.46,0.46,3,0.043
180.96,1.68,2,0.063
14.39,0.68,1,0.054
32.39,9.7,3,0.101
176.39,2.99,2,0.079
33.26,1.96,2,0.049
30.77,16.07,3,0.109
225.69,2.78,2,0.02
190.34,1.98,2,0.078
187.18,1.32,3,0.004
233.42,2.15,3,0.054
43.91,3.13,2,0.449
33.76,1.5,1,0.028
35.76,13.48,4,0.165
34.8,12.32,1,0.015
37.48,12.48,3,0.072
32.91,12.38,3,0.051
194.82,1.8,1,0.11
46.43,2.18,2,0.242
27.78,9.62,3,0.111
40.12,10.19,3,0.171
33.18,2.2,1,0.397
34.77,11.12,4,0.081
45.12,3.51,3,0.501
19.33,2.46,2,0.433
60.01,2.37,2,0.347
38.25,8.84,4,0.089
202.07,2.22,4,0.0
36.51,2.77,1,0.296
31.87,0.2,1,0.041
186.44,1.63,3,0.099
230.27,1.88,1,0.059
222.54,2.27,3,0.024
31.99,1.31,1,0.037
49.31,2.6,2,0.245
45.29,3.13,2,0.159
25.94,0.61,2,0.038
29.72,0.46,1,0.0
253.76,2.49,2,0.02
34.02,2.81,3,0.318
176.72,1.3,2,0.085
65.58,2.11,2,0.342
41.9,10.9,2,0.124
59.17,2.89,2,0.327
28.79,0.98,1,0.0
178.46,1.15,1,0.037
35.05,8.91,4,0.105
36.9,1.17,1,0.013
30.12,1.18,2,0.029
28.37,1.31,2,0.016
40.65,2.41,2,0.265
43.72,12.83,2,0.118
45.58,3.1,2,0.369
46.93,2.61,2,0.355
204.35,1.56,1,0.04
30.64,16.13,3,0.063
206.47,2.25,3,0.0
46.18,1.23,2,0.38
23.73,13.15,3,0.12
51.68,3.04,2,0.402
168.62,1.4,2,0.086
161.76,2.43,2,0.086
252.54,3.1,3,0.049
40.02,15.97,2,0.173
47.74,3.14,2,0.382
233.18,1.3,3,0.048
259.29,1.57,1,0.0
228.37,1.19,2,0.01
24.91,15.41,4,0.034
34.24,11.96,3,0.104
29.04,0.33,1,0.004
28.44,12.07,4,0.06
53.92,3.0,2,0.352
38.32,16.58,2,0.026
32.65,11.32,2,0.091
39.19,13.48,2,0.104
52.26,3.35,2,0.308
44.94,3.69,2,0.322
33.39,3.41,2,0.233
33.05,5.48,3,0.097
47.57,12.0,2,0.055
234.43,2.04,2,0.032
31.57,3.34,2,0.263
14.56,8.61,3,0.129
195.73,1.43,1,0.0
202.36,2.68,2,0.072
43.5,11.31,3,0.011
27.05,0.66,2,0.03
206.87,1.99,2,0.059
16.63,0.6,1,0.0
29.09,11.41,4,0.079
40.27,2.43,2,0.459
233.98,2.01,2,0.061
30.4,0.98,1,0.06
22.23,10.74,3,0.069
238.53,2.1,2,0.045
23.78,1.1,1,0.017
40.97,7.82,3,0.022
212.79,1.73,3,0.061
45.85,15.12,2,0.145
175.61,2.52,2,0.069
163.22,0.92,2,0.037
17.9,0.66,1,0.017
159.04,2.04,2,0.011
182.18,2.19,2,0.0
33.05,2.78,1,0.367
22.33,9.27,2,0.132
27.54,13.24,3,0.146
37.03,11.2,2,0.15
75.34,3.13,3,0.289
193.71,1.48,2,0.033
213.76,2.59,2,0.069
155.7,1.99,2,0.073
30.29,1.47,2,0.011
52.02,3.33,2,0.351
42.68,2.72,1,0.335
32.79,3.58,1,0.322
216.37,1.53,1,0.067
177.42,2.84,2,0.038
258.12,0.73,2,0.069
44.99,15.21,1,0.121
18.01,9.59,3,0.1
27.78,7.44,4,0.063
27.91,0.61,1,0.02
25.14,0.9,1,0.021
37.03,1.02,2,0.436
46.05,2.94,2,0.354
24.53,0.74,2,0.042
281.06,1.53,2,0.076
23.8,16.25,3,0.08
39.22,11.67,3,0.055
53.14,2.98,2,0.355
41.47,1.91,1,0.345
32.36,10.83,4,0.193
20.14,0.85,1,0.019
41.71,14.34,3,0.068
53.5,3.34,2,0.327
31.1,3.27,2,0.387
15.57,1.52,1,0.005
14.76,0.79,1,0.009
30.65,16.12,4,0.145
27.23,0.33,1,0.028
188.38,2.12,2,0.051
71.9,2.43,2,0.36
35.58,14.47,2,0.119
49.47,3.31,2,0.512
42.77,4.46,2,0.357
231.26,2.64,1,0.013
27.18,0.88,2,0.013
193.17,2.49,2,0.045
47.6,12.05,4,0.102
21.71,9.45,2,0.133
33.37,14.35,2,0.163
217.46,2.17,1,0.062
205.13,2.31,1,0.025
36.94,10.89,2,0.18
34.27,9.54,2,0.083
37.07,3.01,2,0.312
41.0,2.18,2,0.309
195.56,2.86,3,0.025
33.21,8.07,3,0.064
30.0,11.11,2,0.048
47.04,15.17,3,0.169
187.12,1.83,3,0.078
44.46,4.68,1,0.327
194.82,1.39,2,0.062
20.35,1.29,1,0.0
28.04,12.83,3,0.149
178.81,2.07,3,0.046
60.99,2.59,2,0.428
47.03,2.73,2,0.324
24.99,1.27,2,0.004
35.39,7.43,3,0.057
42.24,2.24,1,0.364
33.21,8.32,3,0.053
31.43,17.73,4,0.113
33.72,1.18,1,0.007
29.47,1.19,2,0.031
26.3,11.77,2,0.023
224.07,1.91,3,0.079
33.41,11.14,2,0.044
185.77,1.94,2,0.039
180.14,2.4,1,0.034
24.21,0.59,1,0.003
251.73,3.08,3,0.066
155.58,2.67,1,0.051
28.02,14.6,4,0.051
32.45,10.18,4,0.143
28.94,1.16,1,0.0
240.06,2.09,3,0.061
221.64,1.92,2,0.04
37.37,3.83,2,0.347
197.44,1.84,3,0.129
37.08,1.21,1,0.006
26.57,1.38,1,0.009
38.59,13.42,3,0.131
18.28,0.73,1,0.001
54.67,3.36,2,0.297
57.39,4.17,2,0.317
60.86,2.83,2,0.318
34.59,3.79,2,0.488
29.77,0.96,1,0.018
50.65,2.91,2,0.314
27.85,0.94,1,0.009
47.04,3.64,2,0.427
26.85,11.69,2,0.079
228.4,2.5,2,0.031
52.79,3.13,2,0.435
59.69,2.43,1,0.428
32.95,4.12,2,0.247
26.4,1.36,1,0.0
17.93,1.29,1,0.036
191.4,1.8,1,0.048
38.69,16.1,3,0.053
170.24,1.27,2,0.05
24.82,8.77,3,0.049
194.91,2.26,1,0.038
19.3,1.4,1,0.011
51.97,3.62,3,0.197
51.44,2.28,2,0.364
55.67,2.41,2,0.27
204.93,1.37,3,0.007
35.49,3.31,1,0.314
28.76,1.82,1,0.0
36.42,11.04,3,0.1
240.08,1.07,1,0.017
44.8,12.67,3,0.102
33.89,14.21,3,0.122
29.28,9.84,3,0.08
29.48,0.79,1,0.009
216.1,2.49,2,0.03
47.11,2.63,2,0.341
48.78,3.93,3,0.422
62.82,3.16,2,0.4
63.44,3.23,2,0.339
223.43,2.52,2,0.042
51.58,14.28,3,0.115
40.63,2.71,3,0.381
22.36,10.18,3,0.1
26.88,11.22,3,0.071
44.69,10.68,4,0.134
211.92,3.87,2,0.044
214.2,1.65,2,0.007
39.07,12.41,3,0.083
25.98,1.09,1,0.06
26.01,8.17,3,0.073
25.06,14.37,3,0.053
45.29,15.21,2,0.082
33.34,1.15,2,0.0
27.31,1.18,1,0.019
48.88,0.63,1,0.023
171.61,1.68,2,0.099
198.4,1.87,2,0.1
27.9,8.95,2,0.194
50.04,4.32,3,0.351
57.88,2.93,2,0.284
39.23,12.99,2,0.0
214.28,2.29,2,0.121
187.51,2.44,2,0.056
43.12,12.53,4,0.066
33.28,11.5,4,0.075
63.93,3.76,3,0.304
42.56,10.77,3,0.055
202.05,0.98,3,0.044
219.73,2.13,3,0.037
176.28,2.07,2,0.046
32.09,11.36,2,0.063
26.81,9.29,3,0.179
35.77,2.93,1,0.424
28.68,4.29,2,0.272
19.69,3.75,4,0.072
17.13,0.62,1,0.0
185.52,1.53,2,0.065
233.47,2.48,2,0.039
55.29,3.12,2,0.379
31.27,11.19,2,0.077
37.27,9.95,3,0.029
28.85,3.18,2,0.227
52.87,3.2,2,0.48
32.33,3.97,3,0.307
240.36,1.53,1,0.071
52.0,3.46,1,0.295
29.4,12.7,3,0.169
21.1,1.42,1,0.033
183.58,1.64,1,0.024
167.03,1.66,3,0.06
26.73,11.98,3,0.067
41.9,3.82,2,0.412
43.84,1.77,2,0.328
32.34,14.8,3,0.012
47.08,3.01,2,0.248
46.73,2.75,2,0.282
44.61,2.85,1,0.389
161.36,1.6,3,0.06
44.82,1.64,2,0.245
41.35,11.88,4,0.122
209.9,2.25,2,0.069
192.69,1.79,2,0.077
35.1,16.35,2,0.101
32.83,11.66,3,0.086
44.15,3.06,2,0.304
235.73,1.4,3,0.042
19.45,0.77,1,0.016
36.11,2.13,1,0.279
42.72,11.83,2,0.128
48.42,2.84,3,0.261
36.92,4.42,2,0.558
40.25,2.75,2,0.432
34.37,10.26,2,0.101
31.25,11.71,2,0.151
38.81,11.6,3,0.204
231.03,0.91,2,0.072
44.84,16.4,3,0.0
211.62,1.67,2,0.053
189.33,1.97,2,0.035
45.1,10.3,2,0.032
45.38,10.95,3,0.116
34.24,1.33,1,0.052
38.86,10.55,3,0.097
191.0,2.75,2,0.062
37.93,9.1,2,0.1
5.0,0.44,1,0.013
231.51,1.54,3,0.029
49.44,9.87,1,0.113
23.14,0.85,1,0.024
41.38,3.18,2,0.263
16.16,1.0,1,0.03
17.52,1.29,1,0.028
209.92,1.67,2,0.042
200.72,2.27,3,0.087
48.73,3.33,2,0.399
22.63,0.82,1,0.017
38.4,10.95,3,0.121
205.37,2.04,2,0.069
192.48,1.3,1,0.032
40.04,3.71,2,0.411
156.31,2.27,2,0.037
52.48,2.22,2,0.335
253.99,3.28,2,0.071
19.99,1.76,1,0.02
182.75,2.35,2,0.0
19.58,1.22,1,0.009
191.64,1.87,3,0.014
153.43,2.73,2,0.0
34.44,1.92,2,0.268
42.86,3.45,1,0.411
183.96,1.81,3,0.105
45.09,1.94,3,0.231
28.35,10.23,4,0.056
36.89,12.63,2,0.084
33.14,11.31,2,0.127
39.17,16.11,4,0.037
54.82,3.89,3,0.397
169.53,2.51,2,0.0
32.12,12.58,3,0.102
219.83,2.7,2,0.124
185.63,1.41,2,0.021
196.65,2.53,3,0.065
163.83,2.69,1,0.026
30.91,1.32,2,0.001
133.58,2.6,2,0.016
225.91,2.03,3,0.011
57.48,2.26,2,0.216
20.3,0.84,1,0.033
170.36,2.67,2,0.091
231.71,1.99,2,0.027
34.09,10.87,3,0.06
38.79,11.47,2,0.15
48.78,2.05,1,0.301
42.86,2.64,3,0.393
194.62,1.53,2,0.0
219.62,2.45,3,0.109
196.77,2.47,2,0.021
220.38,3.05,2,0.0
28.26,13.46,4,0.111
44.34,13.86,2,0.018
66.92,3.63,2,0.291
21.83,0.2,1,0.044
22.92,3.08,1,0.525
25.54,9.6,3,0.146
195.7,2.46,2,0.0
22.85,12.72,3,0.055
32.54,13.9,4,0.066
44.54,3.28,2,0.306
34.25,4.49,2,0.438
44.72,11.34,3,0.068
37.24,2.4,2,0.194
19.62,1.06,1,0.055
38.1,2.52,1,0.443
17.98,0.64,1,0.012
46.83,0.9,3,0.407
46.54,9.01,2,0.133
44.53,3.5,2,0.401
209.77,2.87,2,0.062
53.55,3.14,2,0.33
40.41,3.72,1,0.303
185.65,2.62,2,0.053
21.34,0.9,1,0.044
33.68,1.62,2,0.0
38.31,6.68,2,0.1
32.21,10.89,2,0.145
215.3,1.31,1,0.064
28.48,12.93,3,0.074
192.27,1.74,2,0.012
26.8,2.45,2,0.26
21.89,1.48,1,0.002
26.2,0.9,2,0.031
218.99,1.57,2,0.013
196.21,1.83,3,0.0
39.2,9.63,3,0.026
55.96,0.99,2,0.293
23.8,11.22,2,0.096
48.31,2.72,2,0.284
36.33,12.0,3,0.048
47.47,3.61,2,0.353
52.25,2.93,2,0.21
38.39,11.89,4,0.069
34.24,3.08,2,0.273
56.01,4.09,2,0.226
29.51,12.25,3,0.121
32.32,8.43,4,0.087
42.8,3.22,2,0.427
42.05,2.09,2,0.293
273.0,1.57,2,0.094
225.22,1.47,1,0.034
44.49,11.34,4,0.148
30.65,0.97,2,0.0
38.3,4.07,2,0.414
202.88,2.06,3,0.067
212.53,2.5,2,0.021
215.31,2.37,2,0.033
48.9,1.32,3,0.477
169.96,2.15,2,0.045
15.89,1.2,1,0.018
29.85,13.03,4,0.148
220.12,1.83,2,0.041
170.8,0.71,4,0.01
31.84,1.16,1,0.006
39.05,13.89,3,0.196
46.56,12.78,4,0.103
20.26,1.0,1,0.044
34.83,12.36,3,0.117
34.13,10.68,3,0.101
26.24,1.32,1,0.0
236.83,0.87,1,0.059
36.12,8.71,2,0.117
44.11,2.88,3,0.453
41.87,4.02,2,0.345
27.44,1.29,1,0.038
31.22,8.51,3,0.061
42.43,11.97,3,0.11
41.44,3.31,2,0.33
200.95,2.52,2,0.0
182.23,3.12,2,0.034
33.22,1.47,1,0.024
38.2,11.31,2,0.103
26.42,8.19,4,0.089
32.68,12.27,4,0.096
47.68,3.93,1,0.472
23.88,0.8,1,0.022
29.76,3.62,3,0.212
176.12,2.1,1,0.049
50.28,3.49,2,0.464
140.75,0.66,2,0.053
40.13,9.93,2,0.108
168.49,1.11,2,0.108
160.82,1.83,1,0.015
29.0,0.55,2,0.018
151.63,1.6,2,0.026
148.91,2.3,3,0.073
31.53,9.46,3,0.122
195.61,1.63,2,0.009
168.98,2.29,2,0.064
50.1,3.07,2,0.343
40.26,12.03,4,0.105
201.62,1.34,3,0.023
46.75,8.39,3,0.093
28.45,11.12,4,0.102
62.07,2.33,2,0.184
35.69,13.87,4,0.101
167.38,2.51,2,0.073
35.88,4.27,2,0.393
41.51,7.3,2,0.107
39.5,13.9,4,0.098
166.25,2.62,2,0.045
29.77,11.4,2,0.144
16.99,1.11,1,0.047
157.22,2.45,2,0.065
52.0,3.88,2,0.335
214.6,1.26,2,0.019
228.0,2.07,1,0.07
46.71,2.92,1,0.467
16.4,0.72,1,0.038
30.23,1.19,2,0.246
48.4,4.65,1,0.51
23.35,1.47,1,0.0
30.13,12.58,2,0.172
205.47,3.07,4,0.053
191.17,2.12,2,0.075
27.17,11.8,4,0.096
261.94,1.14,2,0.064
50.55,3.28,2,0.341
186.0,1.36,1,0.105
16.68,1.36,1,0.044
175.54,1.83,1,0.045
45.73,2.91,2,0.337
31.04,1.15,1,0.021
181.62,2.21,2,0.056
19.66,14.72,4,0.068
192.36,1.88,1,0.043
168.88,1.63,3,0.006
45.63,3.62,2,0.319
21.45,1.08,1,0.019
32.59,0.37,1,0.015
33.96,17.17,3,0.05
46.58,3.14,3,0.227
30.4,10.67,2,0.072
42.05,11.47,4,0.152
35.89,0.99,2,0.297
188.44,2.5,2,0.043
18.46,10.57,3,0.112
189.56,1.81,1,0.06
47.99,1.97,2,0.345
26.28,0.62,1,0.032
66.35,2.55,1,0.192
47.07,3.1,2,0.415
196.98,1.2,1,0.003
224.06,1.77,2,0.104
44.53,10.63,2,0.068
36.44,7.78,3,0.077
33.16,1.5,1,0.024
184.52,1.07,2,0.059
38.47,11.78,3,0.122
26.23,15.43,2,0.065
182.57,3.19,2,0.058
36.79,4.48,3,0.148
34.89,1.34,1,0.033
46.06,4.26,2,0.394
20.16,1.05,1,0.0
30.66,0.48,1,0.03
39.58,11.8,3,0.071
206.08,1.4,2,0.079
14.43,10.98,3,0.025
168.27,2.4,1,0.07
41.58,3.11,2,0.203
56.83,4.0,2,0.192
51.44,3.33,2,0.419
147.44,1.82,2,0.087
16.29,0.41,1,0.033
48.19,9.8,1,0.026
30.61,3.2,2,0.354
16.21,0.68,1,0.0
32.33,16.12,4,0.056
32.28,4.21,2,0.307
182.43,2.14,2,0.036
175.9,1.11,1,0.031
28.39,13.47,2,0.118
28.07,0.39,1,0.0
27.49,0.85,1,0.025
38.96,2.37,2,0.414
35.05,14.13,2,0.101
36.49,3.34,2,0.467
41.95,2.49,2,0.358
39.31,14.14,3,0.091
33.32,0.97,1,0.049
54.71,3.46,1,0.305
219.16,2.68,2,0.09
165.64,2.12,1,0.048
15.93,1.54,1,0.06
166.8,1.2,2,0.036
40.43,3.36,2,0.409
38.35,12.46,3,0.162
66.27,4.27,2,0.288
26.44,1.14,1,0.0
21.21,0.65,1,0.023
28.91,12.69,3,0.065
29.54,10.66,4,0.123
36.39,11.67,2,0.083
19.24,0.66,1,0.012
30.54,14.95,3,0.059
44.95,3.76,2,0.328
201.64,2.17,2,0.078
37.77,11.53,2,0.124
235.08,1.49,3,0.01
46.04,3.67,2,0.425
32.34,2.21,2,0.359
48.3,13.85,3,0.093
41.08,14.52,3,0.101
32.3,13.14,3,0.143
53.35,3.45,1,0.418
44.14,3.16,2,0.332
29.71,0.35,1,0.02
26.54,13.71,3,0.086
47.05,3.38,2,0.454
213.84,1.23,3,0.056
231.16,2.23,1,0.071
42.69,9.4,4,0.04
26.14,10.42,3,0.138
234.96,2.09,2,0.025
46.99,13.28,2,0.008
61.14,3.52,2,0.426
56.6,2.47,1,0.299
38.96,0.64,1,0.039
29.79,3.23,2,0.171
38.69,16.05,3,0.092
40.94,13.63,3,0.09
51.99,11.35,3,0.023
262.82,2.31,2,0.087
16.15,0.76,1,0.008
26.55,1.03,1,0.007
35.15,11.63,4,0.07
50.65,1.98,2,0.401
44.48,11.35,4,0.162
185.74,2.13,2,0.029
44.8,13.34,5,0.105
168.96,2.06,2,0.092
179.96,3.71,2,0.056
201.46,2.54,1,0.017
47.49,3.48,2,0.445
34.87,3.12,1,0.348
40.43,2.33,2,0.499
210.67,1.52,3,0.021
214.84,2.2,3,0.071
183.47,2.56,2,0.047
253.92,4.03,1,0.03
56.4,4.52,2,0.513
223.8,1.56,2,0.094
73.92,3.6,1,0.321
29.37,9.45,3,0.14
47.15,1.84,2,0.335
42.21,10.86,3,0.114
36.15,0.99,1,0.055
24.65,1.77,1,0.047
172.56,1.98,2,0.069
51.86,2.36,2,0.436
34.71,13.77,3,0.058
35.26,0.89,1,0.021
23.68,11.36,2,0.118
39.94,13.29,2,0.02
39.4,13.83,3,0.014
26.33,12.2,3,0.123
230.51,2.42,2,0.116
31.61,2.87,2,0.414
28.81,0.43,1,0.03
133.57,1.66,3,0.0
37.16,11.55,3,0.158
160.74,2.14,1,0.073
21.21,1.29,2,0.009
220.99,2.17,1,0.01
49.63,3.89,2,0.334
124.06,1.84,2,0.073
42.67,12.55,3,0.151
186.54,2.58,2,0.023
13.29,0.46,1,0.011
133.62,0.92,1,0.055
29.24,9.22,2,0.158
209.76,1.74,3,0.071
37.0,11.71,3,0.144
26.36,12.86,4,0.055
32.17,11.6,3,0.087
41.18,3.79,2,0.585
258.49,2.45,2,0.089
217.02,2.95,2,0.028
36.25,12.78,3,0.101
28.46,0.91,1,0.0
32.14,0.91,1,0.006
35.98,12.37,3,0.091
40.21,14.98,3,0.129
174.97,2.36,2,0.059
172.48,2.73,2,0.048
233.15,2.46,1,0.075
42.97,2.94,3,0.323
141.97,2.94,2,0.052
39.61,17.63,2,0.135
207.05,1.5,1,0.041
170.34,2.38,2,0.038
29.97,10.33,4,0.123
36.28,12.85,3,0.115
24.52,0.7,1,0.019
22.1,1.23,1,0.0
39.27,3.76,2,0.279
164.09,1.19,2,0.044
38.4,3.18,1,0.3
36.41,4.12,2,0.324
256.12,2.12,3,0.016
33.38,2.09,2,0.382
44.46,9.71,3,0.071
29.97,15.41,4,0.132
183.2,2.03,1,0.045
32.24,2.56,2,0.372
52.79,1.44,2,0.414
55.57,3.43,2,0.363
32.52,0.5,1,0.028
21.98,1.22,1,0.062
60.93,3.22,2,0.442
28.99,1.42,1,0.034
29.2,14.37,4,0.074
35.91,12.86,5,0.168
48.7,11.51,4,0.08
44.53,1.79,2,0.33
148.74,2.17,2,0.055
161.46,1.34,3,0.026
220.33,1.94,2,0.023
42.24,2.92,2,0.281
21.03,1.2,1,0.038
197.25,1.19,2,0.018
31.99,1.0,1,0.034
178.0,1.91,2,0.055
34.88,3.68,2,0.339
38.32,4.16,2,0.29
33.42,1.01,1,0.0
234.2,3.38,1,0.046
39.06,1.07,1,0.0
52.85,2.77,2,0.422
40.47,9.93,2,0.105
42.54,2.62,2,0.279
41.56,2.61,1,0.278
23.44,0.78,1,0.02
31.95,12.01,2,0.056
165.37,2.25,2,0.036
41.09,3.25,3,0.442
33.48,8.58,4,0.159
46.92,8.68,3,0.054
36.0,11.44,3,0.102
197.12,1.91,2,0.035
31.63,0.86,1,0.027
34.19,12.04,4,0.155
48.02,1.99,2,0.296
175.29,2.02,2,0.071
204.61,1.9,2,0.022
25.53,3.62,3,0.412
42.83,2.29,2,0.392
47.35,2.21,2,0.295
52.67,2.38,2,0.325
16.69,0.54,1,0.0
40.96,3.67,2,0.332
107.48,2.33,1,0.054
180.22,3.14,2,0.035
164.41,1.75,2,0.078
43.75,13.74,4,0.143
28.02,12.94,3,0.124
190.86,2.03,3,0.035
30.67,1.28,1,0.003
185.15,2.38,1,0.0
24.13,1.18,1,0.028
50.15,14.69,5,0.089
35.73,1.2,2,0.033
147.93,2.76,1,0.058
43.38,11.95,4,0.091
198.85,1.95,1,0.121
53.77,2.72,2,0.387
25.08,0.99,1,0.01
15.93,1.15,1,0.025
163.09,1.81,2,0.055
26.36,0.91,1,0.015
38.5,3.35,2,0.431
162.0,1.29,2,0.053
19.35,1.42,1,0.041
216.6,1.16,2,0.018
223.24,2.77,1,0.0
30.29,0.95,1,0.016
32.98,14.55,4,0.095
22.38,1.63,1,0.01
48.43,3.3,2,0.248
18.9,15.7,3,0.105
16.89,1.6,1,0.017
21.56,0.73,1,0.011
47.06,2.64,2,0.356
28.43,6.24,3,0.065
191.85,1.67,3,0.081
16.83,0.64,1,0.001
36.12,13.97,2,0.061
164.5,1.43,3,0.06
26.75,0.28,1,0.032
30.53,0.91,1,0.0
59.58,2.99,2,0.232
201.6,1.03,2,0.042
175.58,2.07,2,0.021
237.1,2.2,2,0.039
20.34,1.59,1,0.014
26.88,0.35,1,0.013
48.71,2.2,2,0.358
191.79,0.7,2,0.04
54.9,2.72,2,0.444
43.38,11.57,3,0.104
26.18,11.45,3,0.168
216.72,1.63,2,0.076
229.23,2.54,2,0.019
200.98,2.96,1,0.055
160.41,2.24,2,0.069
41.43,2.38,2,0.531
40.13,2.31,2,0.294
30.25,10.66,2,0.121
21.37,0.78,1,0.008
208.74,1.69,2,0.032
34.98,12.01,3,0.116
23.64,12.96,3,0.07
34.26,15.2,3,0.163
31.9,14.33,4,0.148
143.94,2.01,2,0.083
183.11,1.92,1,0.039
31.17,3.49,2,0.419
30.55,12.3,3,0.132
40.71,3.45,2,0.401
241.95,2.25,2,0.042
43.1,12.51,1,0.132
36.22,11.17,3,0.095
29.29,11.37,4,0.096
29.95,13.54,3,0.097
42.23,12.79,2,0.133
42.8,2.3,2,0.44
25.04,1.2,1,0.013
30.14,0.41,1,0.032
69.1,3.27,2,0.428
46.37,13.0,2,0.171
46.97,3.33,1,0.372
41.62,14.58,3,0.106
152.76,2.56,2,0.086
218.98,1.42,3,0.08
48.93,4.04,2,0.362
40.5,10.36,3,0.195
53.49,3.86,2,0.217
43.79,8.58,3,0.141
48.17,2.63,2,0.478
235.33,3.06,2,0.05
50.68,3.25,2,0.301
30.69,9.72,2,0.157
36.42,15.2,4,0.179
50.31,9.86,3,0.114
157.53,2.7,1,0.093
171.56,2.9,2,0.056
34.95,1.82,1,0.042
32.0,1.26,1,0.035
37.52,18.14,4,0.081
38.96,14.59,2,0.083
28.24,1.7,2,0.362
183.41,1.43,2,0.021
49.69,3.7,2,0.233
28.0,10.94,4,0.118
38.2,10.71,2,0.129
31.26,0.47,1,0.011
23.1,0.55,1,0.039
23.39,1.29,1,0.062
28.48,12.4,5,0.143
191.4,1.36,1,0.057
35.18,12.28,3,0.098
51.22,7.95,4,0.052
28.6,9.3,4,0.05
34.15,12.35,3,0.121
33.45,1.91,2,0.494
205.94,1.21,3,0.107
35.81,16.17,3,0.097
33.3,18.64,2,0.115
39.43,11.96,3,0.065
204.07,2.29,1,0.0
255.85,2.34,2,0.007
199.88,1.32,1,0.059
38.67,10.5,2,0.083
33.03,9.46,3,0.108
37.24,2.4,2,0.316
38.64,6.42,1,0.052
30.84,8.87,3,0.16
43.0,14.6,3,0.201
179.61,1.73,3,0.015
31.64,1.33,1,0.022
220.16,1.94,1,0.053
34.69,15.77,3,0.108
53.18,9.86,2,0.114
22.08,1.04,1,0.014
150.2,2.02,2,0.056
39.53,2.41,2,0.54
163.43,1.65,2,0.067
210.64,2.42,3,0.03
66.28,3.73,2,0.287
172.26,2.03,2,0.036
17.82,1.65,1,0.048
27.86,0.98,2,0.021
191.77,1.52,1,0.015
44.76,2.22,2,0.339
197.44,1.04,2,0.099
35.83,4.08,3,0.179
23.63,8.07,3,0.006
38.17,1.34,2,0.0
229.13,2.01,3,0.051
19.77,2.65,2,0.312
14.17,1.21,1,0.005
24.17,1.46,1,0.011
45.97,15.68,2,0.205
50.31,3.34,3,0.41
34.45,3.08,3,0.251
263.61,2.48,2,0.046
35.62,3.21,3,0.283
225.65,1.65,2,0.062
44.37,12.68,4,0.12
45.73,3.82,2,0.243
251.31,1.04,2,0.032
24.14,0.87,1,0.034
27.88,0.64,1,0.014
45.06,3.68,2,0.45
21.32,9.71,4,0.135
232.56,2.55,2,0.077
32.97,1.13,1,0.026
141.51,0.98,2,0.104
25.22,13.51,2,0.107
44.9,11.91,3,0.054
147.75,1.32,2,0.09
32.5,16.64,3,0.101
37.98,4.81,2,0.459
33.71,13.94,4,0.031
37.01,12.17,4,0.125
171.76,3.45,2,0.031
50.36,4.18,3,0.396
50.29,3.06,1,0.34
44.6,11.41,4,0.074
43.63,4.33,2,0.195
31.97,12.65,4,0.153
20.48,13.72,3,0.177
28.94,13.9,3,0.087
22.97,2.93,2,0.243
219.98,2.7,2,0.026
27.21,12.19,3,0.155
35.08,2.33,2,0.319
207.57,1.88,2,0.083
41.69,14.26,3,0.11
40.32,3.09,2,0.362
27.75,0.65,1,0.028
41.72,2.98,2,0.261
212.64,2.3,3,0.062
33.47,9.43,1,0.098
35.34,13.45,2,0.126
48.69,2.83,2,0.303
39.59,10.61,3,0.06
59.35,2.54,3,0.498
35.85,0.41,2,0.074
50.91,1.5,2,0.47
166.29,1.36,2,0.044
16.42,1.24,1,0.025
154.74,2.33,1,0.01
34.01,11.5,3,0.065
32.91,13.36,4,0.154
218.75,2.1,2,0.05
36.53,14.24,3,0.148
220.4,1.0,2,0.13
214.77,1.05,2,0.075
188.67,2.76,2,0.066
26.27,2.3,3,0.315
192.86,1.23,2,0.011
181.4,1.1,2,0.006
26.93,16.44,3,0.083
178.26,2.59,2,0.09
60.57,3.06,2,0.457
41.28,13.32,4,0.109
30.02,0.66,2,0.001
28.32,1.68,3,0.55
111.09,1.46,2,0.089
45.43,14.73,4,0.081
39.32,11.16,4,0.133
154.01,2.43,2,0.048
53.49,2.89,2,0.269
41.46,3.2,2,0.408
48.14,3.87,2,0.28
33.36,7.68,3,0.102
30.33,17.63,4,0.197
48.54,3.43,2,0.351
23.36,1.4,1,0.012
187.68,0.66,3,0.102
27.77,1.51,1,0.058
47.1,3.22,1,0.295
45.71,2.58,2,0.391
215.81,2.41,3,0.076
184.57,1.38,2,0.103
41.05,7.05,4,0.089
44.2,1.93,2,0.409
21.97,0.95,1,0.019
35.51,3.94,2,0.334
48.18,3.08,2,0.384
215.43,1.54,2,0.0
34.16,0.62,1,0.029
41.62,12.39,3,0.065
44.76,1.97,2,0.328
36.94,9.33,3,0.106
57.39,3.78,2,0.331
42.46,2.15,3,0.376
204.23,2.62,2,0.031
151.8,2.59,3,0.056
192.16,0.9,3,0.047
23.69,12.56,2,0.043
44.06,13.76,3,0.166
35.3,2.29,3,0.233
14.81,1.28,1,0.024
28.35,15.68,3,0.13
17.52,1.19,1,0.013
214.08,1.29,3,0.019
242.53,2.07,2,0.026
28.89,0.86,1,0.014
36.09,3.55,2,0.375
23.8,1.1,2,0.024
42.08,15.14,4,0.086
25.77,1.09,1,0.038
36.16,9.97,3,0.142
24.93,0.89,1,0.012
49.78,2.73,2,0.278
38.8,3.3,2,0.25
40.74,9.17,1,0.067
48.17,16.41,3,0.086
24.93,12.25,3,0.121
192.31,2.68,1,0.044
34.09,11.97,3,0.071
27.48,11.62,5,0.054
47.51,2.58,3,0.384
38.57,12.94,3,0.096
30.31,1.73,1,0.0
28.32,14.87,3,0.036
38.94,3.73,2,0.358
28.28,16.29,2,0.119
40.56,11.21,3,0.112
52.1,1.49,3,0.431
223.85,2.18,2,0.009
20.88,1.3,1,0.021
18.7,1.77,1,0.029
48.26,4.17,2,0.309
20.75,12.73,3,0.129
27.34,3.23,3,0.349
183.94,2.27,2,0.015
49.21,16.58,1,0.057
28.9,0.91,1,0.0
35.27,11.13,4,0.041
139.49,1.8,2,0.063
189.12,1.44,1,0.004
26.86,1.25,1,0.042
56.16,2.95,2,0.295
158.34,1.18,3,0.049
48.19,14.44,3,0.088
46.91,4.1,2,0.32
24.54,1.57,2,0.009
205.47,2.37,2,0.015
42.31,3.61,2,0.273
198.31,2.31,3,0.072
41.69,3.38,2,0.423
25.52,0.79,1,0.032
37.13,14.08,2,0.071
24.51,0.95,2,0.0
36.27,9.61,3,0.103
193.28,2.65,2,0.058
227.47,2.66,2,0.071
161.7,1.38,3,0.052
34.96,0.85,1,0.0
46.69,3.17,2,0.226
207.43,2.63,3,0.032
63.32,3.24,2,0.421
36.24,11.77,3,0.121
202.79,1.86,2,0.045
39.12,12.07,3,0.135
224.91,1.31,3,0.043
41.2,11.5,3,0.065
36.65,15.58,6,0.071
229.37,1.44,2,0.082
217.55,1.86,3,0.021
242.75,2.39,2,0.0
248.67,2.93,2,0.087
173.54,2.01,2,0.023
192.61,2.06,2,0.066
29.65,1.29,1,0.026
193.17,1.91,3,0.048
49.81,3.85,2,0.445
47.91,1.43,2,0.342
37.59,15.72,2,0.08
162.82,1.71,2,0.036
184.38,0.82,3,0.054
191.58,2.5,2,0.037
164.62,1.98,2,0.021
34.49,15.97,4,0.14
28.29,1.3,1,0.033
29.64,8.71,2,0.058
37.61,12.56,3,0.101
40.88,8.86,2,0.143
44.77,2.71,2,0.278
195.98,0.9,2,0.052
45.3,3.96,2,0.423
21.87,1.05,2,0.022
42.56,14.16,4,0.115
219.71,1.97,2,0.029
192.62,0.76,2,0.09
20.4,15.42,2,0.075
31.46,12.88,4,0.122
29.9,1.09,1,0.0
24.05,14.6,3,0.172
46.58,2.54,2,0.362
180.81,1.55,2,0.071
36.01,12.73,4,0.048
41.64,3.16,2,0.415
42.98,3.68,2,0.269
35.42,13.55,3,0.057
41.24,12.67,3,0.083
21.96,1.3,1,0.009
145.9,2.97,2,0.066
208.02,1.71,2,0.03
58.89,5.42,2,0.3
41.49,5.0,4,0.103
189.79,2.49,2,0.04
32.82,1.36,1,0.007
25.46,2.29,1,0.339
187.38,2.09,2,0.039
33.91,3.37,2,0.329
57.65,1.03,2,0.343
221.43,2.99,2,0.05
22.56,1.15,1,0.019
38.04,11.6,2,0.152
40.58,2.19,2,0.396
35.76,11.96,2,0.094
26.3,1.04,1,0.014
70.44,3.03,3,0.341
170.18,1.53,3,0.101
52.34,3.05,2,0.339
44.1,12.26,4,0.047
199.44,1.99,2,0.078
196.89,2.31,2,0.084
46.15,9.08,2,0.103
19.43,11.23,3,0.102
44.77,1.99,2,0.45
28.11,13.99,5,0.048
154.92,2.57,2,0.0
42.78,1.78,3,0.261
32.27,14.78,3,0.027
197.16,1.87,2,0.065
188.3,1.76,3,0.0
201.86,3.12,3,0.047
34.89,10.19,3,0.126
224.32,1.53,2,0.048
223.03,2.37,2,0.076
71.89,3.05,2,0.373
39.36,3.4,2,0.289
177.01,2.48,1,0.067
23.05,9.21,3,0.13
197.15,1.87,2,0.042
19.22,0.42,1,0.031
42.44,2.07,2,0.246
39.08,14.3,5,0.11
203.61,0.99,2,0.019
200.44,2.53,2,0.11
46.96,10.99,3,0.11
33.38,12.63,3,0.118
41.35,16.54,3,0.057
41.13,18.38,3,0.063
54.31,14.84,4,0.137
47.75,4.09,1,0.427
186.65,1.26,2,0.023
174.63,1.07,2,0.034
192.54,2.1,1,0.025
248.18,2.33,2,0.042
18.45,0.77,1,0.004
31.45,2.71,3,0.319
198.81,2.49,3,0.0
38.29,2.96,2,0.367
15.95,1.02,1,0.01
30.15,8.17,3,0.136
20.45,0.98,1,0.009
209.07,1.27,1,0.085
252.5,2.93,3,0.062
32.49,9.88,4,0.12
171.08,2.27,2,0.024
33.91,9.23,3,0.103
25.9,1.6,1,0.017
42.25,3.27,2,0.393
46.11,11.87,3,0.12
32.08,0.96,1,0.006
38.78,3.47,2,0.417
25.28,11.86,3,0.079
236.09,1.76,2,0.063
43.44,13.98,3,0.067
46.08,4.16,3,0.301
221.58,1.14,2,0.102
203.0,2.86,2,0.073
166.92,1.73,1,0.046
56.54,2.86,2,0.536
54.6,2.54,1,0.473
45.22,1.58,2,0.259
251.79,2.11,2,0.115
36.86,2.63,2,0.356
49.4,2.43,2,0.344
202.88,2.09,2,0.06
209.89,0.63,1,0.095
34.63,8.66,2,0.041
34.08,14.26,2,0.178
266.05,0.89,2,0.025
22.2,1.03,1,0.0
190.14,1.88,2,0.049
25.62,10.85,2,0.118
192.54,1.47,1,0.064
50.03,4.42,2,0.368
52.91,3.14,2,0.384
24.78,4.02,2,0.213
179.99,2.52,1,0.093
209.41,1.56,2,0.055
23.91,0.34,1,0.024
44.74,2.58,4,0.337
15.41,0.95,1,0.039
46.01,3.93,2,0.376
42.15,7.46,4,0.064
174.94,2.77,2,0.047
32.77,13.95,3,0.059
25.04,0.78,1,0.0
34.9,12.65,3,0.088
41.22,2.25,2,0.294
33.49,2.83,2,0.332
244.68,1.22,1,0.048
46.79,2.57,2,0.401
206.07,1.63,1,0.052
24.29,1.11,2,0.009
216.43,2.16,2,0.067
42.66,3.16,2,0.306
26.93,3.03,2,0.303
25.34,10.49,3,0.085
16.55,0.89,1,0.016
58.74,2.17,3,0.407
219.59,1.45,2,0.0
28.08,11.46,5,0.078
60.66,2.18,2,0.409
33.72,2.49,2,0.377
22.76,11.53,3,0.053
198.12,2.2,3,0.046
47.0,2.96,2,0.352
27.75,13.74,5,0.168
40.62,12.96,2,0.019
34.63,9.52,2,0.117
43.57,3.62,1,0.327
25.37,2.95,2,0.306
45.83,2.76,3,0.408
206.89,1.38,2,0.02
28.64,6.94,2,0.061
49.92,3.35,2,0.35
29.66,10.52,3,0.06
30.29,0.76,1,0.01
41.01,2.0,2,0.345
41.91,7.41,3,0.101
42.61,12.37,4,0.018
56.42,2.51,2,0.402
44.27,12.67,2,0.089
53.75,2.69,2,0.278
47.18,10.57,3,0.082
197.4,1.96,2,0.02
42.38,1.27,2,0.314
40.21,2.32,2,0.357
135.23,1.99,3,0.05
34.03,15.38,4,0.101
31.69,2.63,2,0.367
55.0,2.94,2,0.402
26.68,1.08,1,0.0
21.78,14.44,4,0.086
24.32,10.92,4,0.153
36.85,3.59,2,0.353
207.73,2.33,3,0.046
41.46,2.84,2,0.398
43.22,2.9,3,0.351
45.54,2.82,2,0.221
200.39,1.93,1,0.086
186.15,1.15,2,0.104
26.68,12.79,3,0.144
65.69,3.39,2,0.484
50.28,15.58,2,0.052
50.79,2.42,2,0.398
137.67,1.98,2,0.034
29.44,0.94,1,0.026
32.85,3.2,2,0.466
106.1,2.75,2,0.063
171.99,2.76,3,0.046
46.05,2.24,1,0.24
151.73,1.55,2,0.062
26.96,1.63,1,0.035
21.18,1.34,1,0.06
36.07,13.03,4,0.081
192.61,2.5,3,0.035
23.41,1.81,2,0.0
20.42,1.31,1,0.05
33.38,3.73,2,0.462
34.08,13.61,2,0.091
25.08,15.42,3,0.063
23.66,0.65,1,0.038
44.44,11.01,3,0.15
39.37,12.75,4,0.072
43.03,2.57,3,0.352
221.59,2.78,3,0.073
31.92,3.93,2,0.44
175.58,2.47,2,0.053
42.0,14.74,4,0.063
41.17,13.94,3,0.138
34.62,3.52,3,0.353
23.57,0.76,1,0.058
235.9,2.63,2,0.093
25.96,2.06,3,0.344
21.56,9.42,3,0.119
229.33,2.84,1,0.061
37.62,12.72,4,0.045
21.37,0.49,1,0.0
169.91,1.61,2,0.064
22.87,1.04,1,0.027
28.95,7.84,3,0.046
46.03,14.66,3,0.043
17.11,8.82,2,0.087
18.25,0.7,1,0.008
63.92,3.43,2,0.39
45.49,14.53,4,0.123
209.26,1.73,2,0.026
43.3,3.92,2,0.261
42.61,2.3,2,0.359
33.94,16.12,2,0.115
146.16,1.24,2,0.054
17.52,1.03,1,0.0
20.66,1.26,1,0.065
42.12,13.76,3,0.057
41.25,15.4,1,0.078
36.59,2.86,2,0.403
36.87,12.46,2,0.125
40.15,2.83,2,0.184
142.01,1.8,2,0.064
59.32,2.43,2,0.288
33.65,1.18,2,0.004
44.78,13.82,3,0.034
42.7,13.05,3,0.116
21.53,0.7,1,0.0
43.01,3.79,2,0.455
26.87,12.04,4,0.165
21.67,0.92,1,0.029
32.64,12.25,3,0.064
28.28,0.94,1,0.0
57.63,2.86,2,0.301
23.37,0.71,1,0.047
23.31,1.48,2,0.04
40.45,13.02,3,0.032
36.83,8.7,3,0.092
31.43,9.37,3,0.228
35.94,10.24,3,0.079
24.69,1.27,1,0.037
45.21,12.25,3,0.163
43.98,4.19,2,0.367
41.16,10.7,2,0.111
47.58,2.35,3,0.254
37.16,3.77,2,0.366
29.49,10.19,3,0.138
36.94,2.77,3,0.395
48.16,3.44,1,0.457
39.68,12.64,3,0.152
155.48,1.73,2,0.025
164.01,2.77,2,0.034
52.48,4.25,2,0.398
194.6,2.21,2,0.028
19.5,0.62,1,0.017
29.26,9.81,3,0.076
23.63,2.89,3,0.356
219.61,1.75,2,0.028
49.87,2.81,2,0.366
171.09,2.95,1,0.044
32.27,0.71,1,0.049
52.87,3.64,2,0.163
38.11,3.64,3,0.231
24.06,1.28,1,0.0
144.53,2.56,2,0.021
24.58,1.35,1,0.035
55.72,2.4,2,0.162
196.09,3.83,2,0.0
135.72,1.66,3,0.097
44.16,10.93,3,0.07
25.46,11.58,3,0.097
32.6,11.66,3,0.188
58.12,12.01,4,0.041
31.45,1.12,1,0.015
179.73,1.66,2,0.046
31.27,4.21,2,0.339
40.6,2.72,4,0.243
49.71,3.67,1,0.332
29.86,14.2,3,0.095
33.11,8.99,4,0.103
41.22,12.86,3,0.105
29.5,0.59,2,0.0
22.88,1.72,1,0.024
47.36,2.96,1,0.386
33.48,10.48,4,0.112
163.09,2.15,1,0.042
40.85,9.25,1,0.077
39.64,13.34,3,0.186
212.27,2.36,2,0.064
63.4,3.43,2,0.302
37.06,16.48,3,0.119
35.76,13.99,5,0.145
30.63,9.52,4,0.14
44.31,16.04,3,0.09
50.71,2.87,2,0.324
38.06,2.68,2,0.445
45.22,3.22,2,0.256
35.98,13.09,4,0.13
40.57,3.78,2,0.412
41.23,3.22,3,0.274
179.41,2.72,2,0.029
33.77,16.78,5,0.06
204.14,1.05,1,0.0
44.53,3.19,2,0.266
48.92,2.9,2,0.487
28.78,10.47,2,0.165
170.42,1.95,3,0.038
59.55,3.36,2,0.221
26.49,0.7,1,0.0
166.08,0.79,2,0.038
36.16,12.08,3,0.046
41.9,2.71,2,0.385
42.25,2.11,2,0.315
44.84,3.51,2,0.268
54.29,2.46,2,0.271
213.0,2.19,2,0.064
192.98,2.62,2,0.043
54.9,2.26,2,0.44
37.5,2.21,2,0.326
46.0,14.67,3,0.062
25.59,1.25,1,0.009
199.18,1.41,1,0.064
28.89,8.68,4,0.135
207.61,2.12,2,0.077
56.16,3.18,3,0.312
41.53,2.8,1,0.33
187.15,1.84,2,0.043
28.57,1.49,1,0.015
39.9,13.02,4,0.157
38.56,3.18,3,0.487
40.22,3.63,3,0.312
202.33,1.68,2,0.034
42.9,2.71,2,0.396
34.15,10.98,3,0.133
216.78,1.81,2,0.061
209.73,2.65,2,0.113
28.78,10.18,2,0.121
193.45,1.06,2,0.065
49.08,2.88,2,0.269
215.7,2.5,2,0.05
44.27,2.1,2,0.377
198.86,1.78,2,0.007
31.64,3.78,1,0.345
178.49,2.09,3,0.084
145.24,2.91,3,0.12
235.29,1.46,2,0.08
49.15,8.1,3,0.113
241.46,3.14,2,0.117
33.46,10.46,3,0.019
156.12,2.19,2,0.044
44.33,2.7,1,0.217
25.16,10.04,1,0.074
27.42,14.82,1,0.117
181.13,2.35,1,0.03
56.89,2.32,3,0.329
201.51,2.2,2,0.049
190.69,1.22,1,0.077
54.34,2.73,1,0.158
36.95,6.78,3,0.034
169.83,2.85,2,0.081
209.85,2.11,3,0.0
183.98,2.46,3,0.05
48.16,2.95,2,0.275
233.26,1.29,2,0.072
24.78,9.98,2,0.092
50.53,2.81,3,0.414
162.96,1.72,3,0.055
26.05,1.05,1,0.018
24.83,0.54,1,0.038
33.91,4.13,2,0.35
46.49,3.05,1,0.336
36.46,17.05,3,0.063
39.94,2.61,1,0.378
28.3,8.98,3,0.0
232.68,1.66,2,0.0
35.47,3.47,2,0.402
27.54,0.8,1,0.0
36.48,14.62,3,0.1
35.9,10.29,3,0.107
25.12,14.0,3,0.043
32.36,0.98,1,0.029
201.02,0.93,2,0.024
37.88,15.44,2,0.06
39.91,13.44,1,0.162
38.19,6.84,3,0.04
209.21,1.02,2,0.041
16.16,0.43,1,0.0
201.55,1.34,2,0.054
35.78,3.07,1,0.414
41.08,2.91,3,0.251
24.32,3.07,2,0.383
21.59,0.94,1,0.0
56.54,3.11,2,0.386
25.7,13.4,1,0.117
282.24,1.71,2,0.062
147.16,1.11,3,0.049
58.3,2.97,2,0.461
39.3,13.47,2,0.087
189.57,1.79,1,0.056
51.06,10.89,3,0.064
205.64,1.49,1,0.002
228.78,1.8,2,0.058
180.2,2.9,1,0.032
230.79,0.68,3,0.068
24.06,15.28,3,0.049
42.09,4.35,2,0.491
41.54,2.52,2,0.176
58.17,2.98,2,0.292
217.71,2.36,1,0.035
27.61,13.5,3,0.111
184.55,2.76,2,0.002
251.48,1.5,1,0.029
200.41,3.03,1,0.107
46.59,12.74,3,0.098
227.56,3.18,2,0.06
53.29,6.92,2,0.07
54.75,3.54,3,0.256
226.09,1.37,2,0.08
44.79,3.04,2,0.475
39.91,15.51,2,0.033
72.46,3.67,2,0.274
26.77,15.16,1,0.118
27.82,12.12,4,0.144
18.07,1.92,1,0.518
208.63,1.91,2,0.051
24.0,1.43,1,0.021
41.63,2.47,2,0.478
29.75,3.59,2,0.39
32.66,12.51,4,0.124
54.41,12.88,3,0.133
20.99,1.29,1,0.026
200.97,3.58,3,0.04
197.39,2.6,2,0.101
217.86,0.95,2,0.054
36.9,12.88,4,0.036
55.23,2.65,1,0.412
33.5,10.78,4,0.12
39.09,2.02,2,0.315
43.18,3.49,3,0.282
27.41,15.21,4,0.104
29.3,1.23,1,0.032
41.09,12.05,2,0.105
43.61,8.21,3,0.0
247.75,2.15,3,0.057
43.18,2.99,2,0.337
28.06,0.53,1,0.013
24.93,1.66,1,0.029
57.72,3.82,2,0.268
35.53,1.08,1,0.0
197.27,0.93,1,0.161
206.11,1.85,1,0.052
30.0,1.01,1,0.04
22.9,11.9,3,0.012
187.1,1.49,2,0.0
46.9,2.79,2,0.38
6.29,1.27,1,0.037
175.55,1.27,2,0.027
156.08,2.08,2,0.028
184.34,2.01,2,0.101
34.07,12.13,2,0.077
41.23,10.43,3,0.085
24.67,1.13,1,0.037
210.84,2.34,3,0.0
173.34,1.65,2,0.069
18.61,4.3,2,0.312
47.23,15.82,2,0.113
256.79,2.35,2,0.024
21.34,11.69,3,0.059
33.21,2.68,2,0.252
24.97,1.03,1,0.035
41.98,3.7,2,0.304
51.06,3.65,2,0.385
35.8,7.13,3,0.09
23.42,16.49,3,0.059
22.37,0.86,1,0.005
248.23,1.32,2,0.103
30.2,0.9,1,0.004
34.95,3.65,2,0.308
208.83,0.97,2,0.06
53.27,2.33,3,0.277
159.68,1.72,2,0.024
35.37,1.14,1,0.004
48.61,3.15,2,0.351
185.47,2.6,3,0.096
44.77,2.66,2,0.5
42.73,3.68,3,0.409
28.63,4.34,1,0.306
54.34,2.97,2,0.445
235.84,2.15,2,0.0
196.19,2.19,2,0.042
43.04,2.71,2,0.335
11.81,1.41,1,0.026
229.76,1.99,2,0.043
227.65,1.83,1,0.014
45.11,8.51,3,0.025
54.65,2.74,2,0.239
24.28,1.06,1,0.024
48.13,10.77,3,0.082
28.36,0.48,2,0.02
28.98,11.41,5,0.091
188.02,1.81,2,0.06
239.44,2.59,1,0.037
233.52,1.88,2,0.02
63.35,3.19,3,0.261
240.87,2.84,1,0.075
163.84,2.3,3,0.051
51.61,1.52,2,0.311
31.3,0.2,1,0.032
30.99,9.01,3,0.083
197.84,1.69,2,0.071
29.18,0.56,1,0.0
34.56,10.92,2,0.127
245.96,1.36,2,0.038
60.47,2.85,3,0.423
35.52,12.13,3,0.101
22.59,1.0,2,0.307
267.1,2.1,3,0.041
24.55,12.78,2,0.138
33.38,9.13,3,0.097
36.31,8.39,3,0.06
41.95,2.35,1,0.395
48.02,3.35,1,0.451
40.3,1.88,2,0.492
34.53,2.34,3,0.319
28.09,0.67,1,0.014
29.77,0.66,1,0.023
35.86,4.13,2,0.319
34.81,12.67,3,0.158
25.18,1.39,1,0.002
192.07,1.78,1,0.071
40.37,3.53,2,0.411
211.88,2.17,2,0.075
44.13,9.35,4,0.088
47.79,2.54,2,0.373
148.83,1.51,2,0.036
53.38,1.85,2,0.394
24.37,9.71,2,0.128
64.07,4.47,2,0.432
164.8,1.39,2,0.045
12.19,0.66,1,0.0
48.03,0.65,2,0.284
52.72,11.64,2,0.128
199.9,1.28,1,0.061
271.91,1.96,2,0.039
56.2,3.46,2,0.185
208.66,2.25,2,0.04
30.52,11.31,4,0.128
48.83,11.19,3,0.122
225.3,2.35,1,0.064
52.51,3.37,2,0.355
42.94,3.54,3,0.444
54.21,3.71,2,0.284
12.18,1.58,1,0.028
178.97,1.94,2,0.092
37.73,2.27,2,0.339
31.87,0.88,1,0.015
52.53,1.93,2,0.352
206.24,2.51,2,0.066
25.24,9.79,3,0.16
31.08,8.14,3,0.09
221.51,1.83,2,0.039
48.96,15.65,2,0.089
28.45,3.52,2,0.265
28.06,9.88,4,0.124
30.77,12.61,3,0.111
224.26,2.11,2,0.069
132.16,2.33,2,0.025
25.31,3.78,2,0.249
25.64,2.83,3,0.267
41.81,11.74,2,0.159
31.51,13.14,4,0.079
40.95,12.56,3,0.123
34.75,2.34,2,0.327
179.27,2.14,2,0.053
30.94,0.96,1,0.042
50.27,4.43,2,0.47
41.32,12.71,2,0.012
241.94,1.57,2,0.063
40.64,2.16,2,0.221
17.68,1.7,1,0.0
22.95,1.28,1,0.0
40.2,12.65,3,0.052
36.16,4.43,2,0.238
32.48,14.61,4,0.158
210.2,2.29,2,0.079
31.67,0.77,1,0.025
34.43,11.75,3,0.139
50.17,11.5,2,0.157
41.29,3.69,2,0.579
27.62,13.25,4,0.1
43.04,11.21,4,0.078
32.91,0.73,1,0.0
42.7,2.34,2,0.319
32.07,2.01,1,0.075
39.53,0.78,1,0.015
25.83,0.73,2,0.006
233.29,2.79,2,0.015
19.06,1.62,1,0.041
24.88,10.81,3,0.125
53.76,3.4,2,0.438
25.47,0.2,1,0.0
36.6,3.15,2,0.418
20.08,0.71,1,0.011
60.76,2.52,2,0.358
36.12,11.4,4,0.091
167.55,1.32,2,0.068
218.27,1.85,3,0.022
238.31,1.69,4,0.044
50.25,2.71,2,0.42
33.26,3.79,1,0.402
16.37,11.56,2,0.058
42.61,9.62,3,0.052
31.5,1.22,1,0.053
139.33,1.91,3,0.031
187.92,1.4,2,0.05
52.1,2.88,2,0.31
251.2,1.43,2,0.074
198.99,1.77,3,0.079
22.3,11.76,5,0.115
32.36,11.19,5,0.084
41.15,10.07,3,0.135
208.81,1.69,3,0.059
27.73,1.04,2,0.01
25.81,0.67,1,0.011
30.28,10.82,2,0.107
26.36,0.38,1,0.008
197.41,1.52,1,0.078
18.25,15.83,3,0.064
44.52,3.69,2,0.232
167.68,1.53,3,0.07
23.69,1.37,1,0.041
265.28,1.6,2,0.089
24.36,0.43,1,0.025
47.1,3.37,1,0.225
175.08,2.59,2,0.013
25.06,7.15,4,0.113
9.84,0.74,1,0.008
26.09,15.04,3,0.076
48.98,3.3,2,0.252
33.03,14.25,4,0.141
181.88,1.18,1,0.0
63.69,2.89,2,0.296
62.77,4.06,2,0.345
190.39,1.61,3,0.049
46.41,2.79,2,0.33
71.62,2.45,2,0.31
49.85,1.63,1,0.308
44.01,16.04,3,0.121
171.01,2.68,3,0.076
47.81,10.26,2,0.153
34.1,15.4,3,0.036
33.11,9.62,3,0.073
16.56,0.66,1,0.037
26.95,13.67,4,0.13
38.78,2.24,2,0.247
21.63,1.33,1,0.042
21.69,1.2,1,0.0
28.98,10.52,3,0.123
32.64,3.48,2,0.313
21.3,1.13,1,0.01
179.99,2.28,2,0.0
217.28,1.72,1,0.047
39.45,14.12,2,0.052
199.6,2.46,2,0.036
20.08,0.74,1,0.02
43.41,3.28,3,0.314
210.44,1.59,1,0.027
44.71,2.37,3,0.394
161.43,3.33,2,0.076
27.64,12.11,3,0.15
237.62,1.39,2,0.07
36.24,7.49,3,0.07
23.17,0.67,1,0.051
220.29,3.53,2,0.076
24.11,11.2,3,0.178
211.28,2.71,3,0.058
196.49,2.31,3,0.049
28.68,0.79,2,0.0
24.21,10.47,3,0.155
22.42,1.17,1,0.018
212.88,1.54,3,0.033
51.2,4.8,3,0.435
30.09,0.39,1,0.011
213.28,3.55,3,0.04
48.22,2.04,1,0.248
216.45,2.28,2,0.018
28.36,11.51,4,0.076
26.78,0.6,1,0.034
200.17,2.53,1,0.112
49.57,2.98,2,0.449
33.25,12.06,4,0.063
193.98,2.7,1,0.052
232.57,1.73,2,0.076
64.02,1.96,1,0.445
195.18,1.68,2,0.067
267.18,1.21,2,0.087
35.0,2.02,2,0.398
25.32,8.84,3,0.045
20.73,1.1,1,0.001
36.29,3.45,2,0.276
34.69,12.87,4,0.111
42.7,3.96,2,0.287
53.1,3.37,1,0.22
136.05,1.26,1,0.1
36.33,3.39,2,0.283
168.64,1.93,3,0.066
240.27,2.16,1,0.075
179.06,1.53,2,0.046
25.14,13.47,3,0.128
180.22,2.03,3,0.012
46.23,4.33,2,0.353
27.88,1.21,1,0.043
17.96,0.41,1,0.034
41.35,14.42,2,0.079
165.46,1.78,1,0.069
25.49,1.06,1,0.021
173.98,2.07,3,0.082
34.4,12.62,3,0.027
199.58,2.12,2,0.041
29.42,12.91,2,0.026
200.33,2.1,2,0.036
237.96,1.87,3,0.045
166.82,0.95,3,0.06
33.98,1.5,1,0.009
24.72,0.2,1,0.0
28.23,0.54,1,0.0
31.17,2.32,2,0.348
47.76,2.9,2,0.3
244.36,1.98,1,0.055
30.32,1.72,1,0.0
52.13,2.58,2,0.298
14.33,0.58,1,0.03
30.41,4.25,2,0.368
31.45,14.22,3,0.139
43.53,3.11,2,0.267
51.71,2.47,1,0.461
58.31,2.56,2,0.368
47.02,13.58,4,0.115
34.7,12.37,3,0.131
38.51,13.45,2,0.134
22.51,1.03,2,0.024
30.65,0.31,2,0.029
28.75,1.13,1,0.026
189.95,1.26,2,0.028
52.81,3.52,2,0.313
47.28,1.82,1,0.345
251.04,2.58,2,0.048
33.83,0.45,1,0.055
186.15,2.39,2,0.073
22.77,15.12,3,0.14
21.1,0.93,1,0.019
194.58,2.37,2,0.051
40.73,10.69,3,0.133
19.75,0.85,1,0.0
176.62,2.53,2,0.123
29.46,11.94,2,0.076
58.53,2.49,2,0.378
217.01,2.93,2,0.056
14.31,11.75,4,0.076
197.87,1.95,2,0.052
229.99,0.81,2,0.081
40.37,4.57,2,0.336
22.79,0.87,1,0.0
205.83,2.6,3,0.095
47.01,9.51,2,0.163
28.35,1.06,1,0.014
48.61,4.14,2,0.514
37.89,14.71,3,0.088
203.6,2.58,3,0.073
29.8,2.73,2,0.417
224.44,2.64,3,0.103
29.06,11.98,3,0.116
40.65,3.46,2,0.261
197.96,1.44,2,0.077
42.07,11.98,2,0.066
202.12,1.39,2,0.034
56.16,2.91,2,0.445
200.0,2.36,3,0.073
50.76,2.22,2,0.39
16.08,1.27,1,0.025
49.94,2.69,2,0.455
36.59,1.16,1,0.047
36.84,11.63,2,0.041
30.64,11.67,2,0.071
18.27,0.88,1,0.026
35.97,10.1,3,0.131
34.02,13.79,3,0.134
201.51,1.57,2,0.075
164.17,1.83,1,0.068
43.85,12.39,3,0.112
12.69,0.88,1,0.016
177.3,1.66,2,0.097
205.59,2.79,1,0.07
30.02,13.68,3,0.164
51.11,2.76,2,0.445
232.69,1.62,2,0.036
33.64,12.5,4,0.105
19.98,15.49,4,0.101
34.86,2.45,2,0.407
28.33,9.84,3,0.11
13.37,1.11,1,0.002
29.67,10.0,3,0.065
42.16,10.09,4,0.063
34.33,11.86,4,0.14
40.97,3.13,2,0.389
235.28,2.13,3,0.045
196.57,0.97,2,0.012
47.6,11.77,3,0.053
45.38,10.29,4,0.03
27.76,15.5,3,0.082
35.59,13.83,5,0.092
27.6,11.55,4,0.081
30.06,13.45,3,0.073
221.41,1.94,2,0.07
20.63,0.9,1,0.004
255.83,2.3,2,0.059
17.17,1.0,1,0.027
183.96,2.01,3,0.094
38.06,12.1,2,0.089
192.41,1.31,1,0.051
37.32,3.13,3,0.181
203.53,3.0,2,0.023
257.32,1.19,2,0.061
45.65,1.84,2,0.388
34.51,8.34,3,0.062
42.14,12.01,3,0.083
42.96,3.43,2,0.421
32.52,12.15,3,0.107
23.72,1.45,1,0.033
25.37,11.86,4,0.078
231.98,1.9,2,0.077
51.24,3.68,2,0.214
209.86,1.85,2,0.073
31.42,11.7,3,0.077
162.62,2.5,1,0.056
45.15,7.04,4,0.156
62.26,1.72,2,0.422
28.46,1.5,1,0.044
40.24,13.05,3,0.151
51.58,3.7,1,0.322
46.24,12.33,3,0.136
216.66,2.05,2,0.112
28.56,14.84,2,0.125
204.88,2.41,2,0.084
51.06,5.04,3,0.093
225.15,3.18,1,0.0
207.35,2.04,2,0.026
28.52,3.68,2,0.427
49.69,3.34,2,0.364
31.83,5.91,1,0.308
48.12,3.18,1,0.287
213.77,1.88,2,0.013
54.49,3.8,3,0.199
33.47,10.34,3,0.116
24.61,1.01,1,0.088
31.71,12.5,3,0.068
201.91,0.5,2,0.045
37.59,12.79,4,0.158
27.15,0.91,1,0.008
41.53,3.54,4,0.423
35.2,10.92,3,0.0
19.35,1.04,1,0.0
43.82,15.34,3,0.066
251.9,1.95,2,0.057
166.17,1.83,2,0.056
17.53,2.77,2,0.256
162.88,1.44,2,0.015
37.76,12.44,3,0.05
16.65,1.02,1,0.03
45.7,10.8,1,0.021
22.49,0.74,1,0.03
17.18,1.98,1,0.0
52.94,4.95,2,0.451
28.47,0.74,2,0.016
52.0,3.03,3,0.422
181.22,1.77,1,0.08
39.52,3.31,2,0.26
169.91,2.25,2,0.08
36.65,4.53,2,0.336
34.33,4.42,2,0.325
39.56,5.35,1,0.302
17.81,0.7,1,0.002
199.71,2.38,2,0.043
27.03,0.86,1,0.029
205.91,2.26,3,0.073
29.68,4.78,2,0.343
21.06,1.46,1,0.036
39.99,4.22,2,0.28
37.76,9.87,2,0.087
23.13,1.29,1,0.001
37.46,12.55,4,0.084
227.17,2.06,1,0.092
166.39,1.59,2,0.034
186.27,2.02,3,0.072
213.26,1.89,2,0.039
34.2,6.86,4,0.074
213.79,0.56,3,0.052
37.42,12.65,3,0.067
41.75,2.58,2,0.32
37.42,16.81,4,0.134
41.93,3.05,1,0.354
47.41,3.01,3,0.343
52.85,2.64,2,0.32
189.84,3.0,3,0.042
24.32,1.47,1,0.029
43.46,3.51,2,0.387
46.34,2.35,3,0.307
200.76,1.95,3,0.089
231.56,0.95,3,0.074
42.59,3.04,2,0.38
53.54,2.51,3,0.314
41.75,2.53,2,0.575
192.84,1.33,1,0.078
231.15,1.13,2,0.0
53.43,2.32,2,0.371
32.96,1.1,1,0.024
56.66,3.72,2,0.394
167.95,2.09,2,0.041
29.06,1.14,1,0.056
43.75,9.81,2,0.141
195.95,2.41,2,0.0
194.35,2.31,2,0.062
209.02,2.09,2,0.087
28.97,9.64,4,0.131
22.32,1.32,1,0.017
50.7,13.47,2,0.097
35.73,12.42,4,0.111
37.65,12.86,3,0.071
44.75,3.56,2,0.367
40.15,16.6,4,0.142
25.65,14.4,2,0.091
38.69,14.01,3,0.119
18.48,0.98,1,0.0
34.48,1.1,1,0.016
33.05,12.28,3,0.064
41.59,3.07,3,0.23
37.33,12.66,2,0.145
13.84,1.68,1,0.069
50.07,0.85,2,0.365
39.38,4.67,1,0.418
45.94,3.62,3,0.36
27.74,9.01,4,0.08
190.83,1.86,2,0.11
43.04,12.5,3,0.101
203.76,2.81,2,0.009
35.76,15.93,4,0.059
30.21,0.62,1,0.022
31.58,1.04,1,0.0
42.2,12.62,6,0.139
12.58,0.98,1,0.014
208.97,1.56,1,0.033
26.04,17.96,3,0.127
42.49,2.71,2,0.292
199.3,1.44,2,0.006
28.16,1.16,2,0.074
145.26,1.91,2,0.036
205.69,1.21,2,0.048
184.45,2.08,2,0.028
29.03,4.02,2,0.326
48.43,4.07,2,0.189
52.99,2.49,2,0.324
24.47,1.38,1,0.038
236.54,2.52,2,0.062
33.31,1.9,2,0.293
33.9,10.8,3,0.046
183.74,1.57,2,0.088
196.89,1.71,2,0.06
167.62,2.29,2,0.027
30.64,18.37,3,0.123
39.75,3.42,2,0.269
32.8,3.19,2,0.325
43.1,11.81,2,0.146
46.27,3.65,2,0.381
183.76,2.25,3,0.056
29.63,16.03,4,0.144
49.98,3.15,2,0.501
31.6,13.14,2,0.109
41.56,15.92,1,0.066
39.11,3.07,2,0.4
25.72,10.18,2,0.134
48.85,14.02,3,0.146
60.76,2.4,2,0.381
37.35,2.31,2,0.344
49.93,3.47,1,0.235
32.36,14.13,3,0.111
25.34,6.66,3,0.085
35.08,12.78,4,0.112
20.41,7.03,4,0.134
222.64,2.32,3,0.032
36.64,3.49,2,0.418
35.88,13.97,3,0.103
19.17,8.79,3,0.091
206.88,2.28,2,0.041
20.14,1.08,1,0.009
70.45,2.72,2,0.371
43.76,1.57,3,0.362
38.11,12.97,1,0.094
54.9,3.2,1,0.303
56.67,1.98,1,0.367
41.92,16.13,4,0.072
51.82,3.65,3,0.324
198.09,2.44,1,0.045
56.69,4.78,2,0.409
239.96,1.62,2,0.068
221.04,1.98,1,0.106
14.09,1.63,1,0.015
173.0,2.39,2,0.085
39.14,3.13,2,0.331
46.38,2.46,2,0.437
33.3,0.2,1,0.016
209.21,2.12,2,0.081
195.65,1.41,2,0.045
20.59,0.65,1,0.018
47.93,1.79,2,0.384
178.45,1.87,1,0.089
225.09,1.89,1,0.004
33.8,12.8,2,0.09
44.3,9.26,3,0.078
22.21,1.17,1,0.016
167.84,2.04,1,0.077
30.08,2.69,3,0.368
218.77,2.33,2,0.014
169.76,1.69,2,0.003
40.87,3.16,2,0.345
157.1,2.44,3,0.053
49.35,3.18,2,0.517
54.49,3.41,2,0.294
32.53,10.02,3,0.127
57.16,3.66,2,0.388
27.99,4.08,2,0.274
139.65,1.87,3,0.037
30.77,11.04,3,0.103
25.8,12.54,3,0.115
28.35,2.61,2,0.19
27.4,0.61,1,0.045
200.01,0.96,3,0.081
154.91,2.29,2,0.037
51.3,2.29,2,0.405
193.0,2.45,3,0.068
45.87,4.56,4,0.437
51.47,2.2,2,0.31
29.44,11.45,3,0.134
21.8,1.2,1,0.0
41.81,4.12,2,0.396
262.15,1.66,2,0.051
49.3,2.7,2,0.356
36.24,12.47,2,0.092
32.13,15.61,2,0.128
38.17,2.3,2,0.343
26.06,6.86,3,0.043
181.33,1.78,3,0.031
43.59,2.5,2,0.277
39.24,13.6,3,0.089
27.58,19.92,2,0.129
34.61,3.93,2,0.506
25.39,14.43,4,0.039
29.57,0.96,1,0.036
16.67,1.15,1,0.034
32.22,3.31,2,0.393
37.39,2.49,2,0.337
194.78,2.6,2,0.066
20.05,1.03,1,0.008
190.61,2.08,2,0.0
26.55,10.27,3,0.056
201.18,2.02,1,0.036
204.33,2.01,2,0.05
45.24,3.7,2,0.402
30.71,0.48,1,0.006
47.03,8.78,2,0.153
147.6,2.13,3,0.05
42.98,2.37,1,0.386
31.82,10.42,4,0.153
28.24,0.77,1,0.001
41.02,12.49,5,0.13
263.49,1.29,3,0.01
32.33,12.52,3,0.0
52.39,13.06,2,0.12
178.06,1.73,3,0.033
32.39,6.79,4,0.136
209.09,3.0,2,0.063
255.78,2.04,1,0.091
38.5,10.78,3,0.1
35.4,12.01,3,0.123
52.03,16.55,4,0.105
29.45,9.48,2,0.144
153.8,2.43,2,0.096
50.72,2.86,3,0.222
35.09,8.44,2,0.1
232.86,1.59,2,0.065
134.33,1.86,2,0.001
23.27,1.09,1,0.011
34.62,8.91,5,0.109
225.71,1.09,3,0.073
25.25,13.75,2,0.097
215.97,2.19,1,0.023
19.37,0.51,1,0.012
32.97,2.21,2,0.437
25.42,10.57,5,0.008
65.51,3.26,3,0.363
40.64,2.53,2,0.305
41.81,12.21,3,0.127
214.96,2.45,3,0.021
217.84,1.79,2,0.055
42.49,16.62,2,0.029
25.44,1.17,1,0.009
219.15,1.36,2,0.109
155.26,2.46,2,0.054
52.67,12.47,3,0.049
207.89,1.37,3,0.045
35.96,0.7,1,0.0
17.56,0.62,1,0.046
36.96,14.41,3,0.155
39.95,14.93,3,0.072
166.27,0.9,3,0.029
133.43,2.38,2,0.029
44.08,14.06,3,0.074
255.36,2.13,2,0.065
47.14,2.0,2,0.348
31.07,1.07,1,0.05
215.2,1.85,3,0.098
34.6,11.44,2,0.048
44.49,6.32,3,0.067
36.78,2.53,1,0.313
246.56,1.38,2,0.051
50.42,3.17,2,0.317
14.51,0.47,1,0.055
38.33,1.44,1,0.424
233.28,0.88,2,0.033
244.36,3.52,2,0.033
36.31,3.62,2,0.225
174.98,2.44,2,0.04
30.19,11.65,3,0.102
35.92,4.39,2,0.308
48.16,2.4,2,0.391
24.42,11.96,3,0.123
39.45,12.98,3,0.055
206.97,1.46,2,0.041
23.76,10.84,3,0.099
184.76,1.63,3,0.053
33.19,15.82,2,0.133
33.87,10.3,4,0.177
44.25,15.01,3,0.156
26.29,14.39,3,0.055
159.0,1.72,2,0.0
201.42,1.46,1,0.04
212.78,2.54,3,0.069
33.59,13.71,3,0.106
243.18,1.99,2,0.038
195.75,2.58,1,0.053
33.97,13.23,2,0.073
43.03,9.63,3,0.177
24.73,13.86,4,0.06
54.13,5.02,2,0.25
22.66,12.37,2,0.126
154.86,2.78,2,0.0
39.03,5.03,3,0.4
48.02,2.84,1,0.401
190.72,1.61,2,0.06
35.26,12.62,2,0.072
235.92,1.0,2,0.055
39.03,13.36,5,0.067
47.55,3.89,1,0.44
28.07,13.75,3,0.07
31.68,13.18,3,0.058
25.82,0.24,1,0.0
55.88,3.22,2,0.347
48.87,3.69,2,0.316
199.2,1.94,3,0.034
40.97,9.19,4,0.12
171.58,2.27,2,0.096
23.37,1.34,1,0.049
191.34,2.64,2,0.008
27.29,1.38,1,0.029
38.22,11.05,3,0.083
42.88,10.15,4,0.082
45.68,3.06,3,0.375
33.65,13.44,4,0.088
26.32,3.25,1,0.232
24.69,0.37,2,0.027
39.61,13.5,1,0.134
215.09,1.91,3,0.06
189.63,1.94,1,0.03
33.17,11.06,3,0.042
55.86,2.8,3,0.486
228.58,1.64,3,0.091
33.69,11.99,4,0.055
43.67,2.48,2,0.233
47.79,3.4,2,0.28
67.78,3.86,2,0.382
40.65,9.03,3,0.041
35.62,10.23,4,0.123
30.0,12.37,3,0.175
48.84,14.27,3,0.111
39.75,4.1,2,0.455
190.68,3.02,1,0.025
22.86,11.04,3,0.145
194.7,2.05,2,0.045
50.95,3.24,2,0.274
188.67,2.79,1,0.111
197.01,2.64,2,0.061
166.23,3.05,2,0.044
22.16,1.34,1,0.019
186.02,1.92,1,0.112
227.0,2.35,1,0.08
242.92,1.88,1,0.068
245.37,2.8,2,0.069
37.06,10.11,3,0.056
243.07,2.12,2,0.034
179.11,2.41,1,0.026
50.25,7.81,2,0.15
33.44,3.45,2,0.221
36.31,14.19,2,0.093
232.96,2.01,3,0.057
46.69,9.23,2,0.162
25.02,1.22,1,0.003
37.83,9.67,3,0.117
167.57,2.54,2,0.041
172.61,1.64,1,0.049
49.16,2.79,2,0.319
28.46,9.74,3,0.118
33.54,11.93,4,0.098
50.58,2.64,2,0.307
46.33,3.45,2,0.214
52.5,2.1,1,0.357
213.86,2.29,2,0.051
29.57,14.62,3,0.116
19.88,16.17,2,0.148
35.01,0.43,1,0.0
22.13,12.67,3,0.117
41.01,11.2,4,0.092
40.26,10.21,3,0.124
36.66,10.28,3,0.159
43.17,4.49,2,0.35
257.72,1.34,1,0.048
55.54,3.59,2,0.379
44.82,8.26,2,0.075
45.9,8.97,2,0.018
190.97,2.29,2,0.053
51.28,2.62,2,0.214
155.46,1.83,2,0.085
44.26,2.19,3,0.227
20.77,1.61,1,0.049
217.28,2.77,1,0.081
16.81,1.39,1,0.023
40.26,15.52,4,0.217
32.96,11.17,3,0.062
36.89,11.33,3,0.052
59.02,1.87,2,0.495
27.12,13.17,4,0.037
28.79,2.05,3,0.247
36.04,14.27,2,0.063
37.0,12.7,3,0.126
57.9,3.9,2,0.231
51.43,2.1,3,0.467
35.25,14.62,4,0.191
186.85,2.08,3,0.067
39.24,16.16,3,0.113
33.48,10.91,4,0.096
50.94,2.59,3,0.335
22.22,1.11,1,0.0
28.12,1.05,1,0.029
29.65,8.02,2,0.155
42.05,3.43,2,0.409
207.73,1.3,2,0.051
221.64,1.2,1,0.067
194.7,2.32,1,0.0
231.39,2.52,2,0.096
27.74,0.9,1,0.026
28.56,0.82,1,0.045
31.34,1.09,1,0.0
46.87,3.25,2,0.219
27.84,0.77,2,0.04
238.05,2.43,2,0.076
42.86,2.85,2,0.304
39.93,4.21,2,0.304
198.14,3.13,3,0.07
233.04,2.18,2,0.033
38.53,3.12,2,0.357
212.12,2.48,1,0.049
45.78,9.81,3,0.137
192.49,1.4,2,0.073
31.23,1.27,1,0.02
190.26,2.58,2,0.037
238.75,2.75,2,0.057
27.5,1.31,1,0.048
42.26,4.02,2,0.368
247.6,1.67,2,0.039
194.53,1.76,2,0.07
209.49,1.02,2,0.019
23.1,6.59,4,0.066
20.21,0.4,1,0.0
31.31,0.95,1,0.0
37.56,3.39,2,0.398
19.01,0.71,1,0.074
24.2,9.76,3,0.094
168.18,2.66,1,0.046
202.74,1.61,1,0.047
22.12,13.18,2,0.124
47.9,10.21,2,0.175
205.35,2.63,2,0.114
20.94,13.34,3,0.07
212.1,1.73,2,0.059
36.13,17.05,3,0.105
42.69,2.35,2,0.35
47.96,11.96,3,0.088
27.06,10.94,4,0.0
43.58,2.58,2,0.364
39.2,14.98,3,0.043
36.31,14.12,3,0.059
43.85,2.07,2,0.464
43.7,13.75,4,0.157
32.29,12.2,3,0.124
28.85,0.3,1,0.002
43.61,12.7,3,0.098
50.62,2.54,2,0.388
37.79,12.16,4,0.091
30.17,10.68,3,0.099
60.03,2.68,1,0.351
62.67,3.48,1,0.361
191.98,1.88,2,0.056
22.66,0.96,1,0.024
21.59,0.82,1,0.0
32.39,10.33,1,0.08
31.13,11.82,3,0.114
31.14,1.28,1,0.01
49.41,1.06,1,0.393
25.08,1.67,1,0.009
40.41,4.5,4,0.13
232.45,2.89,3,0.044
21.59,0.66,1,0.0
53.13,2.45,2,0.431
32.26,17.3,2,0.128
215.82,1.63,1,0.029
32.91,13.09,1,0.151
23.61,1.01,1,0.0
18.41,1.11,1,0.044
33.33,10.85,3,0.082
42.38,3.67,2,0.444
31.68,3.77,2,0.378
15.59,1.31,1,0.025
222.21,1.33,2,0.06
30.36,10.69,3,0.164
34.13,9.92,3,0.079
153.16,2.32,1,0.052
28.63,5.07,3,0.151
28.42,11.84,4,0.108
52.93,15.24,3,0.102
206.07,0.65,1,0.097
39.32,2.13,1,0.401
42.54,3.76,2,0.445
32.84,14.26,3,0.069
22.54,12.37,3,0.144
41.25,6.07,3,0.097
163.78,1.63,3,0.1
23.02,7.52,4,0.108
28.64,15.31,3,0.044
46.8,5.32,1,0.308
181.32,2.09,2,0.04
27.11,1.3,2,0.013
27.43,8.02,4,0.079
44.38,2.96,2,0.4
22.34,14.82,3,0.092
195.68,2.87,2,0.0
185.79,2.31,2,0.066
38.67,13.49,3,0.114
138.12,2.45,2,0.03
46.36,11.49,3,0.072
30.19,10.33,2,0.163
252.78,0.7,3,0.074
41.73,16.24,3,0.131
31.98,16.25,2,0.092
28.23,1.33,1,0.025
43.85,3.02,1,0.271
40.44,13.05,3,0.193
27.66,0.32,1,0.056
27.92,1.15,1,0.0
166.82,2.04,1,0.064
49.54,8.43,4,0.063
56.96,3.64,2,0.425
194.07,2.17,2,0.026
50.1,2.46,2,0.412
188.22,2.02,2,0.049
33.08,12.09,2,0.116
202.07,1.53,1,0.012
186.77,2.24,1,0.11
36.89,12.86,3,0.088
29.95,0.5,1,0.014
33.28,11.1,3,0.195
57.38,1.96,2,0.417
172.51,2.68,2,0.075
56.18,4.36,2,0.377
23.67,11.55,3,0.06
165.82,2.58,1,0.0
19.5,0.25,1,0.032
169.63,1.14,2,0.063
25.83,16.65,4,0.049
202.14,2.43,2,0.031
28.0,0.98,1,0.043
29.88,13.05,3,0.21
46.11,10.73,3,0.103
305.24,1.78,2,0.049
166.76,1.74,2,0.014
45.93,11.02,3,0.106
47.5,2.78,3,0.357
35.91,14.4,2,0.118
39.27,10.41,3,0.165
229.42,1.36,2,0.074
23.43,0.85,1,0.004
29.3,15.73,3,0.056
37.45,3.66,2,0.206
39.62,1.16,2,0.352
40.21,8.85,3,0.127
52.17,12.64,3,0.093
45.57,3.67,2,0.459
36.96,14.47,3,0.066
20.81,0.75,1,0.0
25.51,0.84,1,0.025
54.54,3.24,2,0.306
192.26,1.78,1,0.026
237.98,2.18,2,0.117
144.96,0.98,2,0.06
186.56,2.6,1,0.063
38.54,12.48,2,0.055
22.69,3.3,1,0.584
45.23,2.19,2,0.471
194.56,1.07,1,0.078
24.76,11.41,2,0.164
162.26,1.7,4,0.048
39.98,2.62,2,0.459
28.83,1.38,1,0.034
198.93,1.44,1,0.062
255.18,2.21,1,0.024
46.94,8.78,3,0.161
22.57,0.3,1,0.018
48.81,14.65,4,0.189
33.96,2.59,1,0.449
39.79,11.38,4,0.16
212.64,1.31,2,0.013
24.08,1.18,1,0.032
173.19,2.57,2,0.033
195.58,1.35,2,0.061
44.1,2.49,2,0.25
202.72,1.93,1,0.0
59.53,2.04,2,0.229
16.1,0.9,1,0.0
196.8,1.94,2,0.031
31.87,12.12,1,0.089
14.29,0.93,1,0.032
45.5,9.78,5,0.075
33.14,13.57,2,0.066
170.42,2.55,1,0.111
159.91,2.14,1,0.021
44.18,2.64,2,0.307
21.02,1.74,1,0.029
40.64,12.21,3,0.027
36.33,2.77,2,0.3
215.38,1.78,3,0.045
47.16,5.05,1,0.369
16.1,0.98,1,0.033
31.54,3.03,1,0.277
219.12,1.93,2,0.081
24.99,0.94,2,0.025
29.05,11.72,3,0.135
24.78,13.16,4,0.025
169.53,1.66,3,0.016
222.87,2.38,2,0.026
36.94,10.9,3,0.085
23.0,1.32,1,0.02
51.41,2.96,2,0.181
68.97,3.62,1,0.285
24.16,1.23,1,0.029
46.48,3.28,2,0.425
26.61,10.31,2,0.096
27.31,10.55,3,0.114
33.73,2.38,2,0.309
194.71,1.62,2,0.025
248.56,2.0,3,0.008
169.55,2.09,3,0.06
42.91,1.96,2,0.333
33.09,14.0,4,0.05
30.79,14.69,2,0.155
33.69,14.36,3,0.053
153.5,1.17,2,0.049
27.06,11.2,2,0.035
21.12,0.41,1,0.022
27.37,0.74,1,0.0
14.07,1.53,1,0.02
36.56,2.98,2,0.382
25.48,3.17,2,0.34
33.14,11.61,2,0.098
24.54,6.2,2,0.079
181.92,2.31,1,0.053
21.89,1.65,1,0.026
26.08,0.89,1,0.015
47.8,14.34,4,0.119
21.82,1.38,1,0.015
39.53,1.88,1,0.379
38.91,14.41,2,0.073
28.06,13.05,4,0.039
35.04,6.54,3,0.046
201.56,2.09,3,0.052
23.51,1.89,2,0.485
28.03,1.03,1,0.035
35.33,16.44,2,0.059
46.71,2.93,2,0.309
27.32,12.15,3,0.104
37.59,14.45,5,0.083
242.78,2.35,2,0.065
194.96,1.53,1,0.121
51.75,4.15,1,0.305
194.84,2.1,2,0.025
207.78,2.35,2,0.0
43.45,3.29,1,0.335
188.52,2.73,1,0.096
48.78,2.13,2,0.48
237.74,0.9,2,0.081
232.95,2.07,2,0.046
30.69,13.5,3,0.09
223.6,2.61,2,0.062
49.18,2.8,2,0.275
46.93,2.75,3,0.346
38.95,4.2,2,0.505
25.04,14.24,3,0.077
36.32,7.95,4,0.003
8.91,0.9,1,0.003
29.31,13.99,3,0.087
34.89,2.59,2,0.362
40.17,2.19,3,0.247
180.66,1.42,3,0.088
194.75,2.05,1,0.05
22.12,12.05,2,0.121
48.88,2.86,2,0.166
38.96,10.79,5,0.109
62.51,3.98,3,0.332
21.67,1.34,1,0.041
185.48,1.29,2,0.004
47.24,1.81,2,0.497
39.6,2.72,2,0.243
202.67,2.58,2,0.028
184.53,2.56,2,0.055
57.4,2.94,3,0.446
41.91,4.03,3,0.35
33.19,11.74,2,0.106
204.01,2.52,1,0.07
47.39,3.96,1,0.262
42.15,3.14,1,0.297
28.23,0.95,1,0.03
44.22,3.64,2,0.386
164.63,2.64,2,0.066
41.75,2.36,2,0.423
29.51,0.78,1,0.035
38.94,3.79,2,0.357
21.32,0.56,2,0.044
35.15,11.95,2,0.079
36.52,12.98,4,0.13
193.97,2.37,1,0.0
35.47,2.31,2,0.353
58.32,13.78,4,0.14
64.16,3.17,2,0.4
32.94,13.49,3,0.113
196.43,2.17,2,0.114
178.33,2.2,3,0.024
39.66,2.93,2,0.258
38.41,10.51,3,0.083
31.18,12.62,3,0.091
44.98,3.68,4,0.406
123.72,1.94,3,0.08
42.51,15.78,4,0.089
26.74,1.31,1,0.033
15.52,0.22,2,0.03
45.71,15.63,2,0.098
32.13,18.55,3,0.064
232.67,2.21,2,0.066
198.23,2.41,2,0.047
178.14,2.18,2,0.063
17.2,0.26,1,0.012
52.15,2.12,2,0.362
200.51,2.55,3,0.057
44.7,3.75,2,0.403
35.15,15.12,2,0.021
232.76,1.44,1,0.05
24.73,0.48,1,0.036
53.65,9.46,3,0.091
27.1,14.81,3,0.075
192.98,1.91,2,0.036
34.35,13.63,2,0.125
19.74,0.5,1,0.022
26.03,12.59,3,0.087
37.69,10.29,4,0.068
48.78,12.62,2,0.045
42.95,14.08,2,0.151
32.93,13.08,2,0.055
41.68,14.21,4,0.113
227.83,2.58,1,0.061
30.9,14.05,4,0.056
49.83,9.74,4,0.115
42.53,3.13,1,0.389
173.81,0.76,1,0.071
34.7,13.09,3,0.117
164.78,0.48,2,0.053
29.12,10.69,4,0.106
184.32,2.44,2,0.072
32.83,2.77,2,0.431
31.55,1.09,1,0.052
56.81,3.34,2,0.325
34.4,7.15,2,0.138
184.06,3.26,2,0.056
31.41,4.19,2,0.274
131.59,2.47,2,0.0
201.67,1.81,2,0.041
33.84,13.22,3,0.151
28.6,15.49,3,0.088
32.68,16.28,3,0.114
43.89,9.09,2,0.152
52.75,1.96,3,0.273
244.08,1.76,1,0.039
41.27,16.83,5,0.118
36.03,3.38,2,0.347
38.89,1.08,1,0.0
32.02,11.54,4,0.132
37.89,8.32,4,0.121
32.59,7.13,2,0.052
197.87,2.53,2,0.073
17.84,0.8,2,0.0
44.0,3.05,2,0.394
25.57,0.84,2,0.039
22.74,15.5,2,0.041
44.58,3.71,2,0.439
145.23,1.74,2,0.053
49.15,4.62,1,0.452
216.22,2.74,1,0.019
211.76,1.76,2,0.038
23.75,1.73,1,0.017
195.1,1.88,2,0.047
35.11,1.13,1,0.02
49.31,9.87,2,0.094
164.55,1.79,1,0.047
37.03,13.46,2,0.112
23.73,16.75,2,0.146
208.16,2.64,1,0.055
199.88,2.45,2,0.036
24.99,1.69,1,0.052
34.48,8.58,2,0.12
166.61,2.44,2,0.037
30.6,3.18,2,0.195
31.53,3.59,3,0.249
237.13,2.72,2,0.016
37.6,10.75,2,0.099
34.66,2.5,1,0.228
220.01,1.76,2,0.051
49.16,1.44,2,0.38
59.65,1.45,3,0.452
241.21,1.91,2,0.045
43.09,3.51,2,0.369
22.46,14.8,1,0.134
30.7,1.44,1,0.066
21.09,9.5,2,0.135
176.71,1.26,2,0.0
35.23,3.63,2,0.265
171.84,1.93,3,0.042
18.34,1.23,1,0.065
21.85,0.73,2,0.012
33.51,2.9,3,0.221
170.24,1.19,3,0.08
32.91,2.62,1,0.453
21.71,1.45,1,0.026
47.57,3.2,2,0.233
22.05,0.6,1,0.066
32.6,10.62,4,0.068
31.65,13.03,2,0.07
193.8,1.35,1,0.019
49.72,3.36,2,0.304
56.27,2.54,1,0.509
51.52,2.4,3,0.473
52.3,2.57,3,0.327
39.08,14.74,3,0.115
41.88,3.29,3,0.489
143.69,1.91,2,0.043
23.24,14.14,2,0.121
31.87,9.45,4,0.125
27.45,10.65,3,0.156
50.19,4.02,2,0.445
59.38,3.18,1,0.304
34.11,10.75,3,0.062
205.6,2.52,3,0.052
19.32,1.01,1,0.013
214.18,2.11,3,0.082
14.63,1.17,1,0.026
17.58,0.89,1,0.051
45.8,2.71,2,0.461
48.71,3.13,2,0.429
45.14,0.9,2,0.22
187.09,2.11,2,0.071
27.95,5.25,2,0.317
176.63,2.61,2,0.09
20.86,0.87,2,0.0
203.98,2.92,2,0.069
198.8,2.84,2,0.075
42.89,13.65,3,0.117
172.03,1.96,2,0.042
47.68,2.72,2,0.37
49.72,12.31,4,0.101
40.56,17.25,3,0.093
193.53,2.39,2,0.07
26.17,9.99,4,0.182
21.81,12.55,3,0.167
52.42,3.78,2,0.326
24.57,9.62,3,0.117
55.55,2.53,2,0.437
33.85,9.44,2,0.147
42.67,14.66,3,0.047
193.32,1.48,2,0.004
19.38,5.64,5,0.079
24.56,0.57,1,0.032
32.1,12.55,3,0.084
30.59,11.61,3,0.072
16.19,0.8,1,0.022
37.66,3.33,2,0.352
58.48,3.31,2,0.475
21.86,1.64,1,0.004
182.88,1.26,2,0.042
222.3,2.61,1,0.054
19.59,0.97,1,0.025
187.86,3.25,2,0.055
28.64,2.24,2,0.337
35.88,10.58,3,0.025
167.43,1.85,2,0.022
193.78,2.96,2,0.023
56.75,12.04,3,0.083
207.68,3.2,1,0.105
48.32,4.51,2,0.195
38.79,9.36,3,0.051
56.15,2.94,2,0.255
183.92,1.62,2,0.028
31.48,1.95,1,0.014
54.12,4.86,2,0.437
33.77,9.44,4,0.146
35.44,11.14,3,0.15
198.54,2.23,2,0.065
219.17,1.27,2,0.054
36.78,0.45,1,0.02
47.26,2.75,2,0.431
37.92,1.82,3,0.424
236.4,0.99,2,0.053
166.21,1.38,2,0.046
25.3,10.1,2,0.1
27.84,12.6,3,0.041
164.16,2.04,2,0.043
161.69,1.93,1,0.054
203.91,1.83,2,0.078
35.72,9.7,3,0.157
28.84,12.72,3,0.103
220.07,0.97,2,0.018
52.82,2.47,2,0.315
211.02,2.59,2,0.109
33.39,12.44,4,0.11
48.84,11.7,4,0.118
156.29,1.4,2,0.042
264.72,2.48,2,0.077
184.06,2.31,3,0.035
162.28,2.83,3,0.036
180.15,1.77,3,0.025
23.81,11.71,3,0.081
167.16,2.42,3,0.043
213.23,2.98,2,0.073
40.84,4.15,2,0.371
41.7,4.31,2,0.455
33.7,0.85,1,0.018
180.94,1.49,2,0.077
187.58,2.13,1,0.091
165.89,2.39,2,0.0
43.34,2.62,2,0.382
202.77,2.49,2,0.055
20.6,0.75,1,0.038
34.7,13.47,3,0.088
173.65,1.61,1,0.102
34.52,15.78,4,0.139
22.25,0.73,1,0.018
41.45,13.12,3,0.098
39.95,2.78,1,0.308
43.94,12.49,4,0.092
34.1,12.44,3,0.115
194.01,1.89,3,0.064
30.53,13.37,3,0.123
35.71,2.76,2,0.475
16.26,0.6,1,0.028
46.33,4.23,2,0.363
35.9,10.74,4,0.102
42.66,1.46,2,0.346
41.67,2.53,2,0.278
35.24,11.66,4,0.028
50.3,3.36,2,0.357
35.27,3.25,3,0.253
208.72,2.61,2,0.01
155.99,1.84,3,0.072
22.5,12.26,5,0.124
39.93,14.1,4,0.081
24.04,12.58,4,0.09
207.45,1.26,3,0.0
223.05,2.36,2,0.017
174.11,2.53,2,0.073
181.2,1.5,2,0.066
41.43,11.42,1,0.094
43.11,3.61,2,0.177
48.42,3.13,2,0.273
26.1,13.53,2,0.089
45.36,2.96,2,0.377
46.35,1.46,3,0.386
168.17,1.57,3,0.023
32.91,14.39,2,0.057
26.01,11.28,4,0.109
26.63,3.28,3,0.291
48.69,5.19,3,0.531
41.66,16.91,3,0.145
41.47,12.16,2,0.131
36.96,1.2,1,0.0
27.61,3.81,2,0.279
33.63,1.62,1,0.024
44.92,1.68,2,0.529
30.16,11.96,2,0.143
24.34,1.14,1,0.027
182.53,0.75,1,0.023
235.39,1.99,1,0.054
39.93,3.14,2,0.472
16.03,1.24,1,0.041
58.67,3.62,2,0.161
19.28,1.21,1,0.0
49.72,2.74,3,0.318
26.34,8.9,3,0.16
24.51,14.32,3,0.102
44.82,2.21,1,0.294
179.87,2.83,2,0.074
249.99,2.33,2,0.007
237.6,2.08,3,0.055
23.84,0.85,1,0.0
40.01,2.32,3,0.313
35.15,11.03,3,0.117
150.81,2.61,1,0.054
217.39,1.97,2,0.03
37.15,14.61,2,0.128
39.18,11.77,4,0.107
36.37,4.9,3,0.464
187.56,2.02,3,0.005
36.95,12.98,3,0.13
40.89,3.06,2,0.269
36.72,10.62,4,0.12
46.36,2.67,2,0.339
55.34,2.46,2,0.382
39.11,10.22,2,0.09
40.46,2.26,3,0.322
38.96,2.27,2,0.251
38.07,3.33,2,0.271
34.9,3.13,2,0.511
45.55,2.15,2,0.362
48.64,3.58,3,0.342
24.4,8.7,3,0.091
25.92,12.89,2,0.109
42.11,2.37,2,0.379
46.43,16.18,3,0.067
205.73,2.68,1,0.062
35.21,10.12,2,0.152
220.8,2.13,2,0.0
53.13,1.87,2,0.272
48.63,10.67,3,0.176
208.66,2.29,2,0.055
202.36,0.69,2,0.017
26.6,0.86,1,0.031
22.58,1.97,1,0.011
209.61,1.29,1,0.054
45.26,3.8,2,0.315
34.94,3.88,2,0.41
34.05,10.02,3,0.115
255.24,1.41,2,0.046
29.91,12.39,2,0.021
39.52,2.77,2,0.304
214.21,2.57,2,0.104
222.92,3.34,2,0.074
192.5,1.82,2,0.043
211.64,2.7,2,0.084
47.03,9.19,3,0.115
162.29,1.77,2,0.059
209.61,1.86,3,0.033
26.1,0.58,1,0.009
13.4,0.51,1,0.034
27.11,14.57,3,0.032
26.55,1.63,1,0.005
29.39,1.3,1,0.028
37.45,3.01,2,0.393
50.66,2.56,2,0.288
23.18,1.35,1,0.037
261.14,2.99,2,0.106
37.9,14.0,2,0.077
29.4,8.83,2,0.052
60.65,3.21,2,0.386
52.73,1.76,1,0.281
31.93,1.03,1,0.0
46.54,3.33,3,0.262
203.31,1.98,2,0.1
42.48,4.03,2,0.495
32.76,11.42,2,0.098
41.52,3.28,2,0.217
34.35,5.6,2,0.364
173.2,1.48,1,0.038
62.78,3.99,3,0.484
162.73,1.96,2,0.047
21.02,3.44,3,0.29
51.91,3.66,2,0.325
184.68,2.65,2,0.033
42.77,13.03,2,0.081
68.98,2.45,2,0.372
168.7,2.88,2,0.071
25.55,1.16,1,0.039
29.21,7.91,3,0.063
15.58,0.5,1,0.031
35.82,12.73,4,0.104
31.89,2.82,1,0.412
172.56,2.09,2,0.073
228.16,1.74,2,0.039
200.65,1.93,2,0.043
51.9,1.24,2,0.292
48.62,3.1,2,0.461
177.81,1.75,2,0.015
13.79,1.45,1,0.069
37.27,10.74,3,0.088
28.24,11.94,2,0.1
24.99,2.8,2,0.202
17.38,1.14,1,0.029
47.35,2.29,2,0.493
243.19,1.46,2,0.135
23.19,12.19,4,0.083
185.83,1.85,2,0.081
41.46,7.25,3,0.077
28.73,12.19,3,0.113
32.73,6.27,3,0.099
36.06,13.88,3,0.097
178.12,2.19,1,0.029
50.35,3.81,2,0.373
40.19,11.11,3,0.134
214.7,2.7,2,0.055
208.11,1.89,2,0.055
45.3,16.08,3,0.122
16.6,0.49,1,0.0
34.88,16.01,3,0.161
46.4,3.49,2,0.398
30.99,0.98,1,0.0
175.11,1.94,1,0.04
53.94,1.72,2,0.293
34.1,10.61,2,0.093
25.3,13.12,3,0.068
31.35,13.06,3,0.046
24.06,1.42,1,0.039
23.35,9.35,2,0.078
29.05,1.5,1,0.009
44.06,13.73,3,0.0
195.62,2.52,2,0.016
30.55,2.62,2,0.41
47.42,10.39,3,0.119
52.48,1.26,2,0.43
38.98,9.37,4,0.14
47.9,3.2,2,0.436
45.11,2.77,3,0.293
208.36,2.15,1,0.076
164.87,2.57,2,0.057
47.98,2.55,2,0.367
181.97,2.05,3,0.06
42.81,3.51,3,0.35
161.51,1.75,2,0.029
39.24,3.91,2,0.434
19.14,0.78,1,0.0
24.94,0.73,2,0.021
25.97,1.46,1,0.011
19.95,0.68,1,0.055
267.9,2.0,3,0.067
45.38,2.75,2,0.396
38.41,8.58,3,0.107
204.39,2.17,2,0.093
185.48,1.3,2,0.107
250.62,1.31,1,0.001
215.73,3.15,1,0.06
29.41,1.1,1,0.042
54.71,2.7,3,0.259
37.22,10.14,4,0.073
28.82,1.41,1,0.025
41.29,11.1,4,0.079
51.47,2.88,2,0.301
35.88,1.86,2,0.388
221.35,0.87,2,0.075
42.28,13.83,3,0.08
211.36,2.39,1,0.074
201.41,2.29,1,0.052
38.1,1.62,1,0.373
31.32,15.27,3,0.143
7.2,15.72,4,0.114
21.5,0.47,1,0.042
50.9,2.1,3,0.3
45.54,3.58,2,0.397
43.51,2.76,2,0.336
24.88,1.17,1,0.042
34.53,11.35,3,0.089
36.74,11.38,3,0.108
188.21,2.08,3,0.014
34.58,9.35,3,0.125
33.42,9.61,2,0.146
186.56,2.39,3,0.04
43.74,2.15,3,0.284
30.41,14.65,2,0.038
32.18,16.52,3,0.079
33.61,11.24,3,0.058
24.47,16.21,5,0.119
198.09,1.62,3,0.07
172.46,1.78,2,0.013
44.31,1.96,2,0.401
18.43,1.85,1,0.359
159.29,3.1,1,0.077
36.93,12.63,2,0.085
194.69,1.89,2,0.027
51.49,2.62,2,0.228
36.63,10.41,2,0.059
34.99,16.2,1,0.153
163.88,2.87,3,0.101
37.42,8.1,1,0.093
215.47,2.43,2,0.07
28.42,10.29,3,0.052
48.41,3.49,2,0.346
47.06,10.81,4,0.089
30.16,1.6,1,0.049
36.52,11.86,4,0.128
194.1,1.85,3,0.059
34.03,1.04,1,0.015
30.91,17.17,3,0.125
18.42,15.28,4,0.096
185.25,2.2,3,0.084
43.83,16.01,2,0.07
33.21,12.31,4,0.013
196.68,2.74,1,0.013
38.16,14.57,3,0.152
53.48,2.97,3,0.386
47.94,1.98,2,0.456
194.02,2.18,1,0.041
217.48,2.28,2,0.092
243.3,1.71,2,0.069
42.72,13.12,4,0.076
50.39,2.52,2,0.23
162.31,1.68,1,0.061
40.42,2.6,2,0.324
53.95,3.54,2,0.305
198.82,1.69,1,0.085
41.31,2.81,2,0.229
42.61,4.03,2,0.253
20.86,0.49,1,0.028
34.54,0.64,1,0.002
222.44,1.85,2,0.051
21.36,11.37,3,0.136
41.73,15.01,4,0.082
27.13,0.52,1,0.018
51.98,3.45,2,0.358
15.87,3.2,2,0.411
216.7,1.57,2,0.059
42.18,2.74,2,0.414
28.49,0.8,1,0.014
43.81,3.31,3,0.584
51.72,2.77,1,0.412
44.67,8.24,2,0.042
182.84,1.76,2,0.072
192.76,2.42,2,0.056
194.38,1.93,3,0.023
30.64,11.54,3,0.101
34.31,16.14,3,0.065
225.79,0.85,2,0.046
193.27,1.56,2,0.032
53.13,6.7,3,0.165
182.8,1.37,2,0.005
55.17,4.65,2,0.303
27.76,1.07,1,0.004
29.25,10.82,3,0.099
210.46,0.7,1,0.095
47.28,2.26,2,0.392
33.08,3.19,2,0.238
30.23,0.63,1,0.009
35.13,11.66,3,0.049
35.85,12.82,3,0.105
176.64,1.45,2,0.102
23.88,17.84,3,0.1
53.1,2.62,1,0.297
36.1,11.83,2,0.142
154.49,2.91,2,0.048
33.92,3.0,1,0.416
17.67,0.9,1,0.01
20.45,1.39,1,0.055
30.09,14.48,3,0.12
39.64,9.23,4,0.102
44.62,14.77,2,0.063
31.91,0.84,1,0.029
139.76,0.84,3,0.0
36.8,13.49,3,0.094
30.65,0.2,2,0.018
181.88,1.73,2,0.043
22.82,13.6,3,0.071
43.87,16.99,4,0.089
150.79,2.37,3,0.062
40.26,2.73,3,0.536
119.25,3.04,1,0.116
38.51,2.42,2,0.356
38.95,1.73,2,0.287
209.7,2.25,2,0.0
50.65,2.8,2,0.342
57.61,2.29,3,0.27
31.22,9.34,4,0.137
23.68,1.66,1,0.015
38.5,3.05,2,0.298
33.13,0.2,1,0.042
28.0,7.71,3,0.067
44.72,14.79,3,0.125
30.39,0.62,1,0.006
47.6,3.6,2,0.471
31.77,13.76,2,0.104
46.29,8.93,5,0.08
217.06,0.96,2,0.085
23.08,14.82,3,0.134
39.99,1.73,2,0.255
51.28,14.46,2,0.119
38.34,12.69,3,0.115
33.38,11.99,3,0.126
20.62,13.08,3,0.115
43.94,3.54,1,0.3
28.63,13.03,2,0.121
230.38,2.34,1,0.042
53.48,3.13,2,0.322
190.81,1.82,3,0.055
245.26,2.35,1,0.0
49.34,1.91,2,0.344
31.57,3.07,2,0.333
255.68,2.06,2,0.056
131.04,1.61,1,0.004
29.93,1.01,1,0.037
155.03,1.2,2,0.03
62.75,2.04,2,0.363
40.22,13.3,3,0.071
36.75,2.8,2,0.353
193.01,1.19,2,0.123
175.32,1.17,2,0.092
34.05,10.38,3,0.156
26.97,0.47,2,0.0
22.83,0.2,1,0.027
45.02,2.8,1,0.428
212.12,2.95,2,0.089
29.94,0.76,1,0.017
39.71,12.07,3,0.081
39.87,16.93,4,0.056
182.33,0.96,1,0.051
45.5,14.31,3,0.025
35.15,2.12,2,0.414
44.24,11.39,3,0.122
24.07,0.24,1,0.051
40.1,12.99,3,0.053
44.63,2.42,2,0.296
23.29,0.88,1,0.029
37.73,2.79,1,0.242
22.65,0.52,1,0.004
40.0,10.34,3,0.159
152.63,1.98,1,0.068
40.52,1.68,1,0.039
31.17,16.68,3,0.046
199.74,2.91,2,0.056
46.59,1.86,1,0.343
33.64,0.85,1,0.02
27.15,1.49,1,0.072
211.65,1.36,2,0.08
239.98,2.62,3,0.044
137.33,2.36,2,0.018
48.3,2.51,2,0.303
26.72,16.53,5,0.093
45.02,7.58,4,0.184
18.02,10.0,3,0.105
246.43,0.91,2,0.051
209.39,2.61,2,0.103
175.47,2.37,2,0.027
238.38,2.81,1,0.014
28.79,1.81,2,0.397
233.22,1.12,3,0.116
35.67,2.78,2,0.401
175.29,2.25,2,0.079
203.93,1.96,2,0.04
30.34,12.54,3,0.075
229.58,2.46,2,0.065
45.4,2.08,3,0.35
38.6,15.45,4,0.133
32.24,15.51,3,0.162
24.64,0.91,2,0.014
173.55,1.9,1,0.065
46.8,3.35,2,0.361
51.68,3.07,2,0.448
37.44,11.53,3,0.073
37.89,11.15,3,0.11
32.42,17.1,2,0.199
24.91,1.07,2,0.014
208.12,2.76,2,0.047
52.07,2.31,2,0.353
172.07,0.72,2,0.047
36.3,7.95,4,0.118
43.29,3.84,2,0.414
40.23,6.01,3,0.154
228.3,2.54,2,0.0
159.45,1.57,2,0.043
28.74,14.69,2,0.108
27.68,1.91,3,0.335
40.97,2.66,2,0.322
37.08,11.19,3,0.075
23.4,8.03,3,0.077
190.54,1.92,3,0.036
200.25,2.27,2,0.069
37.18,1.37,1,0.027
27.17,14.11,3,0.077
49.25,12.29,3,0.135
59.17,12.1,3,0.126
23.69,14.92,3,0.13
26.04,9.68,2,0.199
38.12,4.23,2,0.336
227.99,2.85,2,0.053
242.92,1.87,1,0.0
32.75,11.69,4,0.084
50.01,3.27,2,0.402
41.2,3.63,1,0.259
41.95,2.95,2,0.366
201.75,1.86,2,0.072
45.45,11.3,3,0.138
13.67,1.55,1,0.017
48.91,3.81,2,0.541
173.01,2.6,2,0.038
21.73,1.09,1,0.017
41.79,3.73,2,0.404
33.6,12.72,2,0.073
32.2,12.39,3,0.107
43.19,2.88,1,0.296
203.5,2.36,2,0.05
20.17,1.1,1,0.01
27.55,9.02,3,0.122
46.74,2.51,2,0.435
34.87,10.5,3,0.134
19.65,0.95,1,0.032
179.72,2.95,1,0.081
162.0,2.78,3,0.022
36.36,9.6,3,0.126
195.89,1.68,3,0.116
42.39,12.01,5,0.083
28.49,10.4,4,0.077
30.81,1.71,2,0.307
273.25,2.53,1,0.0
65.05,4.0,3,0.412
28.64,2.9,2,0.364
166.45,2.59,2,0.01
24.92,0.5,1,0.001
181.32,1.44,2,0.103
29.54,8.78,5,0.079
194.73,1.81,3,0.032
237.24,2.39,1,0.014
168.09,2.8,2,0.042
56.26,7.52,3,0.064
205.55,1.31,1,0.046
17.21,1.21,1,0.036
28.12,13.9,3,0.106
26.32,1.59,1,0.02
65.96,2.8,2,0.413
31.99,0.33,1,0.037
48.52,3.3,2,0.421
194.92,2.24,2,0.053
44.51,4.41,3,0.456
60.88,3.62,2,0.413
44.45,9.61,3,0.174
168.04,1.77,2,0.078
30.53,3.89,3,0.318
39.61,12.84,4,0.099
199.28,2.51,4,0.042
28.45,2.39,2,0.329
46.54,11.79,2,0.01
30.93,12.93,2,0.096
22.58,7.74,3,0.082
30.94,9.86,3,0.078
18.83,0.95,1,0.056
218.4,2.4,3,0.031
254.21,2.56,2,0.075
33.51,8.61,3,0.104
24.62,5.21,2,0.06
33.1,12.8,3,0.099
33.94,9.74,1,0.102
31.0,1.29,1,0.055
48.18,3.98,3,0.424
57.29,2.64,3,0.241
49.39,2.21,2,0.419
20.0,5.62,3,0.141
148.4,3.94,1,0.009
197.2,1.44,2,0.054
15.11,0.66,2,0.074
52.94,1.94,2,0.383
35.57,9.56,3,0.092
39.77,19.39,3,0.124
224.16,2.37,2,0.065
39.71,2.99,3,0.523
174.32,2.18,2,0.006
220.19,2.48,2,0.002
39.26,3.88,2,0.254
18.63,1.2,1,0.021
188.28,2.61,2,0.061
187.55,2.74,2,0.028
178.73,1.87,2,0.034
22.44,9.43,2,0.071
40.8,8.54,1,0.088
31.68,4.18,3,0.386
52.44,3.09,2,0.358
255.49,2.32,1,0.029
29.39,3.84,2,0.46
26.93,1.33,1,0.022
29.9,12.82,2,0.069
172.53,2.96,1,0.04
38.9,2.29,2,0.419
42.04,12.14,3,0.107
39.89,15.11,4,0.132
34.96,11.58,3,0.095
20.13,9.75,4,0.097
41.7,11.0,3,0.194
35.98,2.73,2,0.365
34.7,11.91,3,0.155
55.27,3.28,3,0.285
45.4,3.67,1,0.379
25.69,0.37,1,0.0
245.47,1.94,3,0.0
183.68,2.94,1,0.037
23.12,11.78,3,0.093
293.68,2.39,1,0.041
189.29,0.32,2,0.0
220.04,2.36,3,0.015
248.32,1.49,2,0.03
204.02,1.63,1,0.053
194.62,1.62,2,0.103
40.96,15.97,4,0.133
189.92,2.27,2,0.0
34.81,11.99,3,0.086
184.0,3.31,3,0.03
147.46,1.51,2,0.068
188.91,1.98,1,0.066
214.29,2.08,2,0.06
30.8,0.72,1,0.024
21.59,7.15,2,0.148
31.79,17.45,2,0.097
19.26,1.13,1,0.058
205.17,2.4,2,0.065
229.04,1.17,3,0.0
232.92,2.07,2,0.013
49.93,7.02,3,0.057
34.4,8.73,2,0.088
251.92,2.0,1,0.04
19.49,0.36,1,0.028
184.94,1.7,3,0.0
24.84,0.27,2,0.024
149.32,1.96,2,0.075
33.46,14.46,2,0.144
30.83,1.15,1,0.044
40.69,12.31,2,0.099
149.75,2.32,3,0.031
26.87,2.17,2,0.207
27.46,1.1,1,0.077
223.2,2.23,2,0.043
47.77,11.68,1,0.139
47.91,2.43,1,0.352
220.87,1.64,2,0.033
200.1,2.12,2,0.029
33.45,3.97,1,0.39
201.91,2.58,3,0.018
37.09,4.13,2,0.402
34.78,15.51,3,0.135
222.28,2.03,1,0.0
49.77,2.71,2,0.261
179.65,1.9,1,0.085
241.15,1.34,2,0.087
20.02,12.39,2,0.073
26.02,0.73,1,0.044
32.41,9.24,4,0.13
37.23,1.79,2,0.346
29.16,0.88,1,0.009
272.88,2.64,2,0.083
50.5,3.4,2,0.368
26.21,1.43,1,0.012
30.32,1.12,1,0.014
68.79,1.35,1,0.365
23.01,11.35,4,0.1
46.53,3.25,3,0.304
43.53,11.38,2,0.165
26.8,1.19,2,0.036
215.4,2.26,3,0.037
50.38,2.97,1,0.487
55.92,3.22,2,0.198
32.01,14.94,4,0.078
180.16,2.28,2,0.026
210.8,1.42,2,0.05
62.25,3.26,2,0.43
52.37,1.81,2,0.27
174.01,1.8,2,0.026
47.92,3.62,2,0.347
27.24,0.45,1,0.031
29.19,2.89,2,0.331
185.94,1.61,2,0.027
205.46,2.3,3,0.051
241.67,2.24,2,0.103
17.77,0.88,1,0.035
36.73,11.66,3,0.146
28.68,9.9,2,0.093
34.15,1.26,1,0.031
241.84,2.3,2,0.088
203.3,1.13,2,0.068
33.68,1.63,1,0.055
50.95,8.01,3,0.083
165.35,0.56,2,0.034
51.36,4.26,3,0.468
33.29,0.87,1,0.043
219.57,2.25,2,0.0
28.88,14.08,2,0.159
37.57,0.38,1,0.045
31.64,1.37,1,0.01
36.54,12.67,3,0.136
173.68,1.45,3,0.066
22.51,0.64,1,0.021
253.85,2.48,2,0.074
40.25,8.62,3,0.143
215.84,1.31,2,0.073
53.88,3.45,3,0.252
32.85,11.07,3,0.049
42.76,13.33,3,0.063
136.27,2.9,3,0.094
37.0,3.46,2,0.372
36.21,12.21,3,0.097
190.65,2.9,2,0.067
19.86,13.67,2,0.072
35.49,9.26,2,0.111
203.72,2.69,1,0.0
52.9,4.48,2,0.45
28.45,11.89,3,0.156
62.62,5.12,2,0.226
26.33,11.15,3,0.097
192.45,1.61,3,0.051
36.28,12.56,2,0.154
38.28,2.41,2,0.345
30.59,13.57,2,0.02
21.74,1.07,1,0.021
47.72,15.6,4,0.147
29.56,1.07,1,0.013
25.41,10.1,2,0.071
39.55,3.03,2,0.26
17.37,1.12,1,0.023
236.61,1.71,3,0.072
18.74,0.7,1,0.034
56.69,4.02,2,0.411
38.83,2.51,3,0.334
194.22,1.86,1,0.065
42.32,3.36,2,0.266
45.26,2.98,3,0.363
40.27,12.06,2,0.125
39.37,5.48,2,0.216
144.0,2.14,2,0.09
37.56,9.01,3,0.08
37.95,14.84,2,0.086
211.16,3.75,1,0.083
23.92,1.22,1,0.062
52.21,11.45,4,0.171
186.59,2.96,3,0.036
41.12,9.84,2,0.158
152.99,2.94,1,0.048
51.29,1.91,2,0.357
45.03,12.22,3,0.14
21.72,0.8,1,0.012
11.34,1.5,1,0.0
246.55,1.92,2,0.054
27.51,3.73,3,0.211
21.41,0.67,1,0.0
49.08,3.37,2,0.432
25.68,1.57,1,0.002
222.08,2.64,2,0.043
32.11,0.77,1,0.022
24.25,0.75,1,0.033
51.31,3.82,3,0.253
51.95,3.3,2,0.346
140.14,2.17,1,0.098
40.47,3.0,3,0.271
207.3,3.0,2,0.053
54.95,4.87,2,0.397
288.16,2.5,1,0.005
25.66,9.28,2,0.085
202.41,2.03,2,0.006
36.9,10.98,4,0.088
208.12,1.75,2,0.029
40.61,1.43,1,0.028
26.63,0.39,1,0.005
38.56,12.44,4,0.104
29.38,1.48,1,0.039
55.19,2.23,1,0.38
53.89,19.13,2,0.057
270.05,2.1,1,0.061
134.6,3.04,2,0.025
181.71,2.54,3,0.083
20.61,0.63,1,0.021
43.48,3.69,3,0.317
42.53,11.93,5,0.112
29.29,0.67,2,0.024
40.52,12.85,3,0.139
38.19,12.15,3,0.094
28.69,10.53,4,0.085
33.59,11.43,2,0.078
50.94,2.59,3,0.42
31.37,2.31,2,0.206
266.01,2.56,2,0.067
199.26,2.38,3,0.048
29.51,1.82,1,0.016
26.5,12.74,2,0.058
34.22,2.29,3,0.337
46.8,2.81,3,0.393
38.35,16.89,3,0.14
35.01,14.26,4,0.066
42.26,3.44,2,0.299
35.62,0.88,1,0.002
32.73,14.9,3,0.165
213.07,2.54,2,0.1
23.19,1.28,1,0.033
39.27,9.58,2,0.009
60.49,2.92,2,0.274
170.63,3.22,2,0.05
240.28,2.23,2,0.054
195.74,1.84,2,0.0
16.06,1.14,1,0.019
185.43,1.89,2,0.036
43.67,3.08,2,0.252
40.49,3.21,2,0.492
29.58,11.34,4,0.047
27.95,1.5,1,0.029
238.55,2.09,2,0.105
32.66,1.73,1,0.184
41.88,12.38,2,0.09
53.53,3.16,1,0.451
189.23,1.31,2,0.025
31.47,3.86,3,0.324
22.82,0.8,1,0.0
156.7,1.38,2,0.054
202.58,2.31,2,0.001
43.39,7.91,3,0.049
31.07,0.64,1,0.003
26.3,1.01,1,0.0
28.41,1.21,1,0.0
29.47,1.22,1,0.024
44.23,13.25,4,0.118
231.21,1.27,1,0.054
24.25,15.06,4,0.033
224.4,1.59,1,0.044
50.58,2.41,2,0.392
261.7,2.54,2,0.022
38.29,8.49,3,0.036
25.91,0.4,1,0.011
51.31,2.33,2,0.409
58.34,2.78,2,0.406
21.92,1.0,1,0.054
178.12,2.56,2,0.08
41.57,11.57,2,0.083
33.74,10.56,2,0.0
31.71,12.88,3,0.12
194.83,1.72,2,0.061
49.45,3.27,3,0.474
208.2,2.1,3,0.078
165.36,1.98,2,0.072
188.56,2.36,3,0.0
217.23,3.15,3,0.017
38.58,13.5,2,0.056
38.03,8.65,3,0.166
48.5,8.25,3,0.213
35.92,13.15,2,0.124
23.14,1.05,1,0.006
33.37,2.67,2,0.348
222.13,2.53,2,0.038
25.73,1.84,1,0.0
158.5,2.24,2,0.061
34.31,18.22,3,0.12
17.74,1.55,1,0.012
168.27,1.7,2,0.018
231.95,1.92,3,0.066
32.68,12.77,3,0.108
189.89,3.09,3,0.026
33.06,11.86,3,0.065
26.12,1.25,1,0.015
30.82,0.85,1,0.004
33.58,1.96,3,0.286
30.44,11.02,3,0.163
30.4,10.67,3,0.097
39.65,2.31,1,0.228
41.99,10.9,3,0.111
207.82,3.01,2,0.035
147.62,1.72,3,0.018
14.98,0.74,1,0.05
51.29,2.91,2,0.435
39.93,3.4,2,0.426
191.47,1.13,1,0.024
27.52,17.1,4,0.075
44.0,2.61,3,0.353
39.28,13.31,3,0.059
54.71,1.99,1,0.359
32.03,0.87,1,0.045
37.31,11.22,3,0.111
53.63,2.29,2,0.402
51.15,2.92,2,0.416
28.08,9.64,2,0.181
188.72,1.46,2,0.05
190.76,3.45,2,0.076
26.74,1.46,1,0.005
31.79,8.28,4,0.097
43.84,2.15,2,0.523
189.34,2.14,1,0.071
33.48,3.83,2,0.41
36.68,12.84,4,0.088
22.1,1.26,1,0.027
176.26,2.96,2,0.021
226.81,1.46,3,0.03
33.51,15.35,3,0.141
199.32,2.47,2,0.032
192.94,2.66,2,0.083
185.74,2.43,2,0.078
38.93,9.1,5,0.167
190.11,1.99,2,0.085
103.66,2.82,3,0.026
170.82,1.86,1,0.043
40.19,3.86,3,0.275
220.18,2.96,3,0.085
44.93,3.86,2,0.393
35.38,6.53,2,0.12
32.94,13.29,4,0.116
33.29,6.7,3,0.1
17.54,1.26,1,0.033
157.67,2.41,3,0.037
30.87,14.39,3,0.082
31.03,13.63,4,0.0
21.75,3.86,3,0.378
27.17,0.47,1,0.038
244.43,2.25,2,0.0
30.16,10.96,3,0.093
202.35,2.54,3,0.043
38.84,9.14,4,0.116
240.33,1.93,2,0.052
44.44,12.13,2,0.127
27.25,2.36,2,0.372
29.35,11.7,4,0.054
215.92,1.4,2,0.078
30.34,8.89,3,0.074
17.95,0.93,1,0.03
48.37,2.82,2,0.419
253.13,1.53,2,0.072
39.87,13.09,3,0.168
24.56,0.88,2,0.07
39.88,4.58,2,0.356
47.47,3.85,2,0.282
234.5,2.41,2,0.031
49.02,3.65,2,0.167
236.7,2.03,2,0.048
45.71,11.86,2,0.08
33.92,10.45,3,0.102
161.76,1.3,2,0.045
39.86,12.19,2,0.108
27.8,1.9,2,0.348
52.42,3.78,2,0.417
191.13,2.05,1,0.032
203.12,2.92,2,0.037
29.73,0.56,1,0.013
180.18,3.4,1,0.053
34.34,12.98,3,0.025
49.69,3.29,2,0.305
141.64,2.8,2,0.0
143.41,0.82,2,0.036
188.91,1.98,2,0.035
228.01,2.14,2,0.065
42.48,3.8,2,0.415
23.18,1.53,1,0.037
38.63,16.85,3,0.028
41.52,3.28,2,0.27
27.61,0.94,1,0.026
192.67,2.4,2,0.035
204.21,2.6,2,0.023
54.04,3.68,1,0.287
54.18,2.84,1,0.247
39.92,7.17,3,0.11
26.12,3.49,2,0.286
256.85,1.39,2,0.008
204.99,2.14,2,0.049
172.57,2.52,2,0.076
57.34,2.51,2,0.373
23.11,14.07,5,0.09
29.16,8.53,2,0.098
27.01,1.09,1,0.005
199.34,0.71,1,0.066
20.55,0.62,1,0.028
33.0,11.53,4,0.16
225.31,1.75,3,0.02
203.09,1.97,3,0.083
249.57,2.41,2,0.049
28.42,5.26,3,0.139
149.34,1.96,1,0.09
37.48,14.45,4,0.057
222.94,2.61,2,0.0
48.92,2.32,1,0.343
196.87,1.77,2,0.017
43.92,13.64,3,0.071
18.02,1.34,1,0.0
40.9,2.63,2,0.171
49.8,2.11,3,0.269
173.16,1.62,2,0.026
31.63,0.65,1,0.0
45.74,3.06,2,0.386
155.54,2.27,2,0.001
232.69,1.88,3,0.038
39.89,12.45,3,0.14
38.36,13.77,3,0.086
202.12,2.1,2,0.026
161.11,1.44,3,0.0
242.46,2.23,2,0.022
35.06,3.7,2,0.378
49.59,13.92,4,0.109
42.79,3.78,2,0.26
37.54,14.01,2,0.092
26.1,2.25,1,0.366
13.74,0.79,1,0.023
226.76,2.03,3,0.059
167.41,2.64,2,0.084
38.32,11.59,4,0.147
46.28,3.49,2,0.289
25.86,2.91,2,0.408
184.57,1.51,2,0.015
34.88,8.56,3,0.02
26.18,11.26,2,0.084
167.18,2.35,2,0.094
29.08,1.54,1,0.028
22.11,13.51,2,0.076
20.62,7.38,1,0.05
23.03,0.88,1,0.048
166.59,1.29,2,0.0
19.21,0.7,1,0.019
24.39,11.62,2,0.122
235.95,1.48,2,0.034
40.76,11.73,2,0.095
215.08,2.41,1,0.062
24.19,0.47,2,0.039
187.68,2.49,2,0.084
32.02,8.5,2,0.068
177.95,1.08,3,0.018
51.18,11.76,2,0.12
36.6,13.07,5,0.055
190.47,2.68,2,0.106
50.11,2.75,3,0.181
35.18,12.46,3,0.085
48.49,2.45,2,0.343
48.5,3.34,3,0.292
205.62,1.53,2,0.114
43.62,1.64,2,0.378
24.38,16.33,2,0.079
22.67,12.61,2,0.138
183.51,1.45,1,0.058
53.37,1.8,2,0.288
191.59,1.54,3,0.034
48.81,13.94,3,0.035
27.3,13.1,3,0.099
51.15,3.91,1,0.271
37.97,12.54,3,0.088
37.24,3.63,2,0.354
47.23,2.44,2,0.321
192.72,1.99,2,0.019
25.55,0.96,1,0.0
33.26,11.73,3,0.093
57.95,3.26,2,0.355
28.81,11.28,3,0.047
22.65,0.81,1,0.017
26.09,0.74,2,0.015
19.7,1.27,1,0.014
35.04,2.26,2,0.527
181.49,2.02,2,0.029
27.79,1.24,1,0.0
27.15,1.35,1,0.0
36.74,12.68,3,0.16
16.98,12.54,3,0.159
21.89,14.36,2,0.107
216.69,3.09,3,0.08
59.95,4.26,2,0.388
194.22,1.94,1,0.013
205.01,1.24,2,0.051
32.16,15.13,2,0.093
49.86,14.7,4,0.12
31.83,3.96,2,0.5
41.33,2.21,1,0.419
42.55,2.39,2,0.286
141.4,2.35,2,0.057
16.85,9.54,4,0.123
45.65,3.14,3,0.294
48.57,3.6,1,0.336
25.43,11.83,3,0.146
205.26,2.52,2,0.006
30.54,20.57,5,0.023
150.07,1.1,1,0.037
38.26,3.71,3,0.431
38.82,13.23,4,0.051
253.09,2.99,4,0.082
195.92,2.12,2,0.098
147.36,1.3,2,0.063
46.53,2.47,2,0.528
210.44,1.08,3,0.081
46.05,2.78,3,0.401
22.44,1.47,1,0.053
43.34,2.95,2,0.373
205.32,1.81,2,0.054
34.98,11.6,4,0.124
130.27,1.58,1,0.072
30.7,13.31,2,0.158
51.22,2.75,3,0.345
28.49,3.0,2,0.343
36.69,3.76,2,0.171
50.97,10.09,3,0.097
187.78,2.54,1,0.06
26.22,0.53,2,0.044
15.35,0.96,1,0.076
178.11,2.91,2,0.032
44.86,3.14,1,0.28
197.34,1.05,2,0.065
9.57,1.56,1,0.029
198.9,2.26,1,0.131
228.25,2.77,2,0.026
30.85,1.6,1,0.013
269.8,1.94,2,0.054
31.5,2.79,2,0.293
23.05,1.42,2,0.021
29.33,0.79,1,0.044
26.42,13.33,2,0.169
38.33,14.08,2,0.025
62.31,2.71,2,0.118
229.6,1.72,3,0.088
27.85,14.81,4,0.122
23.7,11.46,4,0.12
64.56,2.49,2,0.38
27.46,0.2,2,0.011
38.26,11.9,3,0.176
234.19,2.26,1,0.022
22.16,12.49,3,0.129
27.59,1.04,1,0.008
23.44,1.16,1,0.054
33.49,0.96,1,0.019
39.58,1.31,2,0.266
36.46,3.57,3,0.29
32.87,8.37,4,0.046
180.9,0.2,2,0.01
47.32,1.59,3,0.31
36.81,3.12,2,0.415
32.29,3.7,2,0.507
38.62,7.53,3,0.138
27.06,14.22,3,0.127
32.53,2.32,2,0.294
20.39,9.62,3,0.116
28.61,4.19,2,0.323
56.03,3.02,3,0.269
34.21,9.67,3,0.07
188.35,1.65,3,0.0
149.04,1.79,3,0.056
31.76,12.56,2,0.091
34.92,2.56,2,0.233
39.41,10.96,3,0.07
21.03,0.89,1,0.046
20.89,0.5,1,0.036
237.62,2.2,3,0.026
20.39,14.55,4,0.135
16.59,0.74,1,0.031
46.09,2.75,2,0.398
160.59,1.61,1,0.064
232.37,2.67,2,0.085
31.94,7.41,2,0.095
52.49,2.5,3,0.496
28.86,0.98,1,0.0
19.44,1.55,1,0.048
35.58,12.03,4,0.109
165.83,2.79,3,0.05
29.63,14.29,4,0.115
25.67,0.89,1,0.01
212.41,2.55,3,0.123
221.07,2.68,1,0.07
235.04,2.41,3,0.075
27.23,1.12,2,0.027
216.9,1.93,2,0.074
40.8,12.32,3,0.16
39.36,4.2,2,0.289
149.1,1.75,2,0.047
31.29,1.11,1,0.0
46.04,2.25,1,0.306
40.17,1.37,2,0.322
55.87,2.47,3,0.464
52.9,3.13,3,0.354
207.86,2.9,2,0.122
44.41,14.42,3,0.147
25.0,1.6,1,0.033
37.78,3.64,2,0.304
51.72,2.91,2,0.454
57.44,3.25,2,0.24
180.83,2.04,2,0.091
34.01,6.21,2,0.155
210.73,2.15,2,0.07
31.03,3.14,2,0.289
32.66,13.01,3,0.062
196.99,1.34,2,0.036
45.35,11.26,3,0.113
51.39,2.97,2,0.406
190.34,2.34,1,0.041
39.36,13.87,3,0.087
18.0,1.56,2,0.026
17.13,11.23,3,0.093
231.65,0.67,1,0.0
211.41,1.57,2,0.014
44.93,3.01,2,0.401
222.8,2.21,2,0.0
29.89,15.73,2,0.064
46.69,11.87,3,0.052
29.45,3.4,2,0.465
23.68,0.48,1,0.019
189.27,0.69,2,0.061
52.61,3.19,2,0.473
24.59,1.08,1,0.014
29.83,11.5,3,0.11
31.13,11.72,6,0.144
197.51,1.45,2,0.054
160.61,1.99,2,0.016
26.6,12.14,3,0.029
38.72,2.37,2,0.425
24.78,10.33,4,0.085
220.46,2.03,3,0.068
214.11,1.85,2,0.07
198.07,2.07,3,0.066
210.28,2.46,2,0.07
39.15,13.63,3,0.146
39.22,2.75,2,0.296
235.68,1.56,2,0.036
186.93,2.1,2,0.034
182.25,2.35,1,0.11
26.55,10.12,2,0.141
29.17,3.38,2,0.309
200.54,3.01,1,0.119
34.95,11.09,4,0.106
43.17,8.8,2,0.093
30.48,11.16,2,0.074
47.16,2.09,3,0.241
190.88,2.89,2,0.07
42.58,3.29,3,0.57
61.19,2.48,3,0.548
29.41,14.96,2,0.057
28.09,8.25,3,0.116
48.29,3.28,3,0.325
257.91,1.59,3,0.053
48.07,2.81,1,0.18
233.32,1.55,1,0.082
234.22,1.81,2,0.037
39.54,2.98,2,0.217
29.6,0.33,1,0.0
28.77,12.65,1,0.098
24.93,11.86,3,0.11
55.31,2.09,2,0.329
40.82,14.82,3,0.143
49.88,15.46,3,0.061
26.44,1.75,2,0.0
180.37,3.32,3,0.03
227.57,1.91,2,0.052
142.32,1.03,2,0.128
230.4,1.03,1,0.106
50.31,2.61,3,0.343
31.42,1.31,1,0.032
32.92,10.12,2,0.095
194.29,2.76,2,0.018
206.4,1.38,2,0.02
27.29,14.2,4,0.064
45.2,2.9,2,0.356
47.22,1.15,2,0.32
17.5,10.77,3,0.111
56.78,3.4,1,0.455
23.79,1.11,1,0.013
16.62,1.98,1,0.023
20.64,14.43,4,0.056
30.85,9.53,4,0.13
53.16,3.19,3,0.383
43.47,11.59,3,0.0
197.72,1.95,2,0.015
53.27,2.59,2,0.181
29.33,20.02,4,0.083
29.17,9.62,2,0.099
36.86,12.96,3,0.076
35.38,9.29,2,0.11
32.96,11.06,3,0.115
30.21,10.85,1,0.072
36.42,9.1,5,0.039
39.27,10.41,3,0.127
22.45,1.3,1,0.053
35.66,12.19,3,0.117
40.21,11.97,2,0.086
236.09,1.75,3,0.046
35.13,10.51,2,0.134
42.67,12.9,3,0.164
30.71,3.62,2,0.245
53.78,3.48,1,0.467
45.05,4.02,2,0.237
231.99,2.7,3,0.086
168.91,2.13,3,0.027
28.37,9.55,2,0.071
164.86,1.47,1,0.018
28.77,0.9,1,0.02
48.02,2.63,2,0.35
17.98,1.13,1,0.05
194.71,1.85,3,0.101
44.54,4.37,3,0.285
22.98,11.95,1,0.162
185.58,0.66,2,0.014
50.11,1.96,2,0.26
37.16,12.77,3,0.096
28.43,8.85,3,0.104
32.32,12.1,4,0.096
36.19,13.45,2,0.093
24.87,9.89,4,0.108
146.01,2.13,2,0.06
22.81,13.37,3,0.015
21.67,15.0,3,0.147
53.13,1.76,2,0.37
195.01,2.01,2,0.077
30.99,14.54,3,0.062
14.17,0.84,1,0.019
47.2,13.25,3,0.142
21.78,0.58,1,0.045
162.51,1.87,2,0.025
19.18,12.84,3,0.017
176.62,1.2,3,0.08
17.34,1.19,1,0.057
21.39,1.24,1,0.04
48.6,3.64,2,0.331
63.16,3.71,2,0.233
21.93,15.94,4,0.087
186.24,2.02,2,0.038
22.93,0.54,1,0.012
257.03,1.88,2,0.01
207.01,1.2,2,0.049
36.46,1.7,1,0.021
42.29,13.06,4,0.13
54.42,2.64,2,0.36
202.72,1.56,3,0.048
213.72,0.6,2,0.06
40.17,10.14,3,0.0
46.81,14.16,4,0.082
47.27,2.52,2,0.21
35.85,10.3,1,0.14
32.26,11.15,3,0.13
39.84,9.48,2,0.129
22.53,0.2,2,0.014
243.87,1.1,2,0.044
48.73,8.28,4,0.17
31.21,1.15,1,0.016
35.36,11.59,3,0.142
30.1,7.31,4,0.062
45.47,3.8,2,0.303
46.67,7.69,4,0.072
241.26,1.78,2,0.021
28.34,0.61,1,0.0
42.53,2.93,2,0.508
22.64,1.14,1,0.0
42.52,4.09,3,0.369
204.53,1.94,2,0.091
26.25,11.92,2,0.105
16.21,11.21,3,0.156
28.48,15.63,3,0.141
26.63,2.03,1,0.008
36.66,13.72,2,0.02
197.46,2.28,1,0.026
272.19,1.48,2,0.044
41.49,9.01,2,0.07
223.38,1.91,3,0.013
59.16,2.68,2,0.391
29.66,2.02,3,0.46
18.2,11.88,4,0.112
167.84,2.48,3,0.069
174.06,1.91,2,0.074
55.04,2.64,1,0.196
47.94,13.64,4,0.141
36.77,0.97,1,0.029
40.21,18.68,4,0.041
252.51,2.5,1,0.06
195.05,3.08,1,0.004
38.37,11.49,2,0.131
24.66,1.12,1,0.074
209.84,1.17,2,0.021
27.48,1.1,1,0.027
44.27,17.56,3,0.096
32.6,8.5,3,0.07
26.95,2.78,2,0.407
29.71,0.54,1,0.027
41.21,13.23,3,0.082
246.06,1.67,2,0.03
21.31,3.49,3,0.386
31.35,12.89,4,0.162
32.26,9.22,4,0.134
172.24,1.63,2,0.061
46.06,13.31,3,0.111
33.4,0.87,1,0.0
38.03,2.65,2,0.309
63.08,3.48,3,0.328
206.15,2.08,2,0.06
240.95,3.0,1,0.059
25.73,0.91,1,0.039
45.55,2.3,2,0.469
224.04,1.24,3,0.047
183.36,2.14,1,0.028
48.51,4.04,3,0.194
41.74,2.47,2,0.439
19.62,0.74,1,0.031
49.37,3.87,3,0.381
21.89,9.6,3,0.143
227.63,3.4,3,0.045
246.08,3.03,2,0.062
153.76,1.9,1,0.092
31.59,8.76,3,0.102
200.74,2.78,2,0.029
40.86,12.32,4,0.042
16.19,0.84,1,0.0
34.65,3.05,1,0.274
174.78,2.03,3,0.079
67.96,3.74,3,0.391
193.46,2.48,2,0.123
210.52,0.44,3,0.068
24.55,0.89,1,0.0
23.01,0.99,1,0.0
20.37,0.95,1,0.0
39.17,1.31,2,0.285
41.08,3.05,2,0.354
39.73,16.03,2,0.172
171.5,3.07,1,0.024
25.25,1.39,1,0.015
19.42,14.2,3,0.069
43.55,3.71,2,0.389
26.17,3.35,2,0.217
29.18,2.86,2,0.331
177.63,2.46,3,0.068
59.43,1.8,3,0.339
16.78,0.8,1,0.042
187.35,1.58,2,0.039
176.28,1.39,2,0.017
218.36,2.01,2,0.049
231.18,2.08,1,0.056
245.11,1.7,2,0.044
272.3,3.05,2,0.013
32.14,0.91,1,0.044
206.26,2.58,2,0.0
221.53,1.62,2,0.058
35.22,10.01,3,0.165
239.13,2.05,2,0.0
276.51,2.12,3,0.067
40.29,14.55,4,0.142
219.19,2.94,3,0.039
37.78,11.33,3,0.15
24.18,1.48,1,0.021
32.15,12.46,3,0.086
168.56,2.42,3,0.075
59.74,1.15,3,0.217
21.19,0.2,1,0.057
48.51,7.1,2,0.147
52.72,3.11,1,0.399
23.01,0.77,1,0.0
43.24,9.22,4,0.088
168.74,2.9,2,0.038
239.08,1.9,3,0.038
158.81,1.88,2,0.066
46.81,12.13,3,0.112
46.48,3.97,1,0.466
34.21,11.49,5,0.172
36.53,9.0,4,0.113
176.38,1.29,2,0.028
174.45,2.2,1,0.075
189.59,2.31,1,0.047
35.81,13.06,4,0.115
215.35,1.14,2,0.0
186.41,2.02,2,0.099
182.65,2.86,3,0.025
36.25,9.53,1,0.096
188.3,2.89,3,0.067
234.65,3.12,1,0.065
186.04,1.87,3,0.109
19.42,15.89,2,0.11
13.7,1.09,1,0.033
23.47,0.76,2,0.022
22.89,2.24,1,0.304
58.98,4.72,3,0.422
34.34,15.6,3,0.074
55.74,13.59,4,0.089
42.1,3.26,1,0.239
28.71,10.41,3,0.026
188.52,2.02,1,0.071
28.96,1.15,2,0.327
272.28,2.51,1,0.055
38.4,2.86,2,0.404
30.14,15.2,4,0.088
42.69,8.38,4,0.101
51.19,3.73,2,0.369
187.23,2.96,2,0.018
29.52,0.84,1,0.0
26.91,11.5,3,0.065
62.99,3.94,1,0.523
23.89,0.98,1,0.04
188.52,2.43,2,0.065
211.69,0.88,1,0.0
206.84,1.8,1,0.059
151.26,2.6,2,0.027
24.59,0.41,1,0.015
33.42,3.26,2,0.38
36.44,3.72,2,0.442
48.7,2.12,2,0.329
38.16,2.75,2,0.376
249.68,2.31,3,0.091
54.46,2.41,2,0.377
34.44,16.3,3,0.067
20.26,0.61,2,0.028
42.62,2.01,3,0.316
141.07,1.96,2,0.054
38.71,3.36,2,0.474
55.92,3.05,2,0.276
162.9,1.65,1,0.037
24.72,0.79,2,0.034
209.03,2.6,3,0.0
232.29,2.41,2,0.073
41.01,3.64,2,0.305
253.6,2.31,2,0.07
42.23,3.89,2,0.349
19.73,1.66,1,0.023
51.98,3.42,2,0.189
29.91,1.16,1,0.021
51.56,3.37,2,0.517
18.98,0.58,1,0.074
38.71,13.04,2,0.084
50.17,2.57,1,0.331
45.99,9.73,3,0.085
23.01,1.13,1,0.055
239.44,1.44,1,0.043
117.29,1.76,1,0.02
215.23,2.66,2,0.068
37.15,13.6,1,0.064
147.72,2.43,2,0.066
39.0,1.77,1,0.348
40.88,2.64,1,0.243
188.12,1.75,2,0.092
178.96,2.22,2,0.03
16.05,0.5,1,0.031
175.98,0.78,2,0.08
32.29,12.51,3,0.092
226.9,2.44,2,0.046
172.74,1.55,2,0.064
37.5,11.98,3,0.049
26.38,0.91,1,0.019
43.82,11.89,4,0.093
162.28,2.08,2,0.113
38.67,10.84,2,0.128
56.56,3.61,2,0.338
15.64,0.54,1,0.013
37.74,14.24,3,0.077
228.19,2.93,3,0.056
220.84,1.63,2,0.081
37.36,2.83,2,0.294
40.89,4.32,3,0.378
213.15,2.28,1,0.008
35.28,9.98,3,0.082
227.78,2.55,1,0.073
30.48,1.09,1,0.021
243.54,3.24,1,0.037
43.8,12.49,5,0.112
48.39,3.48,2,0.343
40.61,10.07,1,0.057
42.26,12.57,3,0.058
51.76,2.58,3,0.4
32.35,13.94,2,0.122
44.7,4.25,2,0.451
23.95,1.25,1,0.0
26.06,0.74,2,0.009
29.87,0.94,1,0.022
177.0,1.5,2,0.031
162.87,1.88,1,0.075
164.84,2.32,2,0.035
30.41,1.02,1,0.023
38.29,15.14,3,0.098
42.59,2.64,2,0.402
192.93,1.91,2,0.088
40.58,13.1,3,0.081
31.32,1.59,2,0.351
30.69,11.08,4,0.151
38.14,0.78,1,0.031
30.97,11.86,2,0.09
232.2,2.57,2,0.043
37.05,4.25,2,0.267
209.48,1.89,2,0.033
26.53,10.77,3,0.072
67.12,3.3,1,0.376
28.25,1.53,1,0.042
47.78,2.25,3,0.432
60.74,2.99,2,0.279
190.08,1.88,3,0.063
258.28,1.77,2,0.062
33.06,14.04,2,0.102
19.73,0.83,2,0.052
19.12,0.53,1,0.047
174.37,2.04,2,0.034
221.14,2.75,1,0.088
235.11,2.47,2,0.05
36.77,11.21,2,0.11
246.44,2.67,2,0.111
153.31,2.18,2,0.018
27.1,2.85,2,0.342
41.99,12.3,3,0.077
37.89,12.37,4,0.132
43.11,10.89,2,0.09
31.22,12.23,3,0.106
204.49,2.0,2,0.039
259.0,1.26,1,0.041
26.14,14.37,2,0.136
28.23,9.05,2,0.119
35.0,1.4,1,0.044
43.9,15.62,2,0.0
191.25,1.53,2,0.046
31.33,0.92,1,0.056
27.45,11.34,3,0.06
215.0,1.66,1,0.054
28.11,2.63,3,0.428
18.81,1.75,1,0.004
28.09,11.99,2,0.078
34.65,3.05,2,0.28
34.35,12.32,4,0.147
22.52,1.16,1,0.045
36.08,12.38,4,0.048
33.49,11.35,4,0.084
50.25,3.35,3,0.316
249.82,2.31,2,0.064
30.37,12.15,5,0.063
49.77,2.05,2,0.208
236.96,2.36,1,0.0
41.91,12.76,3,0.144
223.07,2.52,1,0.098
20.33,0.83,1,0.01
36.16,10.21,5,0.103
50.65,11.01,4,0.131
27.42,10.72,4,0.075
45.69,2.41,3,0.131
146.89,2.39,3,0.084
28.06,0.92,1,0.058
190.45,1.93,2,0.028
25.2,12.92,3,0.111
21.12,0.51,1,0.0
27.29,1.03,1,0.03
231.98,2.13,2,0.08
42.95,3.96,2,0.304
22.91,0.89,1,0.0
37.7,17.7,2,0.128
206.12,2.1,2,0.0
190.51,3.03,3,0.008
38.76,7.69,4,0.184
41.92,12.45,2,0.027
33.64,12.6,3,0.138
41.3,2.53,2,0.418
22.93,13.93,3,0.148
155.18,1.83,2,0.031
28.4,2.56,3,0.311
38.08,13.53,4,0.127
47.79,2.66,2,0.353
34.66,3.45,2,0.427
225.73,2.06,3,0.054
17.72,8.04,2,0.183
205.54,1.39,2,0.052
45.64,8.71,4,0.103
30.64,0.59,1,0.0
54.33,2.53,2,0.249
155.91,2.3,2,0.036
38.82,8.19,4,0.118
212.63,1.39,2,0.072
38.71,3.06,1,0.19
32.2,12.22,3,0.047
191.67,2.34,2,0.038
40.36,2.37,2,0.347
183.87,1.34,3,0.097
42.74,2.49,2,0.334
19.03,0.32,1,0.0
216.55,2.35,3,0.007
238.12,2.46,3,0.04
173.1,1.89,2,0.044
26.67,1.54,1,0.053
30.53,0.33,1,0.011
34.38,12.04,2,0.141
207.3,1.8,2,0.074
48.81,3.0,2,0.348
66.23,4.19,3,0.35
40.16,15.14,3,0.164
41.87,14.11,3,0.126
36.34,9.81,3,0.102
62.29,3.03,2,0.343
45.22,3.91,3,0.283
234.31,1.41,2,0.036
201.77,1.42,2,0.017
42.54,13.7,3,0.104
243.37,1.84,2,0.053
25.01,16.47,4,0.044
32.38,3.96,2,0.312
212.98,2.46,3,0.067
27.48,0.62,1,0.021
184.48,3.2,2,0.034
65.88,2.76,2,0.417
152.55,1.71,3,0.03
27.57,2.02,2,0.378
64.38,3.26,2,0.314
230.03,1.44,3,0.053
175.15,1.45,1,0.02
34.99,12.41,3,0.11
197.04,2.17,3,0.042
39.02,3.06,2,0.425
55.58,2.2,3,0.291
43.37,15.18,2,0.136
44.75,3.7,1,0.28
176.85,1.29,1,0.068
43.98,3.0,3,0.305
186.05,2.83,1,0.058
53.6,2.65,2,0.373
38.5,8.42,3,0.095
23.64,2.32,1,0.025
189.33,1.44,3,0.07
193.71,1.6,2,0.052
39.64,11.61,3,0.012
185.19,1.52,2,0.087
50.6,3.05,2,0.318
44.53,3.55,2,0.412
46.68,13.83,4,0.101
42.73,2.62,3,0.485
44.67,4.44,4,0.09
258.03,1.89,2,0.011
59.79,3.19,2,0.309
18.57,9.6,3,0.066
36.63,1.77,1,0.297
36.22,3.68,2,0.346
32.22,1.44,2,0.043
33.86,13.48,3,0.163
28.43,0.81,1,0.017
196.44,3.01,2,0.007
33.19,3.4,2,0.435
27.51,0.84,1,0.047
56.66,2.33,1,0.326
39.47,11.83,2,0.079
61.01,4.05,2,0.401
218.48,2.3,2,0.066
36.1,3.15,2,0.338
18.2,0.99,1,0.0
10.97,1.37,1,0.026
276.84,1.85,2,0.057
35.09,17.98,3,0.141
21.34,1.23,1,0.033
134.97,1.34,2,0.027
178.5,2.55,3,0.081
43.12,4.25,3,0.28
39.95,2.72,2,0.433
44.99,13.02,3,0.09
200.03,1.34,3,0.048
29.63,2.36,2,0.164
35.8,5.14,3,0.43
50.82,2.23,2,0.184
69.02,2.91,3,0.306
42.99,2.5,2,0.358
159.18,2.59,3,0.06
196.96,1.95,2,0.062
45.21,4.37,2,0.317
227.35,2.24,1,0.021
229.76,1.8,2,0.058
50.71,14.72,2,0.066
32.6,12.59,3,0.075
188.01,2.03,3,0.064
37.16,7.93,4,0.109
21.11,0.8,1,0.032
35.94,11.93,4,0.038
22.72,11.45,3,0.061
225.06,2.91,2,0.041
238.85,2.04,2,0.009
22.54,11.22,4,0.066
45.77,3.01,3,0.411
251.17,1.31,1,0.056
217.01,2.99,2,0.0
23.34,14.96,3,0.073
227.49,1.83,2,0.07
34.62,10.32,4,0.093
22.52,1.18,1,0.019
27.26,14.46,3,0.074
235.35,0.77,1,0.009
40.55,10.84,4,0.124
106.48,1.75,2,0.072
36.66,12.53,4,0.046
195.18,0.98,2,0.01
218.37,3.09,2,0.069
162.37,1.78,2,0.0
21.12,0.92,1,0.075
28.57,10.89,2,0.153
20.55,1.01,1,0.011
35.85,3.93,1,0.309
225.76,2.92,1,0.0
211.29,1.69,2,0.077
167.32,2.1,2,0.049
25.54,1.21,1,0.037
19.83,0.56,2,0.008
236.73,1.27,3,0.062
161.8,2.22,2,0.019
23.14,1.28,2,0.014
40.95,1.31,2,0.459
21.71,0.79,1,0.027
31.06,1.06,1,0.027
53.0,3.74,2,0.327
37.74,11.58,2,0.035
204.41,1.9,2,0.058
145.99,1.67,2,0.073
53.79,3.99,2,0.398
207.19,2.66,1,0.069
78.37,4.46,3,0.366
219.1,2.72,2,0.048
160.25,1.65,2,0.0
37.0,15.43,3,0.082
49.11,2.69,3,0.452
21.5,1.39,1,0.006
27.44,13.01,3,0.126
42.44,13.05,4,0.163
234.28,2.07,1,0.059
18.47,0.96,1,0.057
216.38,1.95,3,0.07
46.13,4.08,3,0.157
18.78,0.86,1,0.026
239.0,1.51,2,0.027
39.41,2.8,2,0.338
39.18,2.99,3,0.31
30.13,3.15,1,0.348
41.75,6.95,4,0.135
33.57,10.7,2,0.16
205.82,2.38,3,0.033
54.09,11.33,5,0.134
27.64,0.27,1,0.03
29.51,11.69,3,0.124
226.15,2.07,3,0.054
40.18,12.09,4,0.098
38.87,14.1,3,0.09
16.7,1.04,1,0.0
42.91,17.22,4,0.134
25.18,14.2,3,0.066
50.87,3.21,2,0.357
25.16,0.91,1,0.07
35.73,11.55,3,0.113
66.78,3.34,1,0.35
52.52,1.99,2,0.423
14.07,10.27,4,0.083
233.19,1.29,2,0.048
211.6,1.91,1,0.081
32.57,10.38,2,0.091
170.55,1.51,1,0.011
19.34,11.73,3,0.05
242.14,1.57,3,0.07
30.57,1.52,1,0.026
198.58,2.89,1,0.059
64.24,2.55,2,0.208
37.11,9.37,3,0.085
21.32,3.73,2,0.455
10.67,10.59,3,0.111
221.32,1.12,4,0.013
182.01,2.1,1,0.021
203.6,2.37,3,0.025
245.56,2.13,2,0.041
180.19,1.66,2,0.027
203.32,2.32,1,0.06
49.05,14.43,4,0.116
231.0,1.64,2,0.021
34.98,0.73,1,0.0
41.39,12.11,4,0.108
176.59,1.15,2,0.052
43.74,3.17,2,0.264
33.35,12.47,3,0.111
46.1,8.95,3,0.188
57.05,2.44,2,0.45
197.28,2.13,3,0.034
219.46,0.82,1,0.038
49.31,2.83,1,0.321
28.66,0.68,2,0.055
45.01,10.25,3,0.071
43.73,13.42,3,0.092
34.68,2.75,2,0.258
38.45,14.48,4,0.143
61.59,3.38,2,0.414
32.97,15.81,3,0.124
29.24,0.91,1,0.042
18.78,1.04,1,0.0
31.41,1.54,1,0.0
40.36,4.08,1,0.479
14.45,1.04,1,0.03
190.11,1.51,2,0.055
61.77,2.76,1,0.424
32.45,0.83,1,0.055
230.65,0.47,1,0.056
15.67,0.92,1,0.01
29.08,9.61,4,0.084
187.97,1.41,2,0.066
37.22,2.95,2,0.304
176.19,1.55,3,0.041
36.53,12.31,3,0.083
185.41,1.39,2,0.066
38.38,14.0,4,0.0
39.49,11.67,3,0.136
38.18,2.69,1,0.416
27.98,14.28,3,0.159
38.24,10.3,3,0.058
28.42,14.23,4,0.123
158.34,2.48,1,0.112
201.13,2.74,2,0.0
180.79,1.8,2,0.083
46.59,11.05,3,0.086
30.42,12.67,4,0.086
218.53,2.4,2,0.053
26.3,1.5,1,0.041
28.27,12.15,4,0.137
40.41,2.41,1,0.35
36.66,3.26,1,0.385
37.6,0.91,1,0.032
31.15,13.5,4,0.113
39.52,3.44,2,0.333
42.57,3.8,2,0.403
183.17,1.08,2,0.028
38.13,7.4,3,0.071
39.98,4.42,2,0.452
226.56,2.45,2,0.059
52.72,11.42,5,0.161
43.95,11.27,3,0.109
44.15,2.41,2,0.321
196.95,1.63,3,0.06
213.86,1.74,2,0.071
44.28,3.43,2,0.487
32.59,12.29,2,0.081
61.95,1.63,2,0.316
12.48,1.61,1,0.018
146.8,2.77,1,0.072
21.32,1.25,1,0.005
31.18,2.87,2,0.228
229.66,1.95,3,0.033
29.46,0.44,1,0.01
38.05,3.48,2,0.46
229.14,2.78,2,0.053
201.42,0.92,3,0.024
39.3,7.89,4,0.063
59.85,2.46,2,0.31
19.24,1.2,1,0.011
35.37,3.44,2,0.368
34.46,11.62,2,0.079
32.23,10.19,3,0.073
209.41,2.74,2,0.019
18.79,9.19,3,0.102
187.79,3.5,2,0.082
31.66,0.83,1,0.034
43.93,10.48,4,0.116
198.95,1.81,2,0.0
23.17,0.83,1,0.023
51.66,2.66,2,0.302
32.9,13.41,4,0.029
207.85,2.17,2,0.079
40.04,6.3,4,0.083
175.13,1.01,2,0.037
165.87,1.74,3,0.058
36.44,2.91,2,0.18
53.63,3.41,1,0.355
39.61,2.31,1,0.384
25.0,0.69,1,0.017
176.29,2.35,2,0.011
51.63,3.56,2,0.266
29.16,0.93,1,0.03
45.82,2.81,2,0.358
46.22,3.97,2,0.313
36.75,4.56,2,0.334
22.81,14.4,3,0.076
137.63,3.62,1,0.0
38.16,15.52,3,0.099
192.36,2.08,1,0.093
62.98,4.48,2,0.413
40.02,3.28,1,0.33
25.8,11.56,4,0.064
57.4,13.15,1,0.105
201.69,2.52,3,0.069
28.57,2.84,2,0.276
36.86,8.0,3,0.068
32.87,1.33,1,0.054
22.03,0.54,1,0.046
36.97,0.98,1,0.043
49.99,3.83,2,0.4
58.17,2.67,2,0.369
227.57,1.87,3,0.051
38.01,12.22,4,0.077
32.8,10.14,3,0.059
34.07,2.56,3,0.536
54.04,4.39,2,0.457
33.08,12.3,2,0.17
36.86,0.88,1,0.018
169.54,1.68,2,0.046
61.52,3.83,2,0.301
193.21,2.33,2,0.074
49.73,14.16,4,0.105
185.15,1.57,3,0.0
48.05,11.42,3,0.143
180.62,1.56,2,0.021
238.88,2.18,3,0.077
202.67,1.99,2,0.031
209.98,1.57,2,0.069
34.93,14.35,2,0.067
43.6,16.54,4,0.047
57.72,3.7,1,0.371
33.33,14.89,4,0.107
51.06,1.61,2,0.322
151.09,1.73,2,0.057
42.91,0.2,1,0.325
17.77,0.97,2,0.025
31.05,9.41,4,0.09
47.16,2.69,1,0.351
24.29,10.96,4,0.129
250.35,1.79,2,0.034
42.49,2.61,3,0.336
17.97,13.89,3,0.15
220.32,2.32,3,0.043
26.07,0.47,1,0.021
30.85,3.83,1,0.309
38.37,10.71,4,0.089
43.33,10.81,2,0.071
203.8,1.32,3,0.081
16.63,1.27,1,0.018
16.28,1.46,1,0.005
229.0,2.94,2,0.078
196.52,2.69,2,0.063
248.17,2.17,2,0.071
28.4,4.13,2,0.25
34.5,7.04,2,0.123
188.94,2.03,2,0.063
220.21,1.43,3,0.048
59.26,7.81,4,0.056
48.65,13.07,3,0.106
28.11,0.61,2,0.013
42.22,3.86,2,0.397
173.77,1.96,3,0.076
40.76,11.91,3,0.15
54.02,13.85,3,0.042
25.89,0.24,2,0.036
42.03,15.51,4,0.209
186.37,2.1,2,0.064
158.95,1.57,2,0.022
240.46,2.33,1,0.063
170.82,1.51,3,0.056
20.03,1.55,1,0.0
15.69,14.87,3,0.074
57.55,2.78,2,0.324
233.49,1.36,3,0.0
22.46,14.29,4,0.142
39.08,15.36,3,0.127
201.79,2.1,2,0.004
38.35,9.87,4,0.084
216.68,1.97,1,0.0
190.5,1.66,3,0.047
169.59,2.07,1,0.071
35.36,12.46,3,0.056
33.57,2.71,2,0.284
27.86,1.37,1,0.05
47.32,2.33,3,0.491
24.98,0.56,1,0.074
48.37,11.47,4,0.025
45.37,2.29,2,0.319
42.89,3.37,2,0.357
45.37,11.76,3,0.11
21.24,0.79,1,0.021
43.23,2.15,2,0.279
36.49,3.56,2,0.353
60.94,3.61,2,0.354
26.22,1.75,2,0.0
234.03,2.4,2,0.0
20.97,2.21,1,0.021
215.43,1.47,2,0.073
39.33,13.3,4,0.058
248.96,2.41,2,0.042
29.36,11.44,4,0.094
42.29,4.14,2,0.252
210.31,2.35,2,0.023
19.87,0.43,1,0.026
27.27,1.19,2,0.388
44.43,9.24,3,0.112
44.07,2.96,1,0.252
30.05,15.43,3,0.126
37.16,14.82,3,0.138
52.48,3.35,2,0.352
162.48,1.4,3,0.024
30.47,1.23,1,0.021
27.3,13.42,4,0.042
48.93,10.21,2,0.092
28.22,16.02,4,0.044
204.24,2.35,2,0.0
208.69,2.44,2,0.062
28.89,2.02,2,0.377
209.83,1.97,3,0.047
44.07,12.07,2,0.081
24.71,12.68,3,0.127
34.8,13.87,3,0.072
18.58,11.82,2,0.182
44.1,3.69,2,0.501
177.31,1.86,2,0.089
179.43,2.18,1,0.049
21.69,1.14,2,0.04
40.15,11.74,2,0.099
34.19,0.95,1,0.036
23.9,12.63,3,0.076
35.56,2.3,2,0.429
181.09,1.98,2,0.086
47.21,2.89,1,0.256
37.68,14.21,2,0.159
32.72,10.1,4,0.106
29.93,1.5,1,0.043
53.34,2.15,3,0.286
188.47,2.45,3,0.09
21.43,1.21,1,0.008
34.08,9.75,3,0.037
29.14,14.28,3,0.153
36.95,11.82,2,0.137
43.43,9.21,2,0.13
21.39,15.24,2,0.153
26.44,13.36,3,0.163
228.78,1.46,2,0.061
26.59,15.33,2,0.098
59.49,3.55,2,0.252
206.07,2.22,1,0.029
28.87,0.89,1,0.039
22.95,7.89,3,0.103
30.01,14.37,3,0.09
33.47,2.16,2,0.319
33.46,14.33,4,0.108
37.34,0.2,1,0.025
32.89,3.65,1,0.435
14.49,1.39,1,0.034
59.03,11.73,2,0.12
202.38,1.69,2,0.064
35.6,14.45,4,0.079
30.54,2.68,3,0.48
227.95,2.53,2,0.025
161.32,1.21,1,0.059
218.97,2.03,2,0.086
43.24,3.14,1,0.389
32.24,13.57,3,0.013
243.48,1.99,3,0.098
62.39,3.68,3,0.499
19.46,0.83,1,0.035
165.33,1.39,3,0.053
50.21,15.01,3,0.048
39.53,13.14,4,0.076
44.44,1.52,3,0.287
39.37,13.44,1,0.116
40.98,13.91,2,0.157
32.19,13.33,4,0.107
44.97,11.59,4,0.154
178.59,1.56,3,0.07
38.03,3.51,2,0.367
41.98,10.3,3,0.151
38.42,3.97,1,0.371
26.3,1.02,1,0.008
218.42,2.84,2,0.044
202.95,1.38,2,0.057
55.28,3.8,1,0.358
24.66,1.6,1,0.226
40.75,3.94,3,0.274
32.78,15.48,2,0.104
156.49,2.64,1,0.066
179.75,1.96,1,0.034
13.76,0.43,1,0.022
180.78,2.08,2,0.025
43.87,2.94,2,0.348
246.99,2.79,2,0.0
48.62,3.06,2,0.371
35.51,3.51,2,0.415
36.42,0.49,1,0.025
47.97,2.73,2,0.316
148.01,1.77,1,0.039
36.72,14.97,3,0.095
50.47,3.89,1,0.414
32.57,9.75,3,0.127
27.12,11.21,4,0.114
34.25,9.36,4,0.104
41.16,11.52,4,0.124
34.16,1.01,1,0.012
17.7,1.1,1,0.008
25.82,1.31,1,0.015
32.3,16.69,4,0.0
40.15,1.2,1,0.004
31.94,9.67,2,0.086
40.43,15.19,4,0.032
185.85,1.42,2,0.018
30.91,11.32,3,0.129
46.93,2.56,2,0.289
26.92,0.87,1,0.036
138.74,2.04,1,0.042
48.37,10.8,3,0.097
20.48,0.84,1,0.007
45.47,2.54,2,0.211
52.67,3.03,2,0.387
28.56,2.26,1,0.288
218.78,2.19,1,0.026
153.44,2.26,1,0.013
44.26,12.54,2,0.162
230.1,2.88,2,0.021
55.37,3.29,2,0.307
190.59,3.02,1,0.054
28.08,1.59,1,0.022
41.97,5.51,3,0.411
22.77,13.7,4,0.032
57.06,1.89,2,0.447
216.89,1.79,1,0.069
36.68,4.46,2,0.349
37.3,9.81,2,0.176
20.52,0.71,1,0.024
51.49,13.38,3,0.125
53.36,2.67,2,0.437
58.34,3.32,4,0.29
194.87,3.43,2,0.069
31.48,10.66,3,0.088
56.08,4.38,2,0.391
42.13,2.45,3,0.286
36.7,4.19,2,0.333
121.07,2.92,2,0.099
14.19,9.39,2,0.028
45.86,3.62,2,0.258
48.47,2.82,2,0.498
49.73,2.89,2,0.358
51.56,4.26,2,0.485
231.31,1.88,1,0.063
38.83,3.9,1,0.373
56.87,4.28,2,0.416
34.46,13.16,3,0.089
240.75,1.9,2,0.098
185.08,1.47,2,0.107
185.53,2.08,2,0.052
54.21,3.11,1,0.518
39.75,2.16,2,0.393
37.06,5.81,5,0.058
210.57,1.96,1,0.029
27.8,0.89,1,0.004
38.35,12.85,2,0.13
52.11,4.78,1,0.453
36.66,10.21,4,0.088
155.38,1.17,2,0.048
159.95,3.34,2,0.071
49.15,2.4,2,0.238
29.66,1.31,1,0.033
13.72,0.51,1,0.014
38.1,3.74,2,0.427
190.8,2.08,2,0.057
25.88,14.98,3,0.139
215.48,1.44,1,0.053
34.62,0.33,1,0.041
24.28,0.92,1,0.019
203.55,2.25,1,0.045
26.4,11.58,2,0.133
40.48,3.32,2,0.361
49.73,3.07,3,0.217
36.72,11.04,2,0.134
43.99,2.12,2,0.316
48.96,3.54,2,0.466
27.49,0.74,1,0.007
35.11,12.1,3,0.167
184.21,2.81,2,0.0
43.1,11.92,3,0.061
16.79,16.63,3,0.161
220.18,1.09,2,0.028
38.41,13.54,4,0.081
33.0,0.61,1,0.042
49.69,16.45,3,0.135
115.68,1.32,2,0.045
29.93,12.68,3,0.067
52.6,2.85,2,0.235
151.7,2.27,2,0.03
38.95,13.45,4,0.132
47.95,14.11,2,0.096
30.0,0.63,1,0.025
44.81,4.0,1,0.397
41.77,2.45,3,0.491
247.45,2.8,2,0.029
20.04,1.82,1,0.0
187.5,1.84,2,0.051
49.61,4.17,2,0.472
37.83,2.1,1,0.52
31.86,2.92,3,0.326
17.57,1.65,2,0.02
221.77,2.69,2,0.048
176.11,2.04,3,0.037
33.91,2.11,2,0.272
114.82,1.46,2,0.047
212.61,1.44,2,0.1
194.58,1.86,3,0.022
52.33,2.25,2,0.367
46.67,9.94,2,0.126
191.33,2.02,3,0.055
220.08,1.91,2,0.017
219.86,1.42,2,0.059
206.85,2.82,2,0.06
167.51,1.99,2,0.077
24.67,1.44,1,0.023
188.09,2.24,1,0.035
23.43,0.97,1,0.043
275.61,1.44,1,0.045
32.24,10.61,5,0.111
195.94,2.25,2,0.105
29.29,2.87,3,0.33
37.13,11.83,3,0.103
177.0,2.76,1,0.112
193.71,2.2,2,0.048
27.37,13.99,3,0.086
25.58,3.89,2,0.259
36.07,15.02,2,0.159
32.73,14.02,3,0.048
34.67,3.35,2,0.295
241.87,1.42,2,0.045
35.85,15.75,2,0.012
186.72,2.45,2,0.0
145.1,1.74,1,0.051
34.09,0.2,2,0.037
54.93,3.71,2,0.345
33.66,12.65,4,0.071
22.23,1.48,1,0.059
37.49,1.07,2,0.0
36.37,3.18,1,0.294
37.66,12.76,3,0.036
57.24,4.44,2,0.283
32.64,11.55,1,0.094
18.1,1.12,1,0.001
48.76,2.74,3,0.234
29.89,3.01,2,0.326
45.58,2.82,2,0.261
43.44,2.96,3,0.254
61.87,2.81,2,0.13
69.65,3.94,1,0.361
215.68,3.43,2,0.059
25.26,0.58,1,0.044
164.83,2.32,2,0.042
44.11,2.76,1,0.299
162.37,2.65,2,0.023
43.05,13.03,3,0.097
224.61,1.2,3,0.079
36.42,1.58,1,0.02
31.68,14.79,2,0.093
189.99,1.99,2,0.0
34.2,1.6,1,0.0
35.32,14.59,3,0.084
207.61,1.04,2,0.069
35.79,2.39,2,0.367
36.56,12.88,4,0.072
230.06,1.25,2,0.0
62.01,2.94,2,0.53
207.75,3.16,3,0.026
26.12,10.04,3,0.049
36.44,11.55,4,0.11
