AvgOrderValue,PurchaseFrequency,NumProductCategoriesShoppedIn,AvgDiscountUsed,Cluster
23.84,1.28,1,0.02,2
185.29,1.94,2,0.017,1
40.77,2.3,2,0.285,3
43.39,4.22,2,0.402,3
28.85,11.21,4,0.076,0
45.74,2.8,2,0.278,3
167.78,1.75,2,0.045,1
46.33,1.91,2,0.238,3
53.59,3.57,1,0.339,3
41.23,14.76,4,0.133,0
26.54,10.28,2,0.129,0
52.64,2.37,3,0.388,3
196.62,1.75,2,0.033,1
161.81,3.6,3,0.05,1
45.57,3.15,2,0.502,3
36.56,3.13,2,0.341,3
30.37,17.61,2,0.063,0
37.48,12.22,3,0.06,0
36.43,10.13,2,0.117,0
166.91,2.38,1,0.072,1
204.96,3.34,2,0.051,1
37.82,1.98,2,0.289,3
36.92,9.34,3,0.087,0
207.01,1.54,2,0.005,1
34.99,12.11,3,0.039,0
29.47,3.52,3,0.358,3
29.37,12.16,3,0.133,0
44.19,8.2,3,0.109,0
212.5,2.58,2,0.001,1
46.2,3.47,1,0.343,3
47.99,2.5,3,0.33,3
28.14,11.27,3,0.071,0
42.02,9.93,2,0.109,0
39.38,9.29,3,0.167,0
156.83,2.3,2,0.028,1
187.69,1.96,2,0.093,1
28.0,1.02,1,0.018,2
35.65,11.04,2,0.102,0
213.2,1.35,2,0.027,1
168.08,2.74,3,0.076,1
30.73,14.12,2,0.131,0
194.59,1.75,1,0.048,1
232.12,2.44,1,0.099,1
36.33,1.17,1,0.015,2
198.82,0.4,1,0.081,1
35.32,12.65,4,0.132,0
22.44,12.87,2,0.125,0
216.23,1.8,1,0.044,1
27.13,8.69,1,0.085,2
29.49,10.71,4,0.152,0
218.95,2.32,1,0.0,1
24.82,8.01,4,0.092,0
29.21,0.98,1,0.036,2
38.34,14.43,4,0.172,0
22.71,0.45,2,0.018,2
30.81,3.3,1,0.295,3
41.57,2.26,2,0.396,3
38.32,11.08,4,0.086,0
48.82,10.01,3,0.055,0
33.3,11.93,3,0.107,0
213.05,2.68,2,0.109,1
178.57,1.15,3,0.045,1
34.21,1.29,1,0.038,2
15.2,11.94,2,0.047,0
19.54,0.96,1,0.0,2
28.21,1.33,1,0.016,2
45.72,2.84,2,0.376,3
49.3,10.83,3,0.199,0
181.86,3.1,3,0.059,1
201.13,2.01,1,0.027,1
21.17,0.45,1,0.046,2
37.2,8.84,4,0.132,0
231.48,1.57,3,0.054,1
26.75,0.3,1,0.007,2
27.84,9.95,2,0.091,0
27.21,0.81,1,0.032,2
21.32,0.65,1,0.011,2
204.15,1.64,2,0.079,1
50.29,2.75,2,0.323,3
27.7,3.12,1,0.343,3
206.08,1.08,2,0.06,1
200.02,3.0,2,0.059,1
190.99,2.54,1,0.106,1
31.84,2.86,2,0.368,3
32.63,4.33,2,0.341,3
28.88,9.95,2,0.159,0
40.94,2.43,2,0.327,3
54.13,3.68,2,0.404,3
44.39,3.74,2,0.356,3
30.49,1.26,2,0.0,2
41.09,13.92,3,0.082,0
179.23,1.83,1,0.064,1
28.55,14.17,3,0.03,0
162.04,2.02,2,0.047,1
31.22,13.06,4,0.074,0
53.84,2.35,2,0.296,3
37.93,12.92,3,0.099,0
33.57,9.99,4,0.151,0
44.34,4.7,2,0.283,3
189.26,2.42,2,0.022,1
188.79,2.33,2,0.029,1
202.51,1.16,2,0.042,1
174.82,0.97,2,0.076,1
226.84,1.91,2,0.003,1
41.12,8.96,2,0.0,0
42.23,7.51,3,0.02,0
37.92,13.82,2,0.117,0
29.57,1.05,1,0.012,2
42.65,12.23,2,0.135,0
34.59,13.55,3,0.111,0
210.52,2.34,1,0.084,1
39.23,9.58,3,0.128,0
222.18,2.28,3,0.073,1
24.76,0.74,1,0.046,2
49.23,2.8,1,0.394,3
235.11,1.03,2,0.049,1
44.88,13.95,3,0.052,0
31.92,12.01,3,0.013,0
48.97,15.77,4,0.022,0
18.79,3.43,2,0.381,3
28.55,0.97,1,0.014,2
49.71,11.94,4,0.085,0
28.68,7.92,3,0.08,0
29.93,14.91,2,0.145,0
183.69,1.83,2,0.03,1
50.71,2.97,2,0.345,3
17.6,11.58,3,0.025,0
24.58,1.92,1,0.038,2
43.1,4.52,2,0.43,3
183.06,2.13,3,0.041,1
32.44,0.68,1,0.017,2
40.86,14.93,2,0.033,0
53.39,2.22,2,0.382,3
194.52,1.23,3,0.081,1
33.22,13.51,2,0.091,0
43.67,3.69,2,0.399,3
189.73,1.61,1,0.067,1
40.47,1.65,2,0.336,3
43.26,17.17,4,0.091,0
40.38,11.27,3,0.116,0
22.99,3.72,3,0.236,3
176.45,3.0,2,0.038,1
39.17,7.54,4,0.054,0
39.27,12.1,2,0.113,0
180.86,1.82,2,0.075,1
30.79,15.73,4,0.07,0
181.82,2.16,2,0.029,1
48.66,14.6,3,0.114,0
42.86,3.26,2,0.203,3
45.64,8.82,1,0.128,2
164.41,1.95,2,0.048,1
33.33,3.29,2,0.297,3
34.13,10.92,4,0.063,0
23.48,0.64,1,0.032,2
48.71,4.11,2,0.4,3
45.49,3.59,2,0.423,3
28.65,4.3,2,0.125,2
35.65,17.38,3,0.093,0
33.52,11.23,4,0.08,0
39.93,11.21,2,0.079,0
51.38,3.1,1,0.232,3
54.22,2.45,2,0.288,3
30.57,10.41,3,0.169,0
39.51,14.73,3,0.141,0
59.91,3.03,2,0.419,3
42.41,3.43,2,0.461,3
174.36,0.71,1,0.005,1
169.67,2.47,3,0.063,1
17.94,3.66,1,0.261,3
243.73,2.53,2,0.031,1
32.41,13.42,2,0.156,0
191.42,1.1,2,0.053,1
23.81,0.52,1,0.034,2
36.02,12.85,3,0.161,0
219.06,1.81,2,0.055,1
236.06,1.6,2,0.081,1
211.19,2.45,2,0.073,1
51.72,2.97,2,0.218,3
50.15,3.73,2,0.411,3
196.13,1.33,2,0.036,1
195.88,2.08,2,0.049,1
47.68,3.68,3,0.259,3
18.47,4.38,2,0.236,3
25.26,2.75,2,0.301,3
35.24,1.39,1,0.0,2
51.84,2.59,3,0.353,3
204.46,1.93,2,0.047,1
55.03,3.1,2,0.407,3
29.35,9.02,3,0.198,0
32.36,1.35,1,0.031,2
184.76,1.01,2,0.047,1
31.42,1.44,1,0.037,2
189.52,1.89,2,0.047,1
219.8,2.32,2,0.058,1
32.83,8.95,3,0.027,0
193.61,0.42,1,0.019,1
19.34,1.13,1,0.048,2
37.72,9.92,4,0.128,0
41.02,11.69,3,0.07,0
24.29,0.91,1,0.05,2
35.91,11.85,2,0.041,0
17.08,1.62,2,0.0,2
53.02,2.36,2,0.29,3
74.54,2.45,1,0.427,3
230.9,2.8,1,0.085,1
41.97,3.03,3,0.33,3
222.88,2.49,3,0.037,1
47.25,2.35,1,0.295,3
45.6,3.5,3,0.458,3
27.13,11.91,2,0.056,0
222.2,1.59,2,0.076,1
137.58,2.29,2,0.092,1
33.2,10.93,2,0.029,0
54.83,1.8,2,0.352,3
199.46,2.83,3,0.038,1
22.61,0.96,1,0.037,2
51.22,4.42,2,0.407,3
28.69,14.14,2,0.129,0
39.96,1.71,1,0.375,3
49.67,3.71,1,0.259,3
192.07,1.48,2,0.018,1
33.13,11.28,3,0.157,0
196.4,1.54,1,0.04,1
190.99,1.8,1,0.054,1
223.49,2.18,2,0.004,1
33.48,3.69,2,0.337,3
237.81,1.69,3,0.0,1
156.81,1.99,3,0.063,1
33.46,4.13,2,0.345,3
23.05,0.71,1,0.011,2
33.01,16.75,4,0.095,0
191.62,2.53,1,0.116,1
36.33,11.8,5,0.131,0
48.6,11.66,4,0.078,0
52.12,2.93,2,0.377,3
222.61,1.9,2,0.063,1
36.49,11.89,4,0.122,0
18.31,0.79,1,0.018,2
209.47,2.19,2,0.105,1
203.85,2.86,2,0.096,1
197.68,2.02,2,0.07,1
25.03,11.81,2,0.094,0
20.79,0.81,2,0.0,2
214.99,1.67,1,0.085,1
28.67,10.82,2,0.059,0
222.66,1.63,3,0.065,1
39.76,3.61,2,0.2,3
23.41,0.87,1,0.007,2
164.32,2.68,3,0.043,1
162.21,2.14,1,0.039,1
21.61,1.28,1,0.025,2
163.08,1.95,2,0.012,1
216.12,2.29,1,0.107,1
23.09,3.83,2,0.307,3
34.86,1.41,1,0.0,2
59.14,3.12,2,0.409,3
41.56,10.67,3,0.06,0
48.07,3.68,2,0.377,3
45.08,2.3,2,0.386,3
210.07,1.57,1,0.02,1
195.49,1.33,2,0.082,1
42.97,6.54,3,0.057,0
261.04,3.31,1,0.023,1
52.69,2.0,1,0.322,3
44.61,0.82,2,0.412,3
52.08,14.67,4,0.052,0
259.28,2.03,3,0.07,1
14.61,0.92,2,0.0,2
162.61,1.02,3,0.069,1
176.29,1.56,2,0.007,1
27.36,3.51,2,0.317,3
48.31,3.63,3,0.369,3
40.37,10.13,2,0.128,0
226.72,2.15,2,0.078,1
22.69,1.8,1,0.033,2
47.99,3.44,1,0.222,3
38.78,10.17,3,0.114,0
189.79,1.68,2,0.064,1
57.43,2.42,2,0.267,3
37.37,3.2,2,0.27,3
232.93,1.32,1,0.025,1
213.63,1.81,1,0.006,1
42.16,4.01,3,0.176,3
47.11,19.36,3,0.062,0
44.75,3.34,2,0.383,3
184.86,1.78,2,0.082,1
34.57,2.17,2,0.359,3
35.19,14.86,4,0.101,0
180.14,2.25,2,0.091,1
36.16,13.94,4,0.027,0
35.48,11.46,4,0.174,0
24.47,1.3,2,0.023,2
237.16,2.19,3,0.061,1
51.72,2.53,2,0.415,3
34.77,2.83,2,0.365,3
34.47,0.76,1,0.044,2
18.34,15.95,4,0.027,0
204.02,2.82,1,0.079,1
186.24,2.74,3,0.087,1
20.38,1.19,1,0.04,2
35.56,1.86,2,0.156,2
37.43,11.38,3,0.162,0
193.73,1.32,2,0.101,1
192.55,1.66,2,0.077,1
32.38,0.5,1,0.006,2
189.62,2.0,2,0.014,1
59.97,2.84,2,0.359,3
44.08,10.93,3,0.105,0
25.93,1.55,2,0.032,2
47.66,1.6,2,0.273,3
15.21,1.31,1,0.058,2
28.51,2.26,2,0.393,3
48.91,2.92,2,0.225,3
169.48,2.26,1,0.074,1
29.32,12.85,3,0.133,0
38.69,14.18,2,0.066,0
28.71,10.15,4,0.126,0
160.78,1.84,2,0.059,1
47.64,8.23,1,0.064,2
196.32,1.87,2,0.042,1
12.75,0.59,1,0.007,2
26.85,11.32,3,0.102,0
34.07,3.52,2,0.339,3
263.25,2.39,2,0.016,1
32.64,2.94,2,0.37,3
30.49,10.06,3,0.12,0
40.1,9.88,2,0.063,0
27.55,1.58,1,0.009,2
31.69,2.5,3,0.404,3
58.93,2.52,2,0.286,3
22.68,0.75,1,0.06,2
29.92,13.28,5,0.038,0
31.61,2.73,2,0.328,3
31.55,1.53,1,0.064,2
53.51,2.06,3,0.338,3
57.79,3.37,1,0.367,3
50.86,1.48,2,0.385,3
140.63,1.55,2,0.048,1
37.07,14.14,4,0.075,0
50.9,3.94,2,0.338,3
45.03,12.34,3,0.164,0
183.72,2.42,2,0.047,1
36.42,9.72,5,0.116,0
177.35,3.33,2,0.054,1
161.62,2.01,3,0.057,1
38.56,12.41,3,0.039,0
164.59,2.09,3,0.12,1
51.15,3.22,2,0.311,3
30.45,14.99,3,0.082,0
49.15,3.49,2,0.418,3
24.59,1.43,1,0.005,2
31.49,9.54,2,0.057,0
37.4,12.38,3,0.104,0
42.74,15.14,4,0.155,0
18.58,1.06,1,0.013,2
41.56,11.01,4,0.165,0
41.27,11.41,3,0.086,0
29.41,1.16,1,0.022,2
23.55,1.99,2,0.266,3
50.51,3.91,3,0.221,3
28.73,0.65,1,0.007,2
24.09,0.41,1,0.009,2
17.53,0.46,1,0.024,2
224.12,1.19,2,0.098,1
29.64,12.58,4,0.098,0
28.34,16.87,2,0.048,0
214.11,1.14,1,0.075,1
65.74,2.75,2,0.326,3
222.57,1.3,3,0.044,1
196.23,1.76,1,0.035,1
45.6,2.09,2,0.303,3
23.41,14.04,3,0.185,0
201.67,1.18,2,0.093,1
210.99,0.67,2,0.095,1
196.14,0.79,3,0.042,1
224.48,1.13,2,0.065,1
198.91,0.92,3,0.0,1
194.9,2.14,2,0.073,1
42.55,4.85,2,0.379,3
175.03,2.05,2,0.027,1
232.03,2.4,3,0.028,1
205.08,2.0,2,0.074,1
23.17,9.99,4,0.152,0
207.59,2.31,2,0.034,1
46.37,2.83,3,0.469,3
32.82,11.3,4,0.079,0
192.42,3.38,2,0.119,1
48.62,5.16,2,0.348,3
36.64,13.0,1,0.07,0
173.58,2.86,2,0.109,1
38.36,12.78,3,0.109,0
31.04,1.57,1,0.033,2
23.62,1.17,1,0.025,2
169.07,0.93,2,0.041,1
63.84,1.92,2,0.362,3
44.81,2.65,1,0.296,3
23.79,1.24,1,0.01,2
36.91,19.21,5,0.119,0
45.69,3.82,3,0.414,3
30.69,12.48,3,0.044,0
12.37,1.62,1,0.04,2
143.94,1.51,1,0.113,1
23.87,16.1,3,0.136,0
227.92,1.48,2,0.058,1
41.5,3.87,2,0.449,3
25.99,10.63,3,0.044,0
225.42,0.77,2,0.004,1
19.7,1.21,1,0.0,2
152.88,1.06,2,0.063,1
32.04,13.21,2,0.077,0
41.78,3.33,2,0.476,3
43.26,3.37,2,0.369,3
46.06,4.26,2,0.457,3
41.73,16.45,2,0.044,0
232.75,1.57,2,0.073,1
209.63,2.86,2,0.046,1
210.36,1.96,1,0.005,1
40.86,3.22,2,0.327,3
38.61,3.37,2,0.246,3
203.43,1.92,2,0.054,1
25.03,6.64,2,0.131,0
221.4,2.43,2,0.031,1
212.61,2.75,2,0.079,1
20.63,12.89,2,0.065,0
49.02,3.92,2,0.352,3
30.03,14.42,5,0.087,0
50.57,4.18,2,0.447,3
174.72,2.39,2,0.063,1
47.62,2.85,2,0.525,3
197.97,1.02,2,0.066,1
54.55,2.73,2,0.196,3
29.33,1.64,1,0.025,2
165.48,1.86,2,0.011,1
215.27,2.24,2,0.076,1
36.29,10.76,4,0.118,0
43.79,12.74,3,0.126,0
234.33,2.67,2,0.024,1
28.96,0.52,1,0.004,2
189.02,1.52,2,0.066,1
21.34,1.54,2,0.054,2
27.62,1.8,1,0.0,2
28.39,14.04,4,0.143,0
35.08,10.61,4,0.115,0
40.8,11.38,2,0.06,0
31.39,1.18,1,0.008,2
174.56,1.06,1,0.091,1
22.59,0.51,1,0.025,2
38.39,15.68,4,0.053,0
30.69,1.29,1,0.047,2
37.92,10.72,3,0.101,0
49.08,12.32,3,0.032,0
155.23,1.53,1,0.079,1
36.58,9.05,4,0.112,0
210.95,2.37,3,0.033,1
54.0,2.06,2,0.287,3
34.42,1.72,1,0.051,2
28.74,1.6,1,0.037,2
23.61,15.59,3,0.099,0
26.7,2.37,2,0.39,3
30.91,1.04,1,0.047,2
139.02,2.06,2,0.053,1
42.27,3.22,2,0.365,3
188.42,2.56,2,0.093,1
44.06,10.81,3,0.053,0
38.19,9.36,3,0.038,0
26.94,0.82,1,0.0,2
37.81,10.31,3,0.118,0
24.95,0.54,1,0.0,2
241.86,2.51,1,0.0,1
165.16,1.68,3,0.09,1
235.57,2.43,1,0.047,1
185.98,1.52,1,0.115,1
229.63,1.98,2,0.017,1
210.21,2.68,1,0.105,1
34.48,0.68,1,0.0,2
48.93,10.27,4,0.042,0
36.74,7.91,5,0.067,0
171.82,1.47,1,0.025,1
31.84,5.8,5,0.114,0
50.32,2.52,3,0.327,3
19.73,1.58,1,0.005,2
195.85,1.53,2,0.084,1
39.66,3.17,2,0.303,3
47.49,4.38,3,0.463,3
34.1,8.75,3,0.051,0
43.01,12.31,3,0.041,0
52.49,3.26,1,0.183,2
225.97,1.35,2,0.058,1
32.28,1.21,1,0.0,2
43.46,8.24,2,0.147,0
47.67,12.9,4,0.132,0
20.19,1.02,1,0.043,2
41.16,2.39,2,0.338,3
220.34,1.51,1,0.03,1
34.27,1.14,1,0.025,2
42.88,1.82,2,0.294,3
143.25,2.31,1,0.053,1
61.65,4.01,2,0.502,3
41.58,3.31,1,0.212,2
40.45,2.44,2,0.246,3
22.24,1.56,1,0.0,2
209.27,1.72,3,0.064,1
198.75,1.99,2,0.092,1
195.1,2.62,2,0.067,1
48.98,2.83,2,0.437,3
37.87,11.29,4,0.107,0
43.21,3.04,2,0.405,3
25.03,8.02,2,0.076,0
23.64,1.05,1,0.017,2
31.46,13.02,3,0.176,0
26.37,0.43,1,0.0,2
51.61,1.78,1,0.443,3
27.0,0.76,1,0.022,2
202.57,2.45,2,0.035,1
213.88,2.35,2,0.052,1
24.54,8.9,2,0.138,0
45.32,2.38,2,0.219,3
35.19,11.07,3,0.141,0
39.32,13.9,4,0.134,0
13.56,1.65,1,0.015,2
24.55,1.13,1,0.005,2
135.46,3.06,3,0.072,1
251.68,2.19,2,0.04,1
21.85,0.73,1,0.0,2
210.87,1.14,2,0.058,1
238.17,1.99,1,0.098,1
212.3,1.89,2,0.012,1
242.2,1.73,2,0.088,1
63.66,4.24,2,0.361,3
47.18,2.3,2,0.409,3
49.03,3.54,2,0.248,3
34.65,14.79,4,0.09,0
53.7,2.59,2,0.513,3
18.12,11.89,2,0.101,0
222.16,3.31,3,0.069,1
46.42,1.3,2,0.342,3
215.35,1.86,3,0.049,1
28.27,9.38,3,0.152,0
49.82,2.19,2,0.409,3
20.56,1.05,1,0.037,2
35.83,8.14,2,0.131,0
249.55,1.54,1,0.11,1
24.18,14.81,2,0.136,0
49.81,4.19,3,0.304,3
239.15,2.88,3,0.068,1
202.65,1.62,2,0.05,1
37.45,11.13,3,0.109,0
47.69,3.65,1,0.468,3
29.23,1.67,1,0.002,2
48.87,9.62,3,0.094,0
21.83,2.0,1,0.032,2
256.91,2.13,2,0.0,1
31.58,3.05,3,0.334,3
155.97,2.72,2,0.08,1
49.56,3.92,3,0.379,3
37.12,3.89,2,0.282,3
44.67,3.77,2,0.418,3
23.4,1.33,1,0.015,2
37.29,12.73,2,0.155,0
32.12,9.27,2,0.136,0
43.56,2.84,1,0.2,2
37.11,0.99,1,0.037,2
178.79,1.51,2,0.087,1
41.28,4.88,2,0.392,3
31.12,3.28,1,0.438,3
228.07,2.04,3,0.03,1
33.89,17.85,3,0.177,0
18.19,1.03,2,0.001,2
20.42,0.82,1,0.065,2
56.1,3.91,2,0.387,3
216.22,2.62,1,0.046,1
241.38,2.6,1,0.043,1
200.05,2.06,3,0.06,1
59.77,1.59,1,0.287,3
31.23,3.41,2,0.365,3
144.48,2.34,2,0.042,1
22.83,0.32,1,0.013,2
49.12,3.3,2,0.434,3
215.11,2.46,1,0.04,1
26.54,0.82,1,0.006,2
243.32,1.99,1,0.025,1
32.73,14.93,3,0.166,0
42.86,8.6,4,0.113,0
22.15,0.65,1,0.012,2
27.1,11.81,1,0.093,0
30.14,2.96,3,0.2,3
43.55,11.19,3,0.127,0
224.29,1.83,2,0.019,1
30.69,1.17,1,0.022,2
25.76,0.86,1,0.054,2
237.25,1.68,2,0.087,1
39.9,2.11,3,0.372,3
190.73,1.89,2,0.001,1
47.77,2.35,2,0.256,3
185.69,1.69,2,0.033,1
181.63,2.42,2,0.0,1
45.38,2.02,2,0.385,3
40.32,13.51,4,0.092,0
49.72,3.12,2,0.305,3
157.24,1.63,1,0.064,1
56.02,1.84,1,0.344,3
219.93,2.93,3,0.035,1
44.75,2.49,2,0.39,3
44.75,2.68,3,0.364,3
196.14,1.89,2,0.063,1
24.41,1.11,1,0.038,2
47.75,2.39,2,0.209,3
177.03,1.52,2,0.027,1
52.35,10.78,4,0.142,0
57.73,2.92,2,0.407,3
23.31,1.34,1,0.0,2
215.55,2.49,3,0.006,1
35.4,14.16,4,0.143,0
190.0,2.47,2,0.068,1
24.61,0.68,1,0.021,2
191.26,1.9,2,0.073,1
34.8,0.97,1,0.029,2
34.48,8.81,2,0.144,0
52.37,10.21,2,0.221,0
29.01,0.74,1,0.016,2
139.83,1.74,1,0.048,1
50.14,12.42,2,0.098,0
55.71,2.01,2,0.412,3
55.33,4.19,3,0.457,3
21.53,12.36,2,0.113,0
16.59,0.64,1,0.008,2
144.52,2.71,3,0.061,1
26.8,9.46,4,0.118,0
28.2,16.04,3,0.111,0
202.67,1.43,2,0.038,1
241.36,2.67,2,0.042,1
18.5,11.58,2,0.047,0
42.48,10.9,4,0.141,0
46.16,3.74,3,0.476,3
43.22,9.16,2,0.122,0
24.75,0.2,1,0.0,2
175.92,1.69,2,0.066,1
38.19,2.34,2,0.342,3
24.43,0.2,1,0.038,2
40.01,4.18,2,0.414,3
24.08,11.14,3,0.094,0
19.25,1.76,1,0.053,2
43.96,11.5,3,0.063,0
10.42,5.1,2,0.292,3
182.02,2.62,3,0.038,1
23.32,11.28,5,0.018,0
21.03,13.78,2,0.115,0
40.03,13.23,2,0.136,0
30.69,1.58,1,0.006,2
28.48,1.69,2,0.465,3
47.02,11.25,3,0.086,0
172.85,2.28,1,0.074,1
15.91,1.03,1,0.022,2
52.77,3.77,2,0.327,3
24.53,1.4,1,0.023,2
207.05,0.91,2,0.045,1
28.78,7.02,1,0.132,2
24.06,0.2,1,0.019,2
49.78,3.08,2,0.258,3
47.85,2.36,1,0.331,3
39.23,3.25,2,0.336,3
34.22,13.72,4,0.1,0
186.46,2.07,2,0.046,1
158.55,2.81,2,0.084,1
39.66,3.44,2,0.392,3
15.49,0.49,1,0.0,2
47.45,4.22,3,0.106,0
65.49,2.05,2,0.281,3
167.27,2.3,2,0.055,1
45.39,2.24,3,0.273,3
55.9,3.38,2,0.439,3
124.63,1.34,2,0.043,1
32.68,12.11,2,0.133,0
38.64,11.81,2,0.149,0
34.32,6.49,2,0.165,3
186.96,1.2,3,0.008,1
221.25,2.66,2,0.045,1
154.49,2.84,1,0.071,1
24.14,16.82,2,0.22,0
25.68,1.04,1,0.015,2
49.31,1.97,2,0.214,3
41.06,15.05,3,0.179,0
28.9,1.34,1,0.0,2
28.54,1.11,1,0.009,2
25.59,1.83,1,0.018,2
48.46,1.35,3,0.348,3
20.96,0.82,2,0.029,2
39.76,16.98,3,0.114,0
26.83,2.46,2,0.216,3
174.84,1.77,2,0.052,1
122.14,1.19,2,0.057,1
56.38,3.9,1,0.478,3
31.41,1.18,1,0.0,2
45.16,12.85,3,0.162,0
36.04,2.65,2,0.313,3
215.94,2.09,2,0.043,1
43.82,2.77,2,0.352,3
34.83,12.32,4,0.06,0
56.78,2.08,1,0.384,3
14.97,1.06,1,0.035,2
52.26,1.57,3,0.415,3
31.5,13.37,3,0.086,0
36.71,10.66,3,0.073,0
185.54,2.5,3,0.059,1
47.08,3.45,2,0.379,3
198.91,2.29,2,0.081,1
27.29,4.75,2,0.221,3
37.89,4.58,2,0.377,3
193.04,2.93,1,0.056,1
32.67,0.5,1,0.0,2
28.47,9.47,3,0.075,0
17.62,15.62,4,0.095,0
12.05,1.2,1,0.059,2
38.55,1.65,2,0.416,3
51.48,2.18,1,0.433,3
30.95,1.09,1,0.0,2
133.11,1.62,2,0.054,1
37.25,9.07,3,0.061,0
55.08,3.43,3,0.192,3
46.76,2.95,2,0.404,3
214.04,2.05,3,0.022,1
36.56,11.68,1,0.076,2
31.15,18.3,3,0.059,0
36.99,8.62,4,0.09,0
34.28,7.89,4,0.135,0
37.96,11.99,5,0.117,0
25.35,1.17,1,0.0,2
20.4,1.06,1,0.008,2
39.09,13.29,2,0.04,0
35.8,2.78,2,0.383,3
40.43,13.12,4,0.128,0
21.3,1.18,2,0.007,2
49.53,2.89,2,0.323,3
32.98,15.51,2,0.061,0
35.56,9.73,1,0.096,2
36.28,3.41,2,0.389,3
19.26,0.32,1,0.035,2
24.3,1.34,1,0.016,2
230.5,2.47,3,0.049,1
214.69,0.42,3,0.057,1
40.62,13.1,2,0.138,0
26.68,0.76,1,0.016,2
35.33,4.13,1,0.262,3
33.08,9.35,3,0.131,0
34.09,10.12,2,0.105,0
34.65,2.52,1,0.31,3
36.27,1.82,2,0.377,3
41.62,2.69,3,0.421,3
31.81,2.33,2,0.361,3
30.0,0.8,1,0.014,2
163.07,2.32,3,0.022,1
37.73,1.61,2,0.407,3
21.99,0.2,1,0.031,2
29.62,3.11,2,0.366,3
28.86,14.39,2,0.059,0
213.89,2.07,2,0.123,1
171.16,2.86,2,0.003,1
39.73,4.57,3,0.339,3
33.3,1.05,1,0.034,2
45.29,3.52,2,0.478,3
37.64,2.23,2,0.402,3
8.36,4.19,2,0.192,3
193.07,2.18,2,0.047,1
42.66,11.2,3,0.115,0
23.19,9.54,2,0.102,0
29.98,11.53,4,0.089,0
23.15,1.51,1,0.028,2
196.99,2.69,2,0.046,1
52.27,3.59,1,0.329,3
223.05,1.8,1,0.099,1
40.76,8.77,2,0.067,0
30.41,3.49,2,0.402,3
245.67,1.23,2,0.072,1
42.07,13.73,3,0.026,0
24.1,10.82,2,0.004,0
25.01,1.34,2,0.015,2
43.75,9.19,3,0.142,0
210.22,2.22,2,0.058,1
31.97,1.23,1,0.012,2
30.02,10.79,3,0.076,0
42.85,1.71,1,0.389,3
26.97,0.2,1,0.0,2
249.73,2.02,2,0.079,1
34.61,1.49,2,0.031,2
239.73,1.52,2,0.035,1
34.0,2.55,2,0.25,3
192.55,1.8,1,0.009,1
199.2,2.8,1,0.043,1
44.02,12.78,3,0.127,0
32.43,6.79,3,0.083,0
45.69,12.45,3,0.147,0
56.18,1.94,2,0.378,3
34.06,18.8,4,0.175,0
208.43,1.66,2,0.0,1
41.55,3.35,2,0.357,3
35.03,13.51,2,0.161,0
185.23,2.69,3,0.032,1
38.73,11.17,3,0.048,0
34.64,0.72,2,0.046,2
211.92,1.21,2,0.075,1
23.39,14.26,3,0.124,0
36.73,11.39,4,0.0,0
50.59,3.35,2,0.232,3
37.67,2.87,1,0.292,3
30.09,2.53,3,0.341,3
22.55,0.2,1,0.0,2
151.53,1.98,2,0.066,1
61.41,2.38,2,0.407,3
236.45,2.32,2,0.02,1
222.11,3.03,2,0.065,1
29.73,0.41,1,0.017,2
237.48,2.4,2,0.072,1
22.71,1.22,1,0.0,2
42.13,4.37,2,0.362,3
196.13,2.29,2,0.032,1
221.63,3.17,2,0.043,1
226.31,2.74,3,0.034,1
52.06,2.0,1,0.46,3
198.61,1.03,2,0.052,1
196.45,2.54,2,0.03,1
48.18,2.57,2,0.378,3
48.27,1.82,1,0.283,3
41.66,13.26,4,0.08,0
39.71,1.14,1,0.007,2
21.1,0.48,1,0.019,2
45.41,1.82,1,0.327,3
36.65,1.85,1,0.222,2
33.73,1.08,1,0.032,2
16.37,6.58,3,0.12,0
30.54,1.1,1,0.006,2
197.06,2.79,2,0.077,1
28.18,15.65,4,0.036,0
19.75,0.72,1,0.033,2
38.37,9.28,3,0.013,0
243.19,1.85,1,0.081,1
39.55,2.87,3,0.272,3
185.95,2.21,2,0.081,1
45.16,2.49,1,0.385,3
219.84,1.75,3,0.035,1
42.5,2.28,2,0.38,3
175.81,1.88,2,0.02,1
24.08,0.8,1,0.055,2
13.59,0.57,1,0.0,2
234.46,2.24,1,0.055,1
24.0,13.29,4,0.089,0
56.24,2.36,2,0.27,3
204.48,2.82,2,0.02,1
216.28,1.68,2,0.038,1
29.66,1.35,1,0.0,2
30.59,1.92,2,0.345,3
62.44,3.43,2,0.289,3
34.72,3.47,2,0.201,3
36.23,2.67,2,0.074,2
35.39,10.19,3,0.165,0
203.71,1.38,2,0.048,1
36.32,1.64,2,0.453,3
36.47,3.11,2,0.376,3
31.98,16.04,2,0.097,0
35.57,8.38,3,0.115,0
44.46,3.18,2,0.28,3
34.14,8.2,3,0.105,0
30.04,12.99,2,0.12,0
27.62,14.29,3,0.096,0
42.36,4.98,2,0.123,2
25.51,0.83,1,0.0,2
192.06,3.17,3,0.025,1
30.41,1.27,1,0.029,2
36.41,12.21,3,0.132,0
199.9,3.42,2,0.049,1
38.23,3.44,2,0.232,3
33.48,8.01,3,0.075,0
39.07,2.92,3,0.298,3
38.67,14.69,2,0.149,0
22.21,11.41,3,0.052,0
24.89,3.15,1,0.356,3
176.31,2.25,1,0.088,1
22.84,10.29,4,0.079,0
44.52,3.65,2,0.255,3
40.16,13.36,3,0.073,0
29.73,13.82,3,0.093,0
21.81,1.17,1,0.029,2
34.4,13.57,3,0.0,0
32.91,11.34,3,0.083,0
41.8,2.48,3,0.337,3
51.36,3.23,2,0.353,3
30.18,0.46,1,0.068,2
35.13,4.46,3,0.415,3
33.89,10.75,2,0.03,0
49.41,2.89,2,0.312,3
38.63,9.47,1,0.113,2
36.24,2.51,1,0.349,3
39.87,13.08,2,0.083,0
32.63,14.84,2,0.061,0
45.98,2.34,2,0.422,3
170.33,2.1,2,0.079,1
46.32,8.06,3,0.098,0
33.17,1.15,1,0.014,2
197.89,2.58,1,0.094,1
29.58,1.09,1,0.041,2
26.76,11.25,5,0.105,0
185.35,2.46,1,0.07,1
32.41,17.19,2,0.073,0
177.51,3.0,2,0.01,1
34.06,14.99,4,0.042,0
53.95,2.76,3,0.269,3
165.22,2.37,2,0.089,1
37.87,8.48,3,0.126,0
171.73,1.5,3,0.051,1
13.48,14.58,2,0.11,0
44.56,10.39,4,0.1,0
233.48,2.01,2,0.0,1
67.3,1.89,2,0.398,3
37.55,2.06,3,0.357,3
27.76,0.8,1,0.017,2
60.95,1.09,1,0.358,3
33.45,1.02,1,0.062,2
28.26,10.87,3,0.099,0
47.19,3.06,1,0.426,3
61.8,1.22,2,0.341,3
41.12,7.15,3,0.083,0
33.91,6.57,3,0.119,0
36.1,9.23,4,0.018,0
35.67,8.04,4,0.092,0
26.03,4.74,2,0.349,3
237.26,2.48,2,0.054,1
189.71,3.33,2,0.063,1
51.74,12.91,4,0.067,0
208.42,2.89,2,0.037,1
171.74,2.15,2,0.029,1
45.87,13.65,4,0.097,0
18.98,11.87,3,0.121,0
33.56,11.57,1,0.068,2
37.06,8.94,2,0.052,0
35.79,12.72,2,0.114,0
29.89,11.94,4,0.112,0
44.22,3.23,1,0.499,3
181.33,2.69,1,0.022,1
35.93,8.56,3,0.106,0
44.91,3.98,2,0.302,3
47.24,14.1,3,0.107,0
25.45,7.83,5,0.128,0
132.14,2.21,1,0.006,2
16.52,0.83,1,0.017,2
15.39,0.54,2,0.0,2
32.91,6.89,3,0.12,0
137.48,2.33,2,0.027,1
34.48,8.12,2,0.066,0
43.54,14.68,4,0.068,0
225.16,2.22,3,0.056,1
25.94,1.14,1,0.0,2
209.76,3.02,3,0.098,1
20.53,1.7,1,0.043,2
227.41,1.36,2,0.068,1
34.06,8.93,2,0.068,0
222.32,2.39,3,0.066,1
35.75,11.25,3,0.146,0
30.78,1.31,1,0.019,2
28.07,15.34,4,0.094,0
36.47,11.41,2,0.105,0
22.52,1.3,2,0.044,2
61.96,2.53,1,0.42,3
25.83,0.6,1,0.005,2
173.05,1.37,1,0.039,1
26.65,15.25,3,0.16,0
36.98,2.4,2,0.384,3
18.76,11.37,3,0.153,0
55.22,3.05,2,0.154,3
218.04,2.14,2,0.093,1
221.29,1.49,2,0.02,1
214.58,1.53,2,0.013,1
46.66,10.98,3,0.138,0
146.45,1.29,3,0.075,1
190.65,1.64,2,0.032,1
42.02,11.37,1,0.079,2
33.75,2.97,3,0.311,3
55.66,14.04,4,0.067,0
208.27,1.72,2,0.026,1
219.99,2.0,2,0.142,1
50.76,3.39,2,0.177,3
45.34,2.66,2,0.415,3
262.68,1.97,1,0.116,1
33.39,13.85,2,0.032,0
226.93,2.33,2,0.035,1
31.82,0.99,1,0.001,2
246.8,2.55,1,0.03,1
39.82,2.53,3,0.308,3
11.36,1.95,1,0.019,2
14.41,0.82,1,0.036,2
40.48,10.64,4,0.055,0
41.23,12.66,2,0.103,0
45.78,12.02,2,0.157,0
40.73,9.97,2,0.045,0
206.67,1.52,2,0.055,1
25.0,0.94,1,0.0,2
195.97,0.75,1,0.058,1
39.63,2.82,1,0.419,3
179.67,1.59,1,0.039,1
15.27,14.86,4,0.105,0
56.79,3.05,2,0.412,3
153.42,2.16,1,0.061,1
28.07,11.94,3,0.1,0
67.28,3.96,1,0.342,3
35.29,11.74,2,0.085,0
35.66,2.45,2,0.258,3
52.48,14.93,1,0.097,0
31.94,13.72,4,0.088,0
19.7,3.21,2,0.385,3
173.13,0.53,1,0.067,1
37.88,1.04,1,0.027,2
35.73,11.57,3,0.128,0
38.63,11.27,4,0.048,0
29.73,4.04,2,0.316,3
34.31,0.56,1,0.0,2
43.24,14.34,4,0.119,0
55.86,3.36,2,0.366,3
230.07,1.5,2,0.043,1
204.5,1.77,3,0.051,1
37.73,2.87,1,0.433,3
33.24,0.77,1,0.016,2
33.11,17.16,5,0.091,0
43.56,3.7,3,0.266,3
29.43,12.99,2,0.141,0
21.63,0.63,1,0.0,2
54.8,1.78,3,0.511,3
43.99,3.67,2,0.513,3
52.02,2.2,2,0.137,2
210.3,3.42,2,0.037,1
42.84,10.03,3,0.105,0
61.43,2.46,2,0.269,3
50.46,3.7,1,0.351,3
170.55,2.68,3,0.058,1
229.91,3.16,3,0.043,1
36.44,12.57,3,0.118,0
48.11,2.51,1,0.376,3
169.81,2.23,2,0.021,1
23.48,0.23,2,0.027,2
24.86,13.11,4,0.117,0
53.67,3.5,3,0.401,3
30.2,1.65,1,0.001,2
24.06,0.61,2,0.02,2
34.11,2.31,2,0.333,3
40.03,3.11,1,0.318,3
28.94,2.06,1,0.021,2
202.44,2.89,2,0.059,1
161.07,2.64,3,0.106,1
40.43,1.09,2,0.248,3
31.79,8.39,3,0.102,0
23.91,11.28,2,0.032,0
27.86,1.83,1,0.032,2
37.52,10.65,2,0.042,0
32.29,11.8,4,0.079,0
30.08,1.12,1,0.043,2
27.84,1.29,1,0.032,2
47.74,2.74,1,0.357,3
185.28,2.53,1,0.068,1
28.54,1.21,1,0.021,2
32.11,10.73,3,0.063,0
43.31,9.76,2,0.089,0
26.98,4.25,1,0.182,2
28.25,1.03,1,0.016,2
26.12,12.47,4,0.12,0
25.09,11.72,3,0.158,0
41.84,11.49,3,0.136,0
24.91,1.56,1,0.041,2
204.65,1.65,2,0.077,1
35.98,5.25,3,0.173,0
43.38,10.31,4,0.138,0
185.73,1.88,2,0.06,1
50.9,3.14,2,0.275,3
34.4,2.31,2,0.282,3
57.01,2.22,3,0.449,3
127.36,1.17,3,0.118,1
33.47,3.97,1,0.349,3
28.77,14.74,3,0.068,0
16.81,1.5,1,0.043,2
40.69,13.75,3,0.043,0
152.48,2.11,1,0.045,1
198.72,2.23,2,0.006,1
30.59,0.4,1,0.036,2
22.01,1.0,1,0.032,2
45.6,2.47,2,0.437,3
31.36,12.91,3,0.117,0
199.04,1.3,1,0.03,1
209.14,2.6,2,0.044,1
37.68,12.97,3,0.095,0
211.23,1.11,2,0.028,1
47.4,16.38,2,0.123,0
208.23,1.41,2,0.015,1
45.16,3.44,2,0.295,3
52.88,3.66,1,0.335,3
32.52,3.32,2,0.346,3
190.47,1.83,2,0.05,1
18.59,1.01,1,0.024,2
29.59,9.67,3,0.133,0
24.56,3.38,3,0.241,3
25.73,17.35,3,0.102,0
22.58,11.09,2,0.078,0
43.17,4.16,2,0.415,3
30.82,1.67,1,0.013,2
179.92,1.95,1,0.056,1
176.51,2.63,1,0.019,1
48.46,3.14,1,0.423,3
52.93,3.56,1,0.401,3
21.88,0.97,1,0.019,2
51.65,2.17,2,0.331,3
37.6,13.52,2,0.105,0
224.61,1.51,2,0.033,1
34.84,11.97,3,0.049,0
44.57,11.56,4,0.134,0
39.71,3.37,2,0.386,3
222.46,1.35,2,0.026,1
38.84,10.34,3,0.079,0
55.13,2.4,2,0.411,3
35.98,13.89,4,0.099,0
29.28,13.59,4,0.018,0
45.83,13.4,2,0.077,0
40.47,2.58,2,0.376,3
21.88,4.34,2,0.236,3
21.7,1.5,1,0.004,2
51.5,1.19,3,0.341,3
167.94,1.92,3,0.043,1
35.69,11.68,3,0.077,0
165.26,1.97,2,0.055,1
144.95,1.47,2,0.097,1
25.68,18.06,3,0.1,0
65.71,3.83,2,0.377,3
44.75,10.35,3,0.157,0
34.86,13.26,2,0.069,0
33.74,11.8,2,0.089,0
35.25,2.43,2,0.371,3
33.96,2.72,3,0.382,3
24.34,1.43,2,0.029,2
43.75,17.11,4,0.123,0
192.22,3.05,1,0.101,1
180.31,1.96,2,0.08,1
38.83,10.21,2,0.104,0
164.89,1.65,3,0.106,1
38.28,13.86,2,0.105,0
43.19,15.49,4,0.165,0
192.49,1.5,3,0.0,1
38.17,8.87,4,0.074,0
26.95,1.17,1,0.022,2
51.12,3.21,2,0.366,3
53.05,3.1,2,0.403,3
208.71,2.27,1,0.087,1
24.54,11.93,4,0.127,0
33.13,1.59,2,0.388,3
28.96,9.02,4,0.077,0
216.78,2.84,1,0.057,1
25.38,14.67,3,0.035,0
39.54,3.35,2,0.424,3
40.68,3.18,2,0.391,3
53.03,2.92,2,0.461,3
27.55,14.29,4,0.147,0
19.07,0.37,1,0.047,2
27.71,1.0,1,0.013,2
208.93,2.8,2,0.058,1
181.59,2.75,3,0.042,1
236.86,2.57,3,0.081,1
33.34,11.2,2,0.151,0
239.62,2.26,1,0.069,1
40.75,13.43,4,0.021,0
42.82,12.97,2,0.049,0
29.55,1.12,1,0.019,2
37.77,12.64,4,0.089,0
30.03,11.79,4,0.086,0
44.95,11.51,3,0.132,0
32.26,10.22,4,0.096,0
44.55,3.51,1,0.33,3
27.04,10.67,2,0.08,0
40.67,4.52,2,0.407,3
26.72,1.17,1,0.023,2
24.04,1.97,1,0.039,2
40.08,2.75,1,0.239,3
29.49,1.33,1,0.016,2
51.18,3.64,2,0.286,3
45.35,3.77,1,0.586,3
57.53,2.39,1,0.336,3
36.3,14.32,3,0.118,0
28.39,10.8,2,0.067,0
48.12,3.38,1,0.484,3
47.27,2.77,2,0.415,3
33.0,2.56,2,0.382,3
27.85,12.5,2,0.033,0
178.81,1.83,1,0.065,1
22.74,3.28,2,0.329,3
52.97,2.71,2,0.498,3
36.5,13.4,5,0.071,0
135.18,1.03,2,0.07,1
39.21,15.0,2,0.142,0
235.33,2.56,1,0.039,1
39.28,2.57,2,0.426,3
35.69,5.31,2,0.145,2
30.19,12.42,3,0.058,0
222.8,1.76,2,0.017,1
33.41,1.62,2,0.307,3
42.58,0.57,1,0.0,2
24.65,9.36,2,0.017,0
52.62,14.49,3,0.059,0
29.72,1.37,1,0.053,2
207.19,1.25,1,0.043,1
35.62,12.81,3,0.077,0
192.51,1.52,2,0.029,1
26.41,0.95,1,0.003,2
27.36,12.57,3,0.095,0
65.47,1.91,2,0.363,3
38.54,15.92,2,0.104,0
29.16,3.88,2,0.286,3
53.69,16.27,2,0.18,0
34.13,9.63,3,0.062,0
27.85,1.16,1,0.042,2
231.92,1.11,3,0.037,1
143.31,1.56,3,0.036,1
29.76,1.57,1,0.003,2
43.68,2.8,2,0.412,3
55.46,2.66,2,0.35,3
34.77,14.1,3,0.081,0
20.15,1.05,1,0.044,2
36.38,9.84,2,0.122,0
31.39,9.75,4,0.07,0
23.88,0.54,1,0.038,2
47.21,3.72,2,0.153,3
34.68,9.27,3,0.024,0
232.1,2.21,1,0.016,1
37.09,3.08,2,0.415,3
36.89,1.24,1,0.027,2
34.52,1.04,1,0.026,2
24.76,3.98,2,0.117,2
39.82,1.13,1,0.039,2
9.88,1.04,1,0.03,2
237.41,2.79,2,0.0,1
44.96,3.2,2,0.308,3
218.88,1.75,2,0.11,1
21.13,12.72,3,0.075,0
21.28,0.82,1,0.033,2
74.6,3.85,2,0.446,3
46.29,13.9,4,0.103,0
36.1,11.51,2,0.115,0
192.59,1.99,2,0.042,1
26.82,9.3,3,0.058,0
52.56,2.56,2,0.283,3
214.99,1.61,1,0.087,1
48.67,15.0,5,0.109,0
33.34,1.7,2,0.415,3
30.5,3.12,1,0.322,3
222.17,1.66,2,0.096,1
35.17,3.1,3,0.446,3
17.46,0.2,2,0.004,2
31.0,14.21,2,0.04,0
26.04,12.01,2,0.008,0
211.24,2.0,2,0.078,1
39.14,2.39,2,0.367,3
34.48,11.3,2,0.147,0
138.01,1.66,2,0.0,1
33.4,7.99,3,0.127,0
56.87,3.65,2,0.28,3
205.08,1.28,2,0.001,1
32.22,10.96,3,0.076,0
46.89,1.78,3,0.212,3
41.92,10.25,1,0.048,2
15.57,1.18,2,0.012,2
45.85,2.42,2,0.308,3
243.72,1.07,3,0.068,1
28.8,2.44,2,0.411,3
197.3,1.86,2,0.036,1
43.99,1.72,1,0.28,3
37.61,14.46,4,0.066,0
219.05,2.5,2,0.03,1
47.81,2.67,2,0.355,3
25.01,11.02,3,0.087,0
53.05,1.92,1,0.339,3
166.78,3.24,2,0.01,1
28.42,12.66,3,0.101,0
21.39,11.67,2,0.104,0
34.2,13.82,3,0.068,0
186.87,2.24,3,0.016,1
17.36,1.14,1,0.003,2
25.96,17.67,3,0.034,0
33.74,2.75,2,0.407,3
139.88,3.15,3,0.057,1
212.91,1.37,3,0.041,1
276.13,1.83,1,0.032,1
29.99,15.14,2,0.112,0
35.19,9.25,5,0.115,0
23.19,0.86,1,0.023,2
28.47,1.53,1,0.019,2
149.0,2.15,2,0.08,1
36.51,4.03,2,0.415,3
205.16,1.78,1,0.052,1
21.53,0.28,1,0.015,2
41.75,12.46,3,0.143,0
47.39,2.91,2,0.454,3
47.84,8.05,3,0.03,0
19.48,12.73,3,0.086,0
27.58,9.15,3,0.168,0
24.35,1.42,1,0.011,2
177.13,1.99,2,0.019,1
23.41,8.84,3,0.154,0
29.19,13.3,4,0.033,0
53.94,13.95,3,0.098,0
18.72,0.9,1,0.01,2
218.73,1.98,3,0.033,1
37.63,10.82,4,0.101,0
56.32,1.71,3,0.274,3
153.78,1.98,2,0.017,1
219.57,2.14,1,0.027,1
52.95,3.13,1,0.207,2
30.44,14.09,4,0.17,0
174.51,1.62,1,0.077,1
233.85,2.14,3,0.123,1
178.83,1.74,2,0.028,1
51.37,2.24,2,0.265,3
21.15,16.83,2,0.118,0
206.78,1.6,2,0.036,1
225.91,1.81,2,0.074,1
26.29,12.44,3,0.09,0
47.24,5.05,2,0.234,3
39.72,11.72,4,0.181,0
26.93,1.5,1,0.0,2
43.36,2.0,2,0.433,3
21.3,1.79,1,0.056,2
40.86,3.45,3,0.267,3
19.04,1.75,1,0.013,2
29.88,3.94,2,0.537,3
171.51,2.53,2,0.015,1
33.52,9.88,2,0.026,0
22.65,8.51,2,0.014,0
193.17,2.42,1,0.062,1
37.54,1.73,1,0.02,2
66.85,2.85,2,0.358,3
34.53,15.95,3,0.1,0
42.99,2.63,2,0.444,3
38.56,11.55,4,0.056,0
32.09,0.2,1,0.024,2
162.14,0.46,2,0.046,1
18.03,14.25,3,0.105,0
50.76,3.42,2,0.314,3
51.24,15.34,3,0.128,0
38.65,13.15,2,0.121,0
59.08,2.1,2,0.304,3
66.69,3.96,2,0.225,3
36.58,11.9,2,0.093,0
114.64,2.11,2,0.038,1
43.39,1.64,1,0.031,2
186.86,2.1,1,0.0,1
46.72,3.59,2,0.25,3
254.19,2.6,2,0.098,1
202.8,1.34,2,0.081,1
208.29,2.59,2,0.068,1
194.11,2.06,2,0.059,1
23.31,0.88,1,0.0,2
38.75,18.13,4,0.119,0
196.21,1.73,2,0.06,1
222.79,2.73,2,0.052,1
222.39,1.03,3,0.049,1
38.61,2.74,1,0.311,3
211.34,2.43,2,0.054,1
173.3,2.79,1,0.028,1
41.35,2.41,2,0.356,3
29.11,7.29,2,0.152,0
43.21,13.42,3,0.029,0
230.92,2.34,2,0.076,1
153.66,1.12,3,0.026,1
61.25,2.94,2,0.302,3
28.42,10.69,1,0.156,2
29.56,1.38,1,0.037,2
45.01,8.22,3,0.114,0
246.12,1.2,1,0.054,1
43.9,3.75,2,0.369,3
39.51,8.84,4,0.09,0
192.21,1.98,1,0.04,1
50.91,2.69,2,0.359,3
31.07,10.81,4,0.105,0
49.54,1.41,2,0.232,3
196.49,1.94,1,0.057,1
23.59,16.13,2,0.061,0
37.33,17.22,3,0.063,0
23.44,0.54,1,0.052,2
19.99,1.31,1,0.029,2
190.59,1.71,2,0.039,1
28.11,1.02,2,0.019,2
194.88,0.2,2,0.071,1
35.59,3.81,2,0.331,3
37.39,4.07,2,0.346,3
155.42,2.09,1,0.082,1
222.71,2.02,4,0.015,1
39.07,12.28,2,0.156,0
30.48,1.19,1,0.063,2
44.5,3.23,2,0.289,3
21.04,1.75,1,0.019,2
33.34,13.24,4,0.044,0
32.27,11.23,2,0.088,0
21.37,0.65,2,0.033,2
36.24,2.38,2,0.293,3
206.1,0.75,1,0.011,1
189.11,1.57,2,0.023,1
40.08,2.13,2,0.523,3
36.31,10.85,2,0.12,0
227.74,2.94,2,0.0,1
172.68,2.23,2,0.038,1
47.46,14.04,3,0.145,0
192.26,2.84,2,0.087,1
249.2,1.96,2,0.069,1
187.58,1.52,1,0.007,1
34.75,9.22,3,0.152,0
47.95,1.25,1,0.405,3
22.89,1.5,3,0.362,3
48.06,2.67,2,0.393,3
33.78,1.58,1,0.0,2
236.04,2.3,2,0.024,1
55.82,3.31,2,0.416,3
32.44,10.42,3,0.152,0
22.39,10.52,3,0.056,0
28.1,11.94,2,0.098,0
223.65,1.52,2,0.013,1
233.38,2.03,2,0.043,1
38.22,10.55,3,0.083,0
32.6,2.45,2,0.383,3
7.24,1.13,1,0.025,2
35.46,2.48,2,0.419,3
212.11,1.67,2,0.003,1
32.57,1.05,1,0.0,2
197.73,2.02,2,0.012,1
159.89,2.02,2,0.095,1
33.04,13.7,2,0.164,0
259.25,1.48,1,0.088,1
211.87,2.08,2,0.021,1
37.32,3.4,2,0.574,3
196.12,1.04,1,0.101,1
30.22,11.73,3,0.081,0
44.9,2.94,2,0.28,3
21.44,1.0,1,0.0,2
27.0,14.62,3,0.173,0
183.67,1.99,2,0.067,1
39.57,1.24,1,0.031,2
207.39,2.87,1,0.018,1
47.73,3.22,2,0.344,3
201.28,2.0,2,0.037,1
46.8,12.58,4,0.128,0
54.68,2.16,3,0.38,3
28.56,0.9,1,0.009,2
28.58,14.3,4,0.131,0
243.23,2.18,2,0.046,1
44.49,15.71,2,0.116,0
43.9,12.13,3,0.046,0
27.96,12.85,3,0.141,0
37.67,10.82,3,0.207,0
27.3,10.81,2,0.082,0
240.09,1.96,2,0.04,1
195.4,0.88,2,0.071,1
47.57,12.35,4,0.127,0
25.13,11.27,3,0.134,0
39.13,3.67,2,0.362,3
39.33,3.77,3,0.351,3
209.04,1.26,2,0.038,1
51.73,2.94,2,0.297,3
25.78,12.58,2,0.128,0
20.18,0.82,2,0.007,2
39.47,10.53,4,0.096,0
46.1,2.52,2,0.436,3
24.95,3.66,2,0.417,3
55.79,3.38,1,0.244,3
35.72,2.57,3,0.298,3
26.99,0.92,1,0.0,2
20.19,1.42,1,0.0,2
29.13,1.25,2,0.05,2
41.46,10.91,1,0.103,2
219.53,1.62,1,0.064,1
24.97,12.28,3,0.093,0
56.72,1.68,1,0.276,3
40.63,9.95,3,0.101,0
200.85,1.66,3,0.097,1
245.67,1.66,2,0.029,1
222.35,2.41,3,0.069,1
59.91,1.66,2,0.415,3
23.09,1.06,1,0.044,2
179.09,1.19,2,0.121,1
68.0,2.12,2,0.305,3
42.79,3.88,2,0.325,3
32.39,3.04,2,0.427,3
66.66,2.02,2,0.474,3
46.22,3.91,2,0.419,3
20.83,0.2,1,0.009,2
33.15,13.34,3,0.087,0
144.37,1.13,1,0.004,1
33.64,1.46,1,0.0,2
30.06,1.44,2,0.0,2
23.08,1.5,1,0.013,2
16.08,0.77,1,0.042,2
26.94,8.38,3,0.073,0
46.43,10.29,3,0.109,0
173.58,1.87,3,0.036,1
38.74,13.45,3,0.013,0
45.51,13.56,2,0.119,0
156.02,1.87,3,0.092,1
60.23,2.75,1,0.215,2
14.0,15.11,3,0.094,0
29.08,4.29,2,0.179,3
41.63,2.44,2,0.357,3
30.03,13.53,3,0.108,0
204.2,3.38,3,0.021,1
28.4,3.42,1,0.329,3
20.82,1.78,1,0.022,2
44.12,2.76,2,0.492,3
225.15,1.89,2,0.095,1
22.96,0.55,1,0.031,2
57.82,2.5,2,0.421,3
41.2,14.62,3,0.085,0
197.51,3.12,2,0.051,1
33.29,11.53,2,0.11,0
45.56,3.02,2,0.406,3
32.6,11.34,3,0.098,0
39.74,12.82,4,0.066,0
48.75,1.65,1,0.401,3
36.11,2.59,2,0.368,3
23.27,11.58,3,0.138,0
28.58,2.84,2,0.435,3
20.2,0.22,1,0.03,2
50.16,3.33,1,0.45,3
201.84,2.66,1,0.013,1
33.75,10.53,4,0.03,0
169.43,0.41,2,0.103,1
236.93,2.46,2,0.073,1
221.06,1.5,2,0.0,1
39.14,10.1,3,0.172,0
60.55,3.01,1,0.348,3
231.89,2.85,2,0.087,1
26.41,0.97,1,0.037,2
226.37,2.05,2,0.093,1
20.36,2.81,2,0.42,3
30.26,0.85,1,0.008,2
35.54,12.24,3,0.099,0
38.23,9.73,5,0.118,0
33.87,4.27,3,0.074,0
43.04,12.35,3,0.075,0
20.08,0.64,1,0.0,2
21.54,1.44,1,0.017,2
152.81,2.24,2,0.035,1
143.2,2.07,1,0.031,1
25.1,11.94,3,0.114,0
164.44,0.81,2,0.06,1
30.33,9.23,2,0.142,0
171.8,1.48,3,0.085,1
40.99,2.11,3,0.246,3
188.98,1.63,1,0.054,1
31.45,1.66,1,0.338,3
24.05,0.53,2,0.046,2
25.12,4.57,2,0.307,3
53.66,3.03,3,0.439,3
70.95,2.92,3,0.371,3
227.57,2.29,2,0.001,1
33.34,15.12,4,0.051,0
60.93,2.89,2,0.405,3
39.13,2.59,2,0.339,3
194.97,1.39,2,0.087,1
58.78,3.51,3,0.361,3
202.45,1.9,2,0.044,1
44.13,3.36,3,0.41,3
223.8,1.45,2,0.046,1
31.82,8.21,4,0.051,0
37.56,2.8,1,0.392,3
188.24,1.93,2,0.032,1
36.06,2.5,1,0.388,3
15.8,1.42,1,0.014,2
24.66,13.65,3,0.031,0
37.62,16.53,3,0.099,0
24.24,3.43,1,0.271,3
50.01,3.17,2,0.41,3
23.96,0.68,1,0.0,2
26.17,15.4,4,0.191,0
45.42,2.9,2,0.258,3
246.01,2.68,2,0.061,1
189.63,2.66,3,0.023,1
211.65,3.24,3,0.054,1
29.55,2.71,2,0.374,3
214.53,2.42,2,0.02,1
39.38,10.75,3,0.13,0
27.48,10.28,3,0.187,0
38.14,12.02,3,0.083,0
23.91,0.64,1,0.011,2
47.4,2.12,3,0.391,3
35.46,12.18,4,0.07,0
23.35,1.07,2,0.006,2
203.01,1.15,2,0.099,1
32.97,7.35,3,0.096,0
208.26,2.19,2,0.066,1
61.52,3.49,3,0.386,3
46.19,2.11,2,0.262,3
179.5,1.6,1,0.078,1
20.66,10.65,2,0.023,0
53.1,1.9,2,0.345,3
24.28,8.87,4,0.172,0
32.69,14.51,4,0.074,0
52.24,3.82,2,0.236,3
53.0,3.36,3,0.384,3
41.37,6.44,2,0.18,3
197.32,1.5,2,0.022,1
46.28,3.8,2,0.429,3
38.6,13.12,3,0.12,0
42.78,8.17,2,0.06,0
213.7,2.33,3,0.101,1
36.43,13.64,2,0.132,0
207.87,1.99,2,0.072,1
18.38,1.21,1,0.035,2
24.69,12.24,4,0.076,0
33.98,14.45,3,0.083,0
191.02,1.51,2,0.088,1
159.16,2.58,3,0.003,1
164.9,2.0,2,0.051,1
38.25,14.46,2,0.055,0
31.95,1.99,3,0.275,3
60.67,3.58,1,0.357,3
40.72,10.04,3,0.103,0
34.36,12.11,2,0.087,0
47.88,2.85,1,0.375,3
41.82,1.98,2,0.495,3
44.84,3.34,1,0.503,3
24.03,7.56,2,0.075,0
26.49,0.72,1,0.049,2
29.78,2.79,2,0.255,3
210.51,2.31,3,0.024,1
197.32,1.68,1,0.029,1
33.26,10.97,3,0.101,0
52.48,5.71,2,0.271,3
26.94,11.56,2,0.096,0
188.23,2.23,2,0.07,1
20.32,1.58,1,0.037,2
204.65,1.4,1,0.105,1
24.6,16.18,5,0.127,0
30.84,12.3,3,0.13,0
188.57,2.04,2,0.008,1
37.13,3.43,2,0.307,3
213.81,1.38,2,0.038,1
44.97,11.39,2,0.117,0
189.18,2.21,2,0.089,1
26.0,1.04,1,0.0,2
170.95,1.86,3,0.029,1
27.69,0.87,1,0.036,2
222.79,1.16,3,0.05,1
43.82,14.12,3,0.09,0
37.08,2.44,2,0.332,3
41.73,3.83,3,0.346,3
31.48,6.01,3,0.127,0
31.6,3.59,2,0.417,3
30.73,4.97,2,0.338,3
43.02,15.71,2,0.123,0
26.15,1.04,1,0.0,2
47.07,2.33,2,0.396,3
45.2,3.1,2,0.385,3
183.27,1.61,2,0.0,1
38.43,15.34,3,0.007,0
204.22,1.79,3,0.016,1
35.33,0.45,2,0.037,2
26.01,14.92,3,0.057,0
26.26,1.53,1,0.027,2
34.85,1.17,1,0.04,2
37.71,14.26,2,0.078,0
42.35,2.5,2,0.271,3
42.24,3.69,2,0.36,3
52.93,2.39,2,0.37,3
207.8,1.72,3,0.077,1
37.44,2.31,3,0.322,3
161.57,3.0,2,0.025,1
31.35,1.31,1,0.031,2
28.71,12.16,2,0.111,0
46.27,2.61,2,0.376,3
37.67,3.21,2,0.449,3
34.31,13.43,3,0.073,0
186.68,3.02,1,0.02,1
22.35,0.78,1,0.008,2
147.54,1.96,2,0.016,1
214.5,2.48,2,0.002,1
217.92,2.96,2,0.025,1
208.25,2.54,1,0.093,1
43.29,8.69,2,0.158,0
23.04,0.96,1,0.021,2
22.73,0.98,1,0.029,2
210.76,1.04,2,0.05,1
251.62,1.93,2,0.039,1
34.6,1.57,3,0.261,3
58.74,3.75,1,0.347,3
38.93,3.48,2,0.135,2
51.44,9.94,2,0.128,0
167.15,1.69,2,0.008,1
27.45,0.2,1,0.012,2
44.35,3.22,2,0.201,3
218.65,2.03,2,0.027,1
214.37,3.01,2,0.031,1
170.4,3.02,2,0.06,1
220.34,1.46,1,0.098,1
35.33,9.55,2,0.144,0
18.96,1.57,1,0.027,2
30.61,0.96,1,0.004,2
172.98,1.42,2,0.0,1
205.89,2.06,2,0.046,1
39.6,17.28,2,0.076,0
25.7,1.68,1,0.0,2
35.25,13.2,3,0.057,0
35.21,9.44,2,0.13,0
36.52,12.76,2,0.095,0
171.48,2.32,2,0.052,1
27.97,14.9,3,0.069,0
62.52,2.31,3,0.349,3
29.61,11.5,3,0.107,0
33.21,15.15,3,0.082,0
51.94,3.09,2,0.403,3
44.58,3.7,2,0.338,3
31.69,3.06,2,0.288,3
26.67,1.38,1,0.054,2
194.95,1.95,2,0.037,1
158.36,1.25,1,0.04,1
35.9,1.91,2,0.0,2
48.83,3.05,2,0.4,3
36.69,11.43,3,0.126,0
46.97,12.28,2,0.066,0
40.94,3.08,1,0.508,3
60.46,2.88,2,0.451,3
41.97,2.25,2,0.271,3
241.2,1.24,3,0.049,1
40.72,18.5,3,0.07,0
43.41,2.44,2,0.404,3
136.66,2.87,2,0.091,1
54.55,3.44,3,0.417,3
45.53,9.49,3,0.093,0
44.04,4.07,2,0.384,3
42.81,4.1,2,0.358,3
29.13,12.74,3,0.1,0
53.52,3.18,1,0.453,3
51.38,3.74,2,0.318,3
32.33,12.18,4,0.155,0
56.23,4.08,2,0.213,3
43.62,12.38,4,0.147,0
30.28,1.23,1,0.048,2
51.05,11.28,2,0.098,0
20.74,11.48,5,0.088,0
180.32,2.22,2,0.053,1
240.81,1.76,2,0.046,1
225.41,2.89,2,0.041,1
196.15,2.98,2,0.026,1
33.48,12.26,4,0.149,0
42.5,11.61,2,0.099,0
223.44,0.7,2,0.093,1
20.85,0.84,1,0.036,2
46.48,2.54,2,0.347,3
34.39,10.11,3,0.125,0
32.24,15.63,3,0.122,0
27.39,0.96,1,0.016,2
31.89,13.59,4,0.108,0
34.38,3.71,3,0.537,3
237.73,2.25,1,0.05,1
201.53,2.44,3,0.106,1
37.46,12.38,3,0.068,0
32.06,7.88,2,0.032,0
204.91,2.62,2,0.033,1
185.33,2.23,1,0.028,1
58.77,2.7,2,0.427,3
215.67,2.11,3,0.032,1
55.65,3.84,2,0.296,3
24.95,0.84,2,0.0,2
47.42,2.91,2,0.465,3
28.96,1.22,1,0.029,2
207.62,3.03,2,0.03,1
190.44,0.62,2,0.036,1
161.67,2.98,2,0.051,1
30.79,8.21,3,0.066,0
60.32,3.49,3,0.386,3
206.6,2.58,2,0.003,1
58.79,2.15,2,0.297,3
37.49,2.72,1,0.379,3
31.09,12.22,3,0.028,0
25.05,1.54,1,0.038,2
31.49,0.49,1,0.022,2
43.98,3.7,1,0.275,3
50.2,4.23,3,0.295,3
195.51,1.97,1,0.031,1
39.89,4.4,3,0.408,3
55.1,3.37,2,0.241,3
37.22,11.86,3,0.109,0
17.33,1.1,2,0.066,2
155.59,2.72,1,0.068,1
146.67,1.86,2,0.036,1
25.83,8.69,4,0.143,0
188.4,3.67,2,0.052,1
258.79,2.17,2,0.0,1
202.86,1.69,3,0.054,1
24.2,0.57,1,0.013,2
22.18,0.51,1,0.035,2
27.75,0.96,1,0.002,2
39.41,1.75,1,0.338,3
195.79,0.63,2,0.028,1
47.63,2.44,2,0.276,3
29.45,13.71,3,0.078,0
33.48,3.91,3,0.347,3
195.08,1.91,1,0.055,1
219.36,1.92,2,0.03,1
223.68,0.66,2,0.02,1
221.09,2.46,2,0.111,1
28.44,11.01,2,0.149,0
41.31,1.7,2,0.361,3
42.8,2.69,2,0.25,3
157.63,1.63,1,0.042,1
51.73,3.32,3,0.376,3
181.59,0.73,3,0.024,1
23.9,1.49,1,0.019,2
40.21,1.68,3,0.313,3
33.74,3.05,2,0.457,3
203.77,2.48,2,0.0,1
24.96,1.13,1,0.0,2
30.53,15.08,2,0.138,0
67.55,3.29,2,0.374,3
51.2,3.64,3,0.308,3
34.7,2.75,2,0.294,3
45.15,16.9,4,0.131,0
31.37,3.73,2,0.411,3
43.85,4.36,1,0.406,3
36.96,1.49,3,0.418,3
50.64,15.73,4,0.173,0
39.05,10.86,3,0.082,0
208.03,1.78,2,0.056,1
24.76,0.95,1,0.002,2
44.72,13.87,4,0.118,0
252.14,0.96,1,0.071,1
37.83,10.01,2,0.098,0
229.52,1.49,2,0.011,1
49.66,2.7,1,0.452,3
176.53,2.52,2,0.028,1
29.58,15.34,3,0.088,0
41.26,2.4,2,0.334,3
32.93,10.57,3,0.168,0
201.74,2.31,2,0.068,1
37.21,9.29,3,0.117,0
30.81,3.68,2,0.26,3
46.29,4.59,1,0.394,3
165.35,1.57,3,0.103,1
191.36,2.11,3,0.089,1
52.57,2.98,2,0.394,3
25.94,14.88,3,0.132,0
30.13,0.53,1,0.018,2
29.86,8.68,1,0.095,2
250.27,1.49,1,0.036,1
43.26,3.27,2,0.33,3
37.23,3.92,2,0.468,3
37.91,12.07,2,0.114,0
188.4,1.38,2,0.068,1
41.41,16.12,2,0.057,0
25.72,0.42,1,0.0,2
211.91,2.25,2,0.045,1
28.92,13.63,3,0.173,0
212.24,2.06,2,0.035,1
182.86,2.18,3,0.024,1
208.15,2.63,2,0.045,1
35.38,2.86,2,0.421,3
176.42,2.55,2,0.099,1
30.2,2.57,2,0.323,3
190.4,1.3,2,0.094,1
33.44,15.13,3,0.052,0
29.12,11.17,2,0.081,0
32.14,10.25,3,0.087,0
43.01,3.93,2,0.176,3
169.21,2.97,2,0.105,1
225.14,1.26,3,0.058,1
48.32,11.24,3,0.067,0
23.93,13.67,3,0.068,0
16.88,1.59,1,0.028,2
31.69,2.36,1,0.496,3
42.16,10.25,3,0.105,0
203.13,2.97,3,0.0,1
19.29,1.21,1,0.0,2
49.86,2.07,2,0.344,3
49.47,12.19,5,0.055,0
242.06,2.31,4,0.088,1
225.05,2.71,3,0.046,1
213.89,1.8,2,0.002,1
28.29,12.58,4,0.091,0
55.28,3.32,2,0.354,3
34.89,15.71,1,0.18,0
26.8,0.55,1,0.005,2
30.37,11.01,3,0.087,0
38.88,14.47,1,0.102,0
39.41,3.71,3,0.348,3
38.05,1.67,1,0.309,3
141.57,1.57,1,0.049,1
42.36,14.51,2,0.06,0
39.36,13.69,3,0.148,0
49.57,2.11,1,0.221,3
127.95,3.11,1,0.074,2
22.47,0.55,2,0.056,2
42.78,13.53,2,0.181,0
26.44,0.64,1,0.034,2
26.37,0.72,1,0.0,2
49.63,2.9,1,0.437,3
49.06,10.02,4,0.094,0
29.5,2.85,2,0.306,3
30.02,13.8,3,0.096,0
35.94,3.03,2,0.441,3
42.87,2.3,1,0.398,3
26.54,11.85,3,0.096,0
40.1,15.43,3,0.094,0
32.2,10.18,2,0.119,0
40.93,3.35,2,0.303,3
43.13,3.12,1,0.379,3
37.28,10.71,3,0.053,0
183.52,1.91,3,0.048,1
13.43,0.54,1,0.0,2
42.68,11.04,3,0.129,0
193.1,1.26,1,0.0,1
155.53,2.75,2,0.011,1
29.96,13.62,3,0.079,0
21.21,1.19,1,0.023,2
29.43,12.87,2,0.061,0
58.46,3.18,3,0.31,3
199.75,1.91,2,0.091,1
29.7,12.71,3,0.07,0
22.08,0.4,1,0.04,2
34.45,8.91,3,0.037,0
48.75,11.31,4,0.137,0
220.92,2.15,3,0.056,1
54.68,12.0,4,0.029,0
30.37,1.14,1,0.0,2
32.28,12.99,3,0.14,0
214.95,3.47,3,0.078,1
190.25,1.7,2,0.002,1
16.09,0.78,1,0.035,2
199.78,1.66,2,0.039,1
224.58,2.25,1,0.038,1
25.78,0.51,1,0.0,2
23.15,1.68,1,0.034,2
41.34,11.13,2,0.126,0
35.76,11.2,2,0.015,0
38.42,12.26,2,0.016,0
188.04,2.71,2,0.115,1
40.4,0.82,2,0.38,3
37.72,13.66,3,0.065,0
244.45,2.44,2,0.021,1
25.91,1.16,1,0.025,2
20.88,0.94,1,0.0,2
234.17,1.47,2,0.001,1
38.4,12.0,2,0.114,0
222.34,2.43,3,0.044,1
30.92,11.88,3,0.072,0
58.55,3.07,2,0.283,3
45.82,2.59,2,0.334,3
45.59,2.11,1,0.476,3
30.13,2.68,2,0.275,3
33.58,9.43,2,0.122,0
136.19,2.07,3,0.075,1
36.28,11.3,3,0.05,0
12.45,0.6,1,0.019,2
40.9,3.45,2,0.347,3
45.73,4.45,2,0.29,3
25.79,0.79,1,0.043,2
26.78,17.04,3,0.115,0
178.42,1.55,1,0.061,1
27.34,0.26,1,0.014,2
16.84,15.94,2,0.056,0
51.18,3.56,2,0.319,3
40.58,10.91,3,0.079,0
48.09,2.43,3,0.429,3
23.95,1.53,2,0.0,2
191.44,2.48,2,0.051,1
225.1,0.96,2,0.023,1
34.33,9.64,3,0.078,0
21.49,1.14,1,0.013,2
201.32,2.66,2,0.059,1
193.45,2.87,1,0.06,1
205.93,3.12,3,0.038,1
190.97,1.87,1,0.049,1
36.09,3.44,3,0.399,3
212.16,2.64,2,0.053,1
43.39,3.76,1,0.3,3
22.11,15.21,3,0.093,0
220.78,0.82,1,0.009,1
40.88,12.94,3,0.071,0
34.25,2.51,2,0.25,3
47.69,2.72,1,0.307,3
19.51,0.64,2,0.005,2
206.66,2.36,2,0.05,1
240.0,0.82,2,0.102,1
189.11,3.07,1,0.017,1
264.69,1.91,1,0.033,1
24.43,1.07,1,0.004,2
31.61,8.45,2,0.106,0
29.03,12.62,4,0.058,0
161.39,0.29,2,0.095,1
30.91,11.46,3,0.126,0
37.1,3.29,2,0.47,3
34.4,2.11,3,0.256,3
32.47,12.44,3,0.053,0
29.29,0.36,2,0.044,2
53.26,4.58,1,0.325,3
26.25,9.77,4,0.094,0
15.06,1.03,1,0.024,2
193.86,1.79,3,0.07,1
28.17,12.64,2,0.085,0
47.62,2.6,3,0.399,3
42.78,12.76,3,0.07,0
27.59,10.79,3,0.057,0
194.39,2.37,2,0.045,1
164.62,2.48,2,0.033,1
185.31,2.46,2,0.031,1
30.93,18.68,3,0.123,0
28.41,1.83,2,0.048,2
224.34,1.29,3,0.018,1
38.16,3.59,2,0.297,3
37.84,12.24,4,0.137,0
16.59,0.92,2,0.003,2
219.24,1.85,2,0.073,1
49.77,2.9,2,0.424,3
34.82,15.7,3,0.074,0
39.98,3.2,3,0.226,3
52.23,2.34,3,0.271,3
214.37,1.39,2,0.001,1
44.51,2.74,3,0.18,3
161.23,2.9,3,0.025,1
274.37,2.94,2,0.002,1
112.78,1.37,2,0.005,1
35.62,9.07,3,0.151,0
235.99,3.06,1,0.0,1
46.23,2.55,3,0.347,3
153.81,2.92,2,0.04,1
24.66,11.26,3,0.071,0
173.94,3.09,2,0.073,1
159.65,1.45,3,0.054,1
244.3,1.77,2,0.036,1
173.59,2.16,2,0.075,1
39.15,10.72,1,0.103,2
30.63,6.12,2,0.065,2
223.79,1.43,2,0.046,1
45.22,3.08,2,0.342,3
25.16,14.18,4,0.109,0
290.61,2.11,3,0.084,1
175.12,1.79,2,0.032,1
177.32,2.39,3,0.077,1
54.03,3.57,3,0.335,3
221.26,2.0,3,0.037,1
37.02,13.44,3,0.104,0
237.78,2.6,3,0.101,1
21.35,1.43,1,0.044,2
18.93,1.04,1,0.041,2
39.92,13.84,4,0.064,0
43.53,3.4,3,0.223,3
40.34,1.33,2,0.315,3
34.19,15.55,4,0.075,0
22.67,6.41,4,0.07,0
30.47,10.48,3,0.095,0
28.29,10.93,3,0.142,0
225.6,0.95,2,0.02,1
34.4,16.87,3,0.13,0
39.78,16.86,2,0.114,0
51.22,1.75,3,0.272,3
39.07,7.37,4,0.103,0
32.85,8.9,2,0.093,0
251.01,2.59,2,0.031,1
25.35,2.54,3,0.31,3
43.85,2.53,2,0.28,3
27.55,1.04,1,0.029,2
39.05,11.16,3,0.051,0
52.64,3.32,1,0.443,3
241.16,1.28,2,0.041,1
34.42,14.27,3,0.159,0
187.87,2.33,2,0.038,1
31.97,12.13,3,0.081,0
41.44,15.14,3,0.086,0
20.39,11.7,2,0.094,0
32.68,15.33,5,0.116,0
146.63,2.56,2,0.036,1
40.8,3.32,1,0.211,2
9.71,1.48,1,0.002,2
17.37,1.03,1,0.0,2
174.79,2.33,2,0.059,1
221.74,0.29,2,0.038,1
34.79,1.42,2,0.264,3
33.99,12.71,3,0.102,0
27.31,1.03,1,0.057,2
24.0,0.9,1,0.011,2
38.78,10.6,1,0.059,2
33.49,3.96,2,0.362,3
57.57,3.5,2,0.414,3
246.16,3.24,3,0.106,1
219.16,1.61,2,0.041,1
228.82,2.3,3,0.06,1
34.23,10.48,4,0.046,0
175.13,2.61,2,0.008,1
25.15,17.25,4,0.162,0
166.09,1.79,2,0.038,1
213.16,2.25,2,0.07,1
35.32,2.98,2,0.384,3
45.29,3.44,2,0.421,3
152.84,2.67,3,0.086,1
32.47,7.83,3,0.107,0
47.5,12.32,3,0.084,0
41.83,17.28,2,0.087,0
38.38,10.29,3,0.062,0
52.79,4.02,2,0.354,3
200.87,1.81,3,0.035,1
46.16,3.72,1,0.447,3
19.96,9.22,3,0.137,0
21.33,1.66,1,0.047,2
37.33,10.78,4,0.0,0
20.09,3.62,1,0.395,3
26.24,1.07,1,0.055,2
29.64,10.67,4,0.184,0
188.17,2.47,2,0.035,1
41.43,1.41,1,0.024,2
172.9,2.83,2,0.004,1
49.3,2.48,2,0.26,3
257.38,1.82,2,0.064,1
18.64,1.36,1,0.0,2
176.58,1.67,2,0.037,1
45.31,1.91,2,0.424,3
182.43,1.88,3,0.043,1
172.95,0.8,2,0.069,1
50.97,2.64,2,0.369,3
37.18,3.11,2,0.357,3
25.85,8.23,5,0.068,0
30.9,13.03,4,0.11,0
33.88,9.44,2,0.056,0
57.61,3.71,2,0.368,3
40.99,13.06,3,0.079,0
42.7,14.94,3,0.161,0
17.18,13.03,4,0.155,0
30.02,1.01,1,0.007,2
210.6,1.96,2,0.043,1
32.33,9.95,3,0.116,0
37.59,14.02,3,0.175,0
26.93,9.99,3,0.052,0
164.87,1.44,1,0.044,1
47.65,10.05,3,0.123,0
41.06,7.55,4,0.091,0
33.78,14.88,2,0.074,0
51.42,2.73,2,0.371,3
219.73,1.51,2,0.065,1
40.65,11.31,4,0.119,0
43.65,2.36,3,0.334,3
226.55,3.59,3,0.006,1
184.62,1.82,3,0.048,1
166.91,2.0,2,0.0,1
15.46,11.72,4,0.048,0
40.32,1.96,2,0.348,3
35.6,2.07,1,0.22,2
32.15,10.89,2,0.126,0
46.82,4.03,2,0.248,3
43.18,6.2,3,0.088,0
200.13,1.59,2,0.01,1
25.48,13.81,4,0.126,0
51.19,3.35,1,0.419,3
51.37,3.66,2,0.386,3
38.94,9.34,3,0.107,0
17.84,1.12,1,0.0,2
210.22,1.27,1,0.045,1
22.62,1.35,1,0.007,2
36.1,10.06,4,0.151,0
185.96,3.22,2,0.036,1
179.63,1.55,1,0.003,1
164.98,1.98,2,0.052,1
46.37,2.09,2,0.197,3
52.72,3.97,2,0.326,3
237.52,2.47,2,0.07,1
241.44,1.47,1,0.043,1
22.69,0.6,1,0.01,2
34.97,3.18,2,0.298,3
28.94,13.81,3,0.103,0
186.18,1.5,2,0.064,1
43.22,11.94,4,0.122,0
227.25,1.48,3,0.025,1
53.16,3.45,2,0.359,3
144.76,1.27,2,0.065,1
32.31,1.0,1,0.009,2
184.36,2.26,3,0.047,1
38.74,11.03,3,0.082,0
36.79,3.11,1,0.166,2
186.04,2.11,4,0.045,1
41.13,13.55,3,0.086,0
40.5,7.14,3,0.053,0
199.5,3.0,1,0.026,1
22.67,0.71,1,0.016,2
50.37,12.63,3,0.095,0
176.37,1.9,1,0.054,1
214.16,2.5,1,0.058,1
215.26,1.7,2,0.04,1
160.62,1.76,2,0.042,1
195.69,1.57,1,0.02,1
23.16,0.51,1,0.0,2
46.59,10.2,3,0.11,0
259.61,1.48,2,0.003,1
31.12,6.9,3,0.192,0
199.93,1.62,1,0.041,1
228.36,1.9,1,0.064,1
164.56,2.39,2,0.078,1
27.62,13.73,3,0.131,0
34.82,17.81,3,0.13,0
44.05,2.08,2,0.218,3
57.85,8.8,2,0.094,0
50.87,13.21,3,0.048,0
51.89,3.42,2,0.362,3
41.28,2.61,2,0.306,3
57.32,3.68,2,0.342,3
50.71,12.75,4,0.025,0
179.43,1.51,1,0.065,1
49.34,10.9,4,0.082,0
46.86,3.92,2,0.361,3
18.26,1.44,1,0.012,2
45.11,3.23,2,0.276,3
49.76,4.39,3,0.15,0
28.02,1.91,2,0.297,3
33.57,3.71,2,0.372,3
186.62,2.51,2,0.069,1
37.04,4.3,2,0.451,3
181.57,2.59,1,0.04,1
38.19,14.82,2,0.059,0
25.12,12.86,3,0.063,0
40.32,14.55,2,0.082,0
23.82,13.8,3,0.107,0
36.09,0.91,1,0.034,2
25.22,1.11,1,0.0,2
25.96,15.61,3,0.15,0
46.59,1.73,2,0.413,3
201.84,1.17,2,0.042,1
14.11,1.1,1,0.0,2
232.53,1.87,2,0.043,1
37.48,9.94,3,0.126,0
56.57,3.07,3,0.216,3
51.3,2.07,2,0.397,3
176.86,1.81,2,0.101,1
42.95,10.96,3,0.066,0
55.74,4.02,3,0.224,3
52.95,3.12,2,0.581,3
59.62,3.34,1,0.248,3
41.06,3.24,2,0.343,3
36.68,2.77,1,0.341,3
58.94,3.96,2,0.261,3
46.22,1.87,2,0.37,3
44.76,1.97,2,0.288,3
34.55,9.54,4,0.089,0
288.5,1.93,2,0.019,1
41.71,2.95,2,0.275,3
191.89,2.92,2,0.02,1
177.3,3.28,1,0.077,1
36.77,2.12,1,0.4,3
217.9,2.04,2,0.0,1
28.6,0.84,1,0.032,2
15.36,1.45,1,0.0,2
29.5,8.08,2,0.009,0
26.3,13.67,2,0.174,0
244.41,2.71,4,0.078,1
41.12,2.67,2,0.235,3
36.6,16.08,2,0.157,0
20.38,1.4,1,0.054,2
222.14,1.9,3,0.098,1
43.88,10.0,3,0.125,0
44.28,7.77,3,0.127,0
32.79,3.81,2,0.27,3
36.5,13.5,5,0.042,0
171.36,1.77,2,0.047,1
17.0,13.7,3,0.051,0
40.43,4.92,2,0.484,3
200.21,1.66,2,0.055,1
47.8,3.53,1,0.307,3
215.5,2.33,2,0.06,1
24.19,1.15,1,0.03,2
220.94,1.98,1,0.032,1
151.5,1.3,2,0.085,1
31.42,12.84,3,0.111,0
49.89,3.04,3,0.361,3
34.16,1.3,1,0.0,2
202.12,1.84,1,0.071,1
30.4,14.4,3,0.085,0
167.15,0.27,3,0.083,1
57.77,2.81,2,0.385,3
44.6,13.06,5,0.104,0
49.64,3.26,2,0.35,3
26.91,1.2,1,0.012,2
241.36,2.01,3,0.013,1
24.93,1.19,1,0.023,2
55.92,3.09,2,0.382,3
30.98,0.59,1,0.004,2
26.75,3.49,3,0.352,3
23.22,4.21,2,0.297,3
42.78,2.12,2,0.373,3
236.16,0.75,3,0.006,1
42.31,17.29,5,0.008,0
41.83,3.18,1,0.424,3
25.43,1.6,1,0.022,2
24.33,0.65,1,0.0,2
28.17,2.87,1,0.416,3
22.63,3.73,3,0.491,3
49.16,3.41,2,0.254,3
60.11,3.3,3,0.363,3
31.81,13.25,2,0.107,0
59.77,3.11,2,0.319,3
206.33,1.66,2,0.07,1
36.61,4.07,2,0.302,3
26.18,2.44,2,0.353,3
39.97,16.52,2,0.122,0
27.49,13.43,3,0.077,0
44.03,12.78,4,0.079,0
46.9,2.64,2,0.402,3
207.43,1.45,3,0.045,1
34.86,10.69,3,0.125,0
47.1,10.57,3,0.145,0
24.44,11.09,3,0.096,0
193.25,2.79,2,0.053,1
22.63,0.73,1,0.026,2
49.96,1.89,1,0.41,3
49.2,16.27,4,0.075,0
34.76,7.65,2,0.12,0
60.32,3.38,2,0.265,3
30.63,14.26,4,0.1,0
39.18,2.63,2,0.381,3
174.19,0.91,2,0.065,1
34.9,1.03,1,0.034,2
48.8,3.44,2,0.449,3
44.83,2.66,2,0.302,3
165.95,1.02,2,0.006,1
27.39,16.92,3,0.048,0
212.67,2.54,2,0.036,1
35.13,4.23,3,0.358,3
37.39,3.45,2,0.333,3
37.17,7.92,2,0.05,0
34.76,7.09,2,0.17,3
44.37,2.74,2,0.499,3
181.69,1.98,2,0.049,1
44.18,2.51,3,0.275,3
62.07,3.21,2,0.272,3
43.4,2.97,2,0.36,3
21.07,0.95,1,0.002,2
39.77,2.39,1,0.387,3
183.85,2.56,2,0.046,1
197.9,2.33,1,0.048,1
28.03,4.07,2,0.372,3
239.21,1.72,3,0.053,1
204.5,2.1,3,0.058,1
36.93,2.67,3,0.231,3
39.37,10.3,5,0.067,0
214.8,2.61,3,0.069,1
29.81,13.13,3,0.062,0
41.62,2.3,3,0.331,3
210.14,1.49,3,0.06,1
54.16,14.98,2,0.084,0
224.45,3.0,3,0.05,1
50.29,3.3,2,0.391,3
46.39,3.52,2,0.257,3
41.32,15.04,4,0.087,0
198.34,2.44,2,0.003,1
24.86,1.54,1,0.008,2
42.73,11.28,3,0.181,0
42.49,11.69,3,0.088,0
44.46,2.87,2,0.279,3
50.74,2.88,2,0.232,3
231.32,2.11,2,0.034,1
62.89,3.99,2,0.393,3
64.93,3.18,2,0.389,3
34.76,10.6,3,0.179,0
208.08,3.16,3,0.072,1
206.21,1.92,1,0.022,1
32.89,12.2,4,0.182,0
42.22,13.3,3,0.074,0
50.44,3.28,2,0.367,3
225.66,2.78,2,0.067,1
44.39,13.85,3,0.126,0
27.65,10.57,3,0.052,0
183.69,0.88,1,0.056,1
37.79,1.09,1,0.0,2
184.02,1.29,2,0.055,1
218.51,2.29,1,0.047,1
48.41,7.77,4,0.118,0
20.95,12.54,1,0.137,0
27.09,3.45,2,0.461,3
195.13,1.25,2,0.046,1
37.76,7.69,4,0.129,0
34.98,3.45,2,0.348,3
34.77,11.2,4,0.093,0
27.16,1.15,1,0.011,2
37.76,14.07,2,0.076,0
32.37,10.21,2,0.175,0
31.46,1.94,2,0.371,3
29.42,1.25,1,0.017,2
32.32,0.85,1,0.054,2
38.65,11.56,3,0.161,0
34.16,13.44,3,0.099,0
24.19,1.54,1,0.025,2
201.31,2.13,2,0.037,1
27.7,3.41,2,0.267,3
20.04,0.75,2,0.025,2
35.27,0.42,1,0.0,2
43.48,4.05,1,0.545,3
38.15,13.19,2,0.099,0
35.01,11.27,2,0.075,0
21.36,0.62,1,0.021,2
40.08,7.06,3,0.081,0
219.3,1.53,2,0.044,1
25.69,11.28,3,0.016,0
175.4,1.74,3,0.074,1
204.08,2.25,1,0.071,1
47.28,3.77,2,0.319,3
230.65,2.71,3,0.063,1
37.84,16.61,4,0.1,0
28.89,10.97,3,0.088,0
43.77,3.46,1,0.298,3
211.6,2.72,2,0.077,1
39.17,7.86,3,0.077,0
15.54,0.82,1,0.0,2
39.13,2.3,1,0.328,3
43.03,3.96,2,0.331,3
20.48,1.54,1,0.01,2
36.22,10.36,4,0.053,0
23.75,12.92,3,0.104,0
50.22,15.33,3,0.086,0
122.94,2.09,1,0.033,2
52.8,3.09,2,0.401,3
200.92,2.98,4,0.013,1
147.91,1.34,2,0.076,1
50.63,13.68,2,0.084,0
32.62,9.64,3,0.01,0
68.42,2.95,2,0.335,3
230.09,2.14,1,0.057,1
223.58,3.28,1,0.101,1
25.54,11.38,3,0.071,0
27.87,9.03,2,0.129,0
33.36,2.46,1,0.438,3
41.79,12.64,2,0.051,0
49.79,4.38,3,0.273,3
23.46,13.65,3,0.055,0
46.47,15.13,3,0.138,0
193.47,1.95,3,0.071,1
22.11,15.81,3,0.093,0
43.4,2.31,2,0.3,3
31.98,16.9,3,0.134,0
185.68,1.64,2,0.068,1
31.86,14.58,4,0.155,0
26.67,1.28,1,0.015,2
27.96,14.11,3,0.091,0
30.19,2.3,2,0.464,3
32.25,3.02,1,0.255,3
184.77,2.97,3,0.022,1
26.6,11.95,3,0.083,0
43.93,3.0,2,0.166,3
54.27,4.51,2,0.197,3
46.03,7.84,2,0.13,0
55.45,2.08,2,0.469,3
40.18,13.71,2,0.082,0
39.26,13.28,3,0.011,0
25.78,1.37,1,0.045,2
46.07,16.4,3,0.079,0
35.13,4.04,2,0.361,3
42.82,13.35,2,0.143,0
39.33,0.58,2,0.061,2
201.24,2.85,2,0.063,1
29.75,12.46,4,0.012,0
35.93,7.68,4,0.136,0
187.27,2.92,2,0.069,1
46.38,3.29,1,0.45,3
42.53,14.82,2,0.127,0
27.71,1.64,1,0.0,2
176.63,2.17,1,0.069,1
224.23,1.26,3,0.066,1
31.06,9.22,3,0.158,0
27.97,3.83,2,0.333,3
40.2,10.71,2,0.196,0
32.44,12.67,4,0.113,0
232.8,2.89,1,0.081,1
31.49,11.63,3,0.096,0
32.65,11.74,2,0.09,0
30.0,12.41,2,0.144,0
219.44,1.96,2,0.082,1
137.55,3.53,2,0.023,1
30.66,14.91,3,0.052,0
17.43,2.7,2,0.325,3
175.78,1.06,2,0.078,1
41.67,15.85,3,0.147,0
160.97,2.59,1,0.059,1
19.08,10.1,4,0.175,0
40.78,10.62,3,0.025,0
66.82,2.45,2,0.311,3
24.33,0.75,1,0.0,2
30.82,11.32,2,0.138,0
225.99,2.93,3,0.065,1
21.59,0.93,1,0.03,2
199.28,2.62,2,0.035,1
50.85,1.89,3,0.393,3
62.2,2.08,2,0.327,3
34.71,11.95,3,0.088,0
60.37,2.9,2,0.247,3
188.69,2.66,2,0.027,1
32.18,0.2,1,0.028,2
30.92,10.84,4,0.04,0
18.79,0.75,1,0.005,2
224.34,1.99,2,0.036,1
37.47,8.95,3,0.144,0
222.01,1.27,2,0.026,1
163.93,1.56,3,0.043,1
44.44,9.95,3,0.101,0
202.88,2.39,2,0.012,1
17.61,14.96,4,0.129,0
250.74,2.56,1,0.013,1
170.14,2.06,3,0.052,1
40.11,2.88,2,0.337,3
215.99,1.72,2,0.074,1
59.42,1.79,2,0.342,3
39.9,6.42,3,0.135,0
40.92,2.92,2,0.134,2
19.33,1.32,1,0.044,2
56.42,3.83,2,0.303,3
63.98,2.45,2,0.384,3
43.59,10.57,3,0.107,0
226.51,1.4,2,0.053,1
206.44,1.51,3,0.092,1
28.65,10.08,4,0.151,0
190.98,2.55,3,0.102,1
49.5,3.31,1,0.193,2
189.76,1.71,2,0.005,1
215.66,2.44,2,0.043,1
192.51,2.6,2,0.062,1
33.87,1.15,1,0.0,2
191.15,1.99,2,0.091,1
31.18,3.45,2,0.284,3
40.66,3.8,1,0.333,3
193.63,1.64,3,0.028,1
205.21,2.15,2,0.031,1
36.56,8.29,4,0.078,0
45.36,13.69,3,0.083,0
45.03,1.66,1,0.304,3
161.32,1.4,2,0.072,1
216.62,1.21,2,0.008,1
35.37,6.85,3,0.056,0
33.02,11.11,3,0.133,0
36.03,8.8,3,0.117,0
54.26,2.89,2,0.282,3
44.72,2.26,2,0.366,3
14.63,0.69,1,0.011,2
43.74,2.36,2,0.42,3
16.23,0.2,1,0.045,2
28.64,8.32,4,0.08,0
22.14,14.63,4,0.132,0
263.28,1.01,2,0.031,1
255.12,2.41,2,0.04,1
35.32,11.77,3,0.132,0
69.58,3.49,1,0.451,3
191.11,1.94,2,0.054,1
192.33,2.17,2,0.071,1
43.59,11.69,2,0.14,0
38.09,11.69,2,0.026,0
15.33,10.2,3,0.145,0
31.26,11.43,4,0.021,0
214.15,1.63,3,0.087,1
197.75,2.23,1,0.094,1
22.45,0.74,1,0.037,2
17.05,1.19,1,0.058,2
28.3,1.09,1,0.023,2
40.59,4.68,2,0.221,3
41.58,9.04,4,0.079,0
255.98,0.82,3,0.016,1
30.15,9.23,4,0.152,0
49.43,2.04,2,0.256,3
170.68,2.27,2,0.045,1
135.59,1.59,2,0.045,1
26.77,0.99,1,0.012,2
32.61,1.04,1,0.05,2
37.53,10.18,3,0.132,0
227.58,1.76,2,0.045,1
27.09,0.63,1,0.018,2
28.12,20.77,2,0.085,0
28.48,1.22,2,0.024,2
24.56,9.99,3,0.048,0
48.59,3.32,1,0.38,3
43.49,4.53,1,0.381,3
47.7,2.38,2,0.329,3
231.08,2.96,3,0.094,1
187.74,2.15,1,0.0,1
184.0,2.25,2,0.053,1
33.63,9.59,3,0.15,0
51.14,4.03,1,0.367,3
32.91,0.68,1,0.0,2
195.84,0.73,3,0.068,1
21.59,0.65,1,0.045,2
257.56,2.35,2,0.009,1
43.33,1.63,2,0.355,3
216.41,2.38,2,0.1,1
172.8,3.22,2,0.037,1
134.18,1.97,1,0.039,1
52.52,4.17,2,0.172,3
212.53,1.91,2,0.04,1
39.75,11.93,2,0.102,0
56.94,3.18,3,0.325,3
53.9,2.29,2,0.265,3
38.0,8.51,4,0.115,0
45.95,3.64,1,0.368,3
24.05,1.19,1,0.054,2
28.62,11.75,3,0.119,0
43.99,10.59,2,0.089,0
36.68,3.52,3,0.418,3
49.82,5.21,3,0.089,0
172.72,1.28,1,0.04,1
30.43,1.33,1,0.04,2
49.13,4.25,2,0.244,3
34.99,1.01,2,0.032,2
26.72,14.13,3,0.094,0
25.68,4.34,2,0.282,3
67.43,2.63,3,0.272,3
30.91,10.36,3,0.075,0
70.29,2.1,2,0.41,3
197.81,0.6,1,0.017,1
164.32,1.4,1,0.107,1
18.15,1.1,1,0.018,2
37.03,1.12,3,0.445,3
33.14,10.05,3,0.037,0
139.06,3.29,2,0.027,1
58.3,2.52,3,0.319,3
58.1,2.23,1,0.359,3
175.71,2.28,2,0.074,1
25.1,0.47,1,0.0,2
245.67,1.59,2,0.084,1
40.01,17.06,4,0.083,0
35.2,14.75,2,0.127,0
19.19,1.23,1,0.034,2
38.74,4.23,1,0.436,3
11.9,1.02,1,0.019,2
153.69,1.32,2,0.0,1
47.83,3.81,1,0.405,3
54.3,3.55,2,0.263,3
47.77,1.59,2,0.29,3
40.47,3.44,1,0.272,3
38.96,2.74,2,0.284,3
35.56,3.41,2,0.455,3
175.66,1.83,2,0.103,1
35.47,11.28,3,0.116,0
22.57,0.38,1,0.022,2
230.65,2.9,3,0.054,1
229.84,2.03,1,0.036,1
144.62,2.13,3,0.048,1
25.81,0.92,1,0.01,2
200.76,1.39,3,0.07,1
53.89,3.7,1,0.352,3
144.61,1.74,2,0.072,1
225.0,1.94,3,0.076,1
60.41,2.93,2,0.425,3
27.47,0.72,1,0.001,2
44.81,3.72,2,0.258,3
44.57,3.1,3,0.319,3
39.63,8.07,3,0.102,0
54.04,2.85,3,0.311,3
190.51,2.24,1,0.064,1
33.59,3.0,2,0.282,3
53.91,4.45,2,0.215,3
24.77,12.24,2,0.04,0
25.05,12.8,3,0.081,0
184.87,1.98,2,0.056,1
189.31,2.41,2,0.049,1
191.37,3.12,2,0.106,1
205.74,2.29,3,0.054,1
42.9,13.06,1,0.127,0
19.35,16.25,4,0.051,0
121.03,0.89,2,0.105,1
40.04,14.43,4,0.2,0
176.4,2.02,1,0.074,1
45.37,3.36,2,0.303,3
25.8,0.73,2,0.042,2
52.82,2.72,2,0.405,3
237.09,1.76,2,0.068,1
35.11,15.89,3,0.034,0
45.64,2.88,3,0.185,3
19.13,2.27,2,0.389,3
212.55,2.06,2,0.029,1
30.35,0.82,1,0.004,2
27.85,10.54,2,0.094,0
209.73,1.54,1,0.046,1
204.09,1.12,2,0.059,1
192.48,1.82,2,0.057,1
195.13,1.8,2,0.059,1
44.7,2.22,3,0.346,3
30.02,10.57,2,0.052,0
34.04,14.98,3,0.092,0
151.42,3.19,1,0.081,1
164.84,1.62,1,0.073,1
33.25,10.91,4,0.119,0
221.85,2.42,3,0.083,1
30.82,12.46,3,0.048,0
25.24,0.7,1,0.046,2
25.57,13.4,4,0.13,0
212.59,2.07,1,0.109,1
50.1,2.86,2,0.263,3
182.52,2.28,1,0.075,1
228.37,1.16,2,0.116,1
150.27,2.32,2,0.022,1
30.5,1.34,1,0.054,2
33.77,0.82,1,0.001,2
198.98,2.78,2,0.111,1
182.32,2.37,2,0.072,1
197.07,2.4,2,0.059,1
40.02,3.62,2,0.332,3
56.99,2.2,2,0.547,3
36.67,8.4,1,0.071,2
43.0,2.39,3,0.438,3
42.68,3.16,2,0.157,3
51.19,3.05,1,0.335,3
224.91,2.6,2,0.034,1
35.4,10.42,3,0.081,0
47.28,3.75,1,0.525,3
29.37,14.27,3,0.133,0
56.21,3.49,2,0.335,3
45.39,13.02,3,0.051,0
49.27,2.99,2,0.37,3
36.68,3.7,3,0.411,3
32.81,11.91,2,0.123,0
36.44,1.31,1,0.013,2
26.99,1.28,1,0.0,2
41.24,2.93,2,0.369,3
22.92,13.74,3,0.085,0
231.55,2.1,2,0.044,1
223.6,2.51,3,0.046,1
21.94,1.11,1,0.003,2
18.6,1.34,2,0.001,2
57.73,2.27,2,0.259,3
22.39,0.88,1,0.043,2
170.03,2.14,2,0.045,1
225.15,1.16,2,0.034,1
198.58,0.36,2,0.049,1
42.6,1.53,1,0.026,2
52.16,2.68,2,0.437,3
193.64,2.28,2,0.022,1
201.23,2.03,2,0.033,1
48.69,3.74,2,0.477,3
26.52,2.62,2,0.371,3
31.52,3.45,2,0.339,3
61.58,3.54,2,0.343,3
36.37,9.67,3,0.022,0
32.78,1.06,1,0.018,2
39.63,14.84,3,0.107,0
45.58,2.57,2,0.423,3
238.73,1.68,2,0.075,1
50.64,4.25,3,0.522,3
54.15,2.5,3,0.418,3
31.05,1.15,2,0.03,2
17.41,1.57,1,0.034,2
190.0,2.86,1,0.031,1
28.39,9.67,4,0.059,0
42.37,11.15,2,0.135,0
31.68,8.35,3,0.131,0
193.27,1.49,3,0.021,1
54.39,2.5,1,0.284,3
26.85,10.58,3,0.086,0
19.38,12.63,3,0.049,0
16.09,0.8,1,0.0,2
36.2,14.05,2,0.092,0
178.01,2.16,2,0.076,1
32.29,12.11,2,0.124,0
191.79,1.55,2,0.072,1
47.73,5.31,2,0.351,3
31.27,11.35,4,0.129,0
195.05,1.99,3,0.02,1
43.39,3.24,2,0.298,3
21.21,15.41,3,0.039,0
55.49,3.05,2,0.38,3
34.31,2.74,2,0.51,3
22.31,0.89,1,0.046,2
226.68,2.53,1,0.068,1
27.16,12.7,4,0.124,0
53.5,5.27,3,0.5,3
243.54,3.42,1,0.031,1
175.63,1.77,2,0.08,1
39.57,2.79,2,0.334,3
177.41,2.07,3,0.075,1
164.51,2.14,2,0.085,1
37.44,4.29,2,0.273,3
33.11,17.05,3,0.047,0
36.39,12.85,3,0.097,0
200.7,2.48,2,0.04,1
56.94,16.76,2,0.039,0
62.02,3.37,1,0.334,3
51.25,3.41,2,0.212,3
39.76,13.58,2,0.114,0
20.72,0.39,1,0.027,2
45.47,3.46,2,0.428,3
40.24,1.02,1,0.393,3
228.65,1.63,3,0.03,1
39.58,1.72,2,0.327,3
201.42,2.34,2,0.063,1
219.65,2.0,2,0.044,1
170.8,2.57,2,0.023,1
43.96,3.03,2,0.36,3
35.85,6.22,3,0.036,0
223.67,2.36,2,0.077,1
146.1,2.19,1,0.047,1
43.13,12.54,4,0.106,0
38.55,2.51,3,0.31,3
43.48,3.51,3,0.228,3
44.93,2.65,2,0.293,3
47.31,3.36,2,0.333,3
43.06,2.95,3,0.37,3
22.9,1.63,1,0.009,2
50.46,3.31,3,0.354,3
18.16,4.88,3,0.115,0
207.13,2.89,2,0.085,1
27.46,0.62,1,0.011,2
20.63,0.87,1,0.014,2
41.94,2.54,2,0.364,3
22.55,0.98,1,0.033,2
35.02,2.79,2,0.359,3
34.97,11.15,3,0.078,0
49.29,12.21,2,0.13,0
39.97,2.88,2,0.523,3
16.18,14.76,4,0.129,0
44.31,6.88,3,0.086,0
39.54,9.65,4,0.118,0
54.68,2.81,2,0.208,3
44.67,2.49,1,0.347,3
33.07,12.28,4,0.052,0
153.09,2.72,2,0.044,1
175.54,1.44,2,0.0,1
27.54,1.21,1,0.005,2
62.21,1.68,1,0.369,3
27.65,0.61,1,0.015,2
38.87,10.12,3,0.108,0
46.75,3.09,2,0.356,3
31.7,5.44,1,0.11,2
33.17,15.48,3,0.061,0
34.12,1.38,1,0.036,2
26.93,0.92,1,0.0,2
49.13,2.32,2,0.192,3
21.89,0.35,2,0.007,2
206.66,2.83,2,0.029,1
207.05,2.16,2,0.093,1
43.51,3.15,2,0.318,3
26.31,14.72,4,0.121,0
198.23,2.12,2,0.0,1
174.87,3.18,1,0.037,1
233.4,2.72,3,0.085,1
21.53,12.9,4,0.024,0
17.89,1.23,1,0.038,2
23.68,1.44,1,0.0,2
52.16,2.6,2,0.227,3
36.82,12.12,1,0.145,0
30.03,12.53,3,0.101,0
135.11,1.46,2,0.066,1
32.59,4.61,2,0.372,3
41.49,14.42,3,0.07,0
165.94,2.48,2,0.052,1
25.89,14.23,3,0.094,0
43.22,1.33,2,0.379,3
162.33,2.45,2,0.05,1
34.98,11.36,2,0.124,0
36.15,13.33,2,0.124,0
23.43,12.07,2,0.116,0
244.67,2.24,1,0.05,1
61.68,2.28,1,0.442,3
40.93,3.08,2,0.275,3
36.49,2.68,3,0.435,3
49.93,1.57,2,0.31,3
33.29,2.81,3,0.417,3
49.99,4.11,2,0.456,3
21.77,1.44,1,0.037,2
211.54,1.83,2,0.0,1
39.07,3.84,2,0.34,3
29.94,8.33,2,0.038,0
219.34,3.09,2,0.025,1
36.09,4.46,2,0.427,3
200.33,1.97,2,0.022,1
165.58,0.83,3,0.026,1
37.83,12.57,4,0.078,0
24.48,12.85,2,0.15,0
222.87,1.5,3,0.077,1
48.23,1.81,2,0.438,3
20.49,1.07,1,0.004,2
245.92,3.46,3,0.066,1
45.76,2.5,3,0.479,3
40.56,8.37,4,0.122,0
180.32,1.85,1,0.0,1
50.16,13.81,3,0.163,0
32.61,12.92,4,0.094,0
120.86,2.01,1,0.039,2
45.12,1.51,2,0.354,3
49.95,2.66,3,0.318,3
29.51,1.01,1,0.022,2
39.95,3.24,2,0.294,3
27.61,12.44,4,0.069,0
233.28,1.1,2,0.075,1
37.13,13.66,3,0.033,0
193.17,1.87,2,0.086,1
171.28,2.07,3,0.099,1
36.92,13.36,4,0.104,0
152.88,2.67,3,0.141,1
34.44,10.6,4,0.058,0
56.47,2.49,2,0.228,3
44.89,3.28,1,0.475,3
32.84,0.3,1,0.012,2
190.04,2.5,2,0.0,1
26.97,0.73,1,0.007,2
247.02,1.33,2,0.065,1
152.84,1.28,2,0.059,1
29.44,2.93,2,0.321,3
37.97,2.59,2,0.412,3
46.36,3.14,2,0.301,3
212.97,2.11,3,0.115,1
25.85,1.37,1,0.005,2
25.89,1.51,1,0.005,2
174.38,2.83,2,0.031,1
36.39,11.17,2,0.082,0
220.09,1.77,2,0.058,1
43.93,12.78,3,0.136,0
197.95,1.56,3,0.049,1
35.88,2.5,2,0.379,3
19.77,1.2,1,0.01,2
28.59,10.76,2,0.14,0
35.48,3.54,2,0.284,3
28.57,1.32,1,0.042,2
34.04,8.31,3,0.046,0
30.07,6.31,3,0.081,0
217.33,1.51,3,0.084,1
17.63,0.87,1,0.025,2
43.89,18.83,4,0.057,0
42.58,12.71,4,0.052,0
219.26,2.5,2,0.102,1
145.93,2.44,3,0.063,1
169.84,2.52,1,0.021,1
54.19,2.84,3,0.404,3
41.31,2.83,2,0.258,3
168.54,1.31,2,0.125,1
62.03,3.2,1,0.383,3
36.72,3.3,1,0.493,3
44.42,2.36,2,0.495,3
52.18,2.68,3,0.372,3
249.33,1.82,3,0.096,1
36.18,2.7,2,0.351,3
166.12,1.42,2,0.058,1
235.29,1.94,2,0.068,1
44.31,6.7,3,0.06,0
37.13,2.5,2,0.25,3
212.78,2.09,1,0.045,1
35.63,8.2,3,0.098,0
192.65,2.38,1,0.034,1
32.63,8.68,3,0.145,0
199.21,1.0,2,0.07,1
21.1,1.73,2,0.02,2
33.25,4.2,1,0.355,3
21.86,1.88,1,0.02,2
143.28,1.54,2,0.09,1
43.32,4.0,2,0.303,3
218.24,2.08,3,0.047,1
36.24,2.93,2,0.376,3
32.15,10.02,2,0.081,0
27.23,15.33,4,0.075,0
216.91,0.91,2,0.047,1
26.38,9.92,3,0.082,0
219.83,1.87,3,0.02,1
35.78,10.29,4,0.129,0
35.45,16.85,2,0.062,0
43.72,12.48,3,0.043,0
50.0,2.09,3,0.459,3
161.2,3.47,2,0.012,1
227.46,1.28,1,0.039,1
31.36,10.8,3,0.069,0
194.42,2.96,1,0.062,1
230.97,1.76,1,0.041,1
34.58,8.0,3,0.1,0
36.74,2.9,3,0.324,3
58.2,3.14,2,0.434,3
26.17,1.51,1,0.016,2
20.69,3.06,1,0.3,3
55.64,2.46,2,0.272,3
213.29,0.87,2,0.073,1
240.23,3.05,2,0.068,1
41.15,3.15,2,0.29,3
243.96,1.94,3,0.07,1
38.39,2.07,2,0.336,3
39.91,14.71,4,0.026,0
26.77,1.09,1,0.009,2
33.21,3.38,2,0.427,3
59.22,3.75,2,0.393,3
14.13,1.54,2,0.005,2
223.44,1.86,2,0.065,1
41.77,10.46,2,0.049,0
225.1,1.66,2,0.039,1
52.47,1.97,2,0.387,3
33.44,11.63,4,0.122,0
30.94,12.38,4,0.099,0
31.66,6.69,3,0.104,0
19.78,14.6,4,0.097,0
57.32,2.81,1,0.469,3
26.91,1.31,1,0.029,2
28.01,2.43,1,0.458,3
22.47,13.65,3,0.134,0
30.14,0.58,1,0.021,2
22.28,0.34,2,0.031,2
28.57,3.53,2,0.35,3
30.4,10.14,3,0.096,0
31.86,0.64,1,0.042,2
43.63,12.11,3,0.107,0
44.26,10.52,3,0.074,0
219.12,1.24,2,0.004,1
46.23,10.01,2,0.078,0
62.05,2.67,2,0.34,3
32.2,11.09,4,0.052,0
21.02,1.75,1,0.055,2
38.02,7.69,3,0.098,0
11.14,0.99,1,0.046,2
37.88,4.44,1,0.383,3
36.97,16.2,3,0.087,0
58.8,2.41,2,0.351,3
199.39,2.37,1,0.054,1
17.7,0.86,1,0.008,2
15.71,0.74,1,0.048,2
40.51,3.85,2,0.346,3
26.76,1.01,1,0.021,2
154.19,2.21,2,0.083,1
24.07,0.63,1,0.012,2
42.75,10.1,4,0.079,0
211.08,2.31,3,0.079,1
33.76,10.39,3,0.029,0
36.79,17.47,3,0.153,0
28.22,2.65,1,0.314,3
226.89,1.46,2,0.0,1
54.3,3.65,1,0.286,3
41.72,9.98,2,0.054,0
29.09,8.71,2,0.071,0
27.79,9.83,3,0.116,0
239.35,2.36,2,0.066,1
232.45,1.22,3,0.07,1
43.21,3.7,3,0.27,3
31.29,2.31,2,0.38,3
42.99,2.73,3,0.458,3
37.77,3.97,2,0.311,3
70.27,2.36,2,0.414,3
249.09,2.09,2,0.053,1
202.24,2.56,2,0.083,1
60.02,2.81,2,0.372,3
40.72,13.77,4,0.086,0
35.78,1.65,1,0.029,2
26.52,6.31,3,0.052,0
25.52,0.83,1,0.0,2
44.69,2.34,2,0.336,3
184.46,2.28,2,0.031,1
30.97,2.89,2,0.388,3
47.46,10.14,3,0.051,0
176.57,2.83,2,0.069,1
59.87,3.89,2,0.341,3
44.48,4.89,1,0.299,3
235.24,2.04,1,0.038,1
22.22,0.85,1,0.006,2
247.9,1.95,3,0.037,1
47.86,3.5,2,0.432,3
199.05,1.38,1,0.038,1
23.74,0.88,1,0.052,2
20.21,0.67,1,0.0,2
55.65,3.05,2,0.185,3
47.32,10.34,2,0.099,0
38.35,3.06,2,0.352,3
33.56,14.82,3,0.173,0
50.47,10.06,3,0.108,0
177.91,3.13,1,0.095,1
31.07,14.56,2,0.116,0
23.28,1.17,2,0.03,2
66.61,4.37,2,0.237,3
212.23,1.78,2,0.025,1
49.33,3.67,2,0.305,3
27.92,3.22,2,0.323,3
24.07,1.64,2,0.29,3
62.61,2.96,3,0.339,3
217.2,2.9,2,0.07,1
172.46,2.51,2,0.055,1
27.88,11.9,3,0.073,0
189.39,3.19,1,0.079,1
210.23,2.8,2,0.095,1
26.81,0.39,1,0.024,2
32.39,10.44,3,0.014,0
32.09,9.64,2,0.054,0
37.26,11.13,3,0.063,0
167.18,2.53,2,0.056,1
35.16,1.51,1,0.0,2
195.82,3.14,2,0.092,1
199.01,1.76,1,0.067,1
31.39,3.56,3,0.297,3
37.08,14.02,3,0.149,0
30.71,6.44,5,0.113,0
206.39,1.86,3,0.092,1
56.41,2.68,2,0.393,3
21.98,13.04,3,0.145,0
192.89,2.4,1,0.0,1
42.95,11.09,1,0.08,2
154.35,1.82,2,0.058,1
45.53,9.87,4,0.08,0
41.8,1.26,2,0.325,3
28.07,10.84,2,0.134,0
46.01,2.79,2,0.41,3
31.5,11.96,4,0.077,0
37.28,2.4,2,0.465,3
30.9,3.32,2,0.343,3
42.47,9.24,3,0.136,0
25.69,13.6,4,0.093,0
25.79,0.91,1,0.013,2
51.98,15.76,5,0.077,0
37.95,2.99,3,0.309,3
38.31,2.6,2,0.434,3
196.76,4.03,3,0.07,1
50.37,3.63,2,0.262,3
31.92,10.6,3,0.098,0
62.36,3.63,2,0.409,3
197.03,2.23,2,0.021,1
227.58,2.88,3,0.097,1
42.31,2.84,3,0.259,3
175.03,1.88,2,0.019,1
57.51,2.52,1,0.298,3
24.25,1.0,2,0.016,2
243.12,2.12,3,0.126,1
26.47,4.39,1,0.263,3
193.01,2.47,2,0.032,1
35.32,8.88,4,0.159,0
209.09,1.89,3,0.009,1
200.12,2.33,2,0.057,1
266.77,2.18,2,0.024,1
31.06,15.37,3,0.115,0
41.76,3.0,2,0.274,3
245.3,2.19,1,0.027,1
37.27,2.84,1,0.35,3
11.63,0.69,1,0.036,2
145.45,2.39,3,0.066,1
237.38,1.21,2,0.038,1
24.74,1.27,1,0.005,2
31.44,12.02,4,0.13,0
226.23,2.38,2,0.0,1
24.92,0.52,2,0.028,2
259.71,2.46,2,0.016,1
26.28,11.79,3,0.103,0
188.35,2.07,3,0.103,1
31.39,10.29,3,0.107,0
29.91,1.26,2,0.029,2
38.42,0.4,1,0.0,2
30.92,15.0,2,0.032,0
23.87,1.52,1,0.015,2
37.46,2.09,2,0.444,3
40.26,3.8,2,0.229,3
40.99,12.54,4,0.13,0
26.84,15.77,2,0.063,0
37.65,10.83,3,0.122,0
32.15,11.34,3,0.101,0
28.52,11.02,2,0.139,0
53.3,2.23,3,0.363,3
26.12,1.23,1,0.02,2
184.68,2.54,1,0.085,1
27.72,13.29,3,0.0,0
38.46,1.77,1,0.388,3
196.39,2.24,2,0.064,1
42.94,2.33,2,0.258,3
39.27,4.12,2,0.152,2
19.71,0.43,2,0.0,2
34.05,9.55,3,0.145,0
186.76,2.53,1,0.071,1
41.77,9.92,3,0.057,0
43.54,4.23,2,0.433,3
36.19,7.45,3,0.11,0
20.54,1.4,1,0.031,2
22.26,14.33,4,0.079,0
44.28,12.93,2,0.084,0
29.93,1.04,2,0.0,2
28.5,10.78,3,0.097,0
49.18,3.32,2,0.283,3
32.9,0.5,1,0.082,2
46.85,3.19,2,0.467,3
194.28,2.89,2,0.04,1
51.17,3.04,2,0.377,3
231.05,1.71,2,0.102,1
22.42,0.65,1,0.028,2
187.32,2.81,2,0.023,1
68.17,2.79,1,0.36,3
26.22,1.33,1,0.037,2
178.89,1.75,2,0.031,1
19.96,10.72,2,0.102,0
44.55,3.39,3,0.368,3
32.22,11.33,3,0.031,0
33.57,2.9,2,0.252,3
44.45,1.13,1,0.282,3
37.32,2.83,2,0.365,3
193.68,2.72,2,0.092,1
31.46,2.14,2,0.39,3
40.97,12.41,3,0.093,0
27.08,9.63,5,0.117,0
45.36,10.91,3,0.193,0
37.97,3.73,2,0.293,3
178.71,2.61,2,0.033,1
28.0,11.61,2,0.087,0
220.74,1.4,2,0.039,1
169.6,1.7,3,0.033,1
61.82,1.91,3,0.397,3
190.92,2.46,2,0.05,1
225.65,2.35,1,0.06,1
24.45,0.91,1,0.0,2
24.11,2.8,2,0.404,3
38.56,12.47,2,0.044,0
22.79,0.95,1,0.034,2
230.01,0.79,1,0.018,1
24.31,11.05,4,0.098,0
200.44,2.25,2,0.026,1
37.44,15.5,2,0.054,0
40.05,14.44,4,0.131,0
176.48,3.33,2,0.065,1
36.61,0.87,1,0.007,2
191.64,2.61,2,0.103,1
32.11,7.25,2,0.186,3
41.97,3.6,2,0.301,3
31.81,3.18,2,0.369,3
50.33,7.13,4,0.115,0
215.78,2.3,2,0.081,1
34.56,2.01,3,0.243,3
49.56,2.02,2,0.363,3
214.89,1.56,2,0.044,1
214.15,1.11,2,0.052,1
246.25,1.57,2,0.012,1
51.63,4.07,2,0.398,3
28.57,0.93,1,0.042,2
183.97,1.91,2,0.031,1
153.18,1.02,3,0.04,1
164.4,1.88,2,0.08,1
194.5,1.8,2,0.071,1
22.91,0.76,2,0.0,2
177.01,1.73,3,0.0,1
45.07,12.34,4,0.042,0
205.62,2.01,1,0.036,1
41.47,17.29,3,0.073,0
21.34,1.4,1,0.015,2
54.84,1.91,1,0.386,3
165.66,2.43,2,0.042,1
39.72,3.17,2,0.151,2
240.56,0.96,2,0.077,1
210.12,1.81,2,0.086,1
213.63,2.53,1,0.035,1
204.56,2.31,3,0.078,1
64.25,1.97,2,0.275,3
227.22,1.53,2,0.05,1
16.6,1.86,2,0.051,2
36.25,13.14,1,0.138,0
32.05,2.79,2,0.404,3
253.45,1.4,1,0.072,1
206.02,2.48,2,0.098,1
38.61,2.83,2,0.316,3
170.86,1.18,2,0.096,1
26.97,9.96,3,0.081,0
36.95,13.25,2,0.084,0
55.31,3.15,2,0.443,3
47.67,2.24,2,0.218,3
185.83,2.17,3,0.038,1
43.34,9.77,2,0.119,0
161.76,1.05,1,0.071,1
37.32,3.79,3,0.307,3
15.89,1.1,1,0.002,2
37.89,0.67,1,0.0,2
56.34,3.18,2,0.279,3
20.73,1.43,1,0.0,2
49.67,1.01,2,0.333,3
25.95,9.71,4,0.142,0
232.85,2.06,2,0.069,1
33.29,0.48,2,0.008,2
166.88,1.35,2,0.036,1
43.51,2.54,2,0.315,3
60.83,3.27,2,0.417,3
220.68,1.92,2,0.061,1
33.11,2.21,3,0.236,3
228.15,1.69,3,0.074,1
45.7,2.09,2,0.364,3
37.87,15.36,5,0.099,0
20.98,0.55,1,0.034,2
36.89,8.07,3,0.157,0
190.08,1.63,2,0.044,1
27.64,7.44,3,0.07,0
53.36,4.38,2,0.347,3
36.3,15.13,4,0.073,0
27.71,1.23,1,0.015,2
44.44,13.46,3,0.092,0
39.04,12.88,3,0.101,0
26.9,16.58,4,0.116,0
40.38,1.91,1,0.429,3
58.39,3.19,1,0.272,3
46.81,19.52,3,0.07,0
26.97,0.47,1,0.047,2
46.1,1.75,2,0.391,3
39.06,2.76,3,0.36,3
29.72,13.77,3,0.027,0
143.22,1.21,1,0.038,1
199.97,1.89,3,0.085,1
183.85,1.89,2,0.037,1
19.17,1.15,1,0.021,2
43.02,14.21,3,0.184,0
31.77,10.22,4,0.062,0
233.65,2.44,2,0.066,1
204.67,2.36,3,0.041,1
33.3,0.87,1,0.031,2
60.31,3.05,1,0.281,3
45.15,11.35,3,0.102,0
228.72,1.8,2,0.057,1
17.24,12.94,3,0.068,0
34.87,8.06,4,0.024,0
216.16,2.18,3,0.047,1
223.9,1.44,2,0.025,1
60.6,2.8,2,0.411,3
45.63,10.81,3,0.069,0
54.11,4.12,1,0.267,3
42.78,2.47,2,0.3,3
21.09,0.55,1,0.017,2
36.73,1.24,1,0.009,2
190.17,1.66,3,0.061,1
55.33,12.13,2,0.086,0
49.15,12.2,2,0.122,0
34.61,14.17,3,0.112,0
50.29,12.84,2,0.094,0
18.48,14.35,3,0.136,0
34.65,3.1,3,0.466,3
26.55,0.84,1,0.033,2
20.04,2.97,2,0.26,3
33.78,1.35,1,0.038,2
47.65,2.65,1,0.426,3
205.88,1.23,3,0.054,1
177.32,2.4,3,0.017,1
30.26,1.18,1,0.02,2
185.08,1.49,3,0.0,1
55.07,2.72,2,0.509,3
175.49,1.69,2,0.016,1
191.7,1.11,2,0.059,1
32.83,12.78,2,0.105,0
227.85,3.43,1,0.095,1
148.54,2.38,1,0.068,1
238.9,1.67,3,0.073,1
19.17,0.92,1,0.005,2
36.87,3.96,3,0.46,3
200.9,1.75,2,0.048,1
36.96,10.61,4,0.063,0
37.5,0.25,1,0.039,2
46.63,2.17,2,0.321,3
33.24,1.84,1,0.0,2
26.93,0.37,1,0.008,2
27.28,0.83,1,0.0,2
225.66,2.89,2,0.083,1
235.83,1.01,2,0.0,1
193.0,1.45,1,0.046,1
23.49,0.64,1,0.013,2
45.29,3.26,2,0.299,3
44.81,10.17,3,0.035,0
214.19,0.61,2,0.094,1
150.19,1.45,2,0.069,1
198.37,1.66,2,0.012,1
160.07,1.53,2,0.074,1
32.72,10.29,3,0.06,0
34.29,13.38,4,0.122,0
25.15,0.88,1,0.056,2
41.06,1.89,2,0.466,3
27.2,11.98,3,0.206,0
25.44,0.83,1,0.034,2
27.55,10.76,3,0.13,0
140.43,2.57,2,0.037,1
43.25,9.74,4,0.026,0
52.26,2.52,2,0.444,3
49.73,2.9,1,0.257,3
57.72,1.91,2,0.23,3
31.36,1.18,1,0.025,2
40.99,10.56,3,0.105,0
238.44,2.26,2,0.037,1
42.66,16.66,3,0.095,0
30.39,10.66,3,0.155,0
238.11,2.4,2,0.082,1
31.46,14.57,3,0.027,0
205.46,2.03,3,0.02,1
45.21,11.36,4,0.144,0
206.78,2.21,1,0.055,1
32.52,1.39,1,0.043,2
182.51,2.73,1,0.039,1
47.14,13.23,2,0.119,0
227.1,2.27,1,0.045,1
285.58,2.46,1,0.019,1
22.84,1.05,1,0.021,2
51.42,4.47,2,0.331,3
228.1,2.33,1,0.116,1
34.99,11.23,3,0.091,0
49.82,2.86,2,0.416,3
163.05,1.42,2,0.05,1
17.62,10.28,4,0.069,0
32.8,3.79,3,0.395,3
202.83,1.87,1,0.096,1
226.18,1.63,3,0.009,1
73.04,2.94,1,0.232,3
51.98,2.16,2,0.522,3
218.75,1.68,2,0.062,1
30.95,9.8,2,0.131,0
20.49,0.55,1,0.006,2
36.12,10.31,4,0.104,0
34.55,12.36,1,0.113,0
44.4,10.65,3,0.146,0
35.17,13.65,5,0.11,0
36.38,0.87,1,0.007,2
40.7,15.5,3,0.072,0
54.63,2.71,3,0.431,3
47.52,3.77,2,0.431,3
33.09,10.22,2,0.139,0
164.76,0.2,1,0.071,1
244.26,2.4,3,0.079,1
15.42,1.69,1,0.039,2
53.75,1.9,1,0.306,3
45.18,15.51,5,0.017,0
32.35,8.51,2,0.144,0
17.75,0.75,1,0.007,2
32.57,7.77,3,0.151,0
50.64,3.43,3,0.411,3
39.26,15.37,1,0.081,0
50.32,11.32,3,0.156,0
161.67,1.66,3,0.055,1
226.96,1.87,2,0.061,1
35.4,14.42,3,0.151,0
48.7,13.95,3,0.094,0
171.52,2.47,1,0.035,1
43.21,4.01,2,0.388,3
46.91,3.11,2,0.516,3
36.36,16.77,4,0.112,0
204.9,1.28,2,0.066,1
25.69,11.27,2,0.104,0
168.48,0.48,3,0.103,1
218.83,2.23,2,0.082,1
225.52,2.42,2,0.026,1
195.27,2.14,2,0.082,1
58.49,14.17,2,0.126,0
36.45,2.58,2,0.592,3
216.94,1.19,1,0.005,1
37.29,10.87,4,0.059,0
32.29,4.5,2,0.353,3
269.75,2.47,2,0.041,1
49.4,2.45,2,0.383,3
38.8,11.97,3,0.097,0
35.59,3.74,3,0.232,3
45.76,3.47,2,0.322,3
47.13,2.79,2,0.419,3
28.44,6.45,2,0.112,2
25.05,11.8,4,0.088,0
46.9,13.05,4,0.066,0
50.87,3.99,2,0.362,3
49.33,1.75,3,0.42,3
29.58,3.29,3,0.389,3
45.48,2.98,1,0.35,3
201.07,1.74,2,0.043,1
54.06,1.78,2,0.256,3
12.76,1.75,1,0.015,2
43.09,16.01,4,0.021,0
53.29,2.0,1,0.423,3
53.42,2.98,2,0.422,3
37.25,11.31,2,0.082,0
232.68,0.86,2,0.071,1
44.11,3.74,2,0.292,3
190.86,2.66,1,0.049,1
165.02,1.41,2,0.021,1
41.84,4.27,3,0.421,3
51.87,3.48,2,0.324,3
24.74,0.61,1,0.007,2
41.52,11.22,3,0.087,0
32.91,13.27,4,0.108,0
46.72,2.42,1,0.43,3
22.72,0.68,1,0.024,2
217.92,1.91,2,0.061,1
52.8,2.69,2,0.337,3
28.43,11.65,2,0.069,0
56.7,14.07,3,0.101,0
27.49,10.41,2,0.081,0
30.55,11.36,4,0.127,0
68.81,4.01,2,0.247,3
216.46,1.1,2,0.083,1
187.62,1.26,3,0.047,1
30.99,4.15,2,0.292,3
27.99,3.26,1,0.395,3
217.9,2.07,2,0.071,1
206.44,1.61,2,0.027,1
241.84,2.36,2,0.066,1
47.58,3.2,2,0.389,3
34.16,14.6,4,0.089,0
60.43,3.6,2,0.45,3
62.43,4.8,2,0.293,3
185.27,1.69,1,0.102,1
28.91,2.3,2,0.288,3
169.85,2.35,2,0.02,1
45.98,11.44,4,0.141,0
32.81,12.9,3,0.135,0
176.94,2.65,3,0.022,1
38.92,13.14,4,0.096,0
21.14,3.41,2,0.321,3
157.09,3.32,2,0.121,1
182.22,2.75,3,0.047,1
32.78,0.98,1,0.006,2
31.23,1.07,1,0.036,2
30.5,0.33,1,0.029,2
24.69,12.89,5,0.099,0
34.21,6.98,3,0.108,0
26.89,0.2,1,0.031,2
211.96,1.39,1,0.025,1
41.17,7.22,3,0.05,0
159.28,2.93,1,0.051,1
48.43,3.35,3,0.33,3
29.53,0.76,1,0.047,2
50.17,2.94,1,0.389,3
24.73,1.81,1,0.0,2
29.79,17.54,3,0.091,0
34.26,2.46,2,0.198,3
39.69,2.35,2,0.273,3
46.02,2.11,2,0.268,3
205.05,2.52,1,0.024,1
45.05,2.72,3,0.378,3
43.97,3.07,2,0.369,3
192.97,2.5,3,0.071,1
48.23,4.11,2,0.261,3
43.04,3.72,2,0.414,3
32.59,8.31,4,0.048,0
33.51,15.36,3,0.075,0
27.31,1.97,1,0.028,2
42.4,17.29,2,0.11,0
196.72,1.02,2,0.067,1
37.19,2.24,2,0.374,3
43.34,3.09,2,0.282,3
45.32,3.07,2,0.432,3
177.86,2.03,2,0.063,1
20.09,0.8,1,0.0,2
36.49,12.78,1,0.105,0
57.84,3.32,1,0.407,3
21.25,0.92,1,0.044,2
45.51,10.97,2,0.127,0
26.07,1.0,1,0.038,2
13.62,1.19,1,0.0,2
199.98,2.61,2,0.04,1
57.06,4.13,2,0.33,3
49.36,4.07,3,0.06,0
205.76,1.73,2,0.048,1
32.53,13.46,2,0.082,0
41.52,10.4,3,0.065,0
39.59,11.19,3,0.129,0
30.67,16.91,2,0.007,0
52.8,3.73,2,0.336,3
123.12,2.01,2,0.039,1
59.67,2.42,2,0.347,3
36.29,10.96,2,0.029,0
172.29,2.93,3,0.017,1
32.07,11.21,4,0.1,0
43.1,13.44,3,0.106,0
231.29,0.75,2,0.015,1
34.64,1.61,2,0.174,3
32.94,0.89,1,0.0,2
35.41,0.43,2,0.044,2
25.32,11.94,4,0.072,0
12.48,7.31,3,0.105,0
36.4,13.62,3,0.109,0
32.5,12.86,2,0.117,0
29.88,13.41,5,0.099,0
68.39,4.07,2,0.385,3
33.27,13.58,3,0.083,0
189.95,2.5,2,0.075,1
189.61,0.93,2,0.048,1
33.18,11.84,4,0.136,0
200.12,3.22,2,0.059,1
45.33,3.26,1,0.447,3
31.88,14.2,3,0.084,0
30.77,8.71,3,0.08,0
204.27,1.94,2,0.115,1
35.18,1.19,1,0.01,2
158.89,2.56,2,0.076,1
39.24,0.88,2,0.039,2
32.35,0.55,1,0.022,2
39.56,13.4,5,0.107,0
31.69,0.7,1,0.033,2
36.5,8.52,3,0.14,0
27.39,8.27,2,0.091,0
215.36,1.99,2,0.008,1
37.66,14.2,3,0.109,0
183.2,1.99,2,0.064,1
42.6,1.84,2,0.303,3
17.05,11.9,3,0.146,0
29.71,16.19,4,0.208,0
22.32,0.49,2,0.0,2
227.94,1.86,3,0.085,1
229.42,2.12,3,0.064,1
205.71,2.61,3,0.103,1
23.95,12.08,4,0.03,0
31.58,7.99,2,0.102,0
30.57,12.36,4,0.136,0
20.98,1.11,1,0.031,2
242.69,1.93,2,0.152,1
37.64,3.7,2,0.269,3
151.94,1.37,3,0.04,1
34.09,9.32,3,0.109,0
17.42,0.71,2,0.021,2
196.95,1.41,2,0.038,1
41.26,1.58,2,0.377,3
38.68,14.07,3,0.059,0
38.31,12.33,1,0.118,0
224.81,2.25,3,0.062,1
58.85,4.04,2,0.363,3
22.4,10.17,3,0.139,0
58.54,3.67,2,0.344,3
22.22,1.08,1,0.017,2
204.79,1.32,3,0.06,1
27.34,2.65,2,0.289,3
31.63,12.1,3,0.168,0
144.82,1.78,2,0.052,1
14.52,14.49,3,0.081,0
37.19,12.21,3,0.105,0
16.81,1.46,1,0.019,2
23.92,1.13,1,0.003,2
143.76,3.31,2,0.099,1
15.32,2.86,2,0.429,3
195.84,2.33,2,0.006,1
140.1,1.52,2,0.025,1
201.64,2.03,1,0.044,1
62.44,3.98,2,0.275,3
176.13,2.17,1,0.079,1
29.23,14.55,1,0.037,0
59.03,3.04,2,0.376,3
34.78,3.6,3,0.431,3
170.7,2.25,2,0.031,1
39.53,14.79,4,0.107,0
44.23,3.05,2,0.316,3
44.55,3.05,1,0.346,3
51.49,2.79,2,0.413,3
250.28,1.91,3,0.025,1
210.81,2.17,2,0.09,1
41.5,1.77,2,0.324,3
44.12,2.29,2,0.311,3
40.17,12.46,5,0.147,0
233.56,1.84,1,0.026,1
17.67,1.28,1,0.023,2
210.85,2.09,3,0.045,1
183.31,2.56,2,0.016,1
26.62,0.84,1,0.03,2
8.54,1.06,1,0.035,2
53.93,3.01,2,0.421,3
37.08,2.43,2,0.38,3
196.53,1.04,2,0.038,1
42.01,13.88,2,0.076,0
49.38,4.05,2,0.279,3
48.54,11.62,2,0.082,0
41.74,12.5,3,0.116,0
187.22,1.32,1,0.077,1
24.74,1.07,1,0.054,2
252.36,2.11,2,0.063,1
25.47,12.72,4,0.113,0
51.63,17.29,4,0.121,0
29.3,1.23,1,0.023,2
235.66,1.74,2,0.075,1
38.57,6.44,3,0.159,0
230.51,1.71,3,0.0,1
25.75,3.8,2,0.331,3
29.49,0.3,1,0.003,2
49.77,2.6,2,0.357,3
56.81,2.77,2,0.293,3
201.83,1.82,2,0.065,1
225.51,3.01,2,0.053,1
57.99,2.96,2,0.48,3
23.46,11.14,3,0.138,0
127.59,2.22,3,0.072,1
51.57,3.58,2,0.281,3
190.15,1.12,2,0.069,1
55.94,3.5,2,0.389,3
37.26,8.02,2,0.158,0
137.4,1.38,2,0.077,1
26.29,10.92,4,0.102,0
19.47,1.38,1,0.0,2
26.46,2.97,3,0.334,3
35.53,1.93,1,0.327,3
46.86,2.32,3,0.4,3
25.43,16.34,3,0.108,0
216.85,0.87,2,0.037,1
40.73,10.77,2,0.094,0
50.64,13.84,3,0.0,0
212.5,2.06,3,0.087,1
34.75,2.36,2,0.273,3
21.56,14.78,2,0.093,0
29.71,11.98,3,0.094,0
46.48,11.76,3,0.157,0
39.15,4.49,5,0.041,0
201.05,2.19,1,0.02,1
278.04,1.51,2,0.052,1
37.88,15.78,3,0.109,0
222.26,1.48,2,0.04,1
29.84,1.13,1,0.01,2
32.62,10.85,3,0.088,0
13.85,0.37,1,0.044,2
30.16,17.77,3,0.123,0
20.14,11.5,3,0.0,0
33.28,1.61,1,0.27,3
36.01,1.28,2,0.348,3
36.11,2.76,2,0.289,3
181.34,1.49,2,0.057,1
20.23,9.7,2,0.06,0
23.07,0.68,2,0.039,2
19.86,0.67,1,0.025,2
192.07,2.58,2,0.059,1
31.3,13.91,3,0.15,0
51.22,1.27,3,0.514,3
130.86,2.5,3,0.02,1
26.22,1.51,1,0.0,2
132.23,1.95,2,0.0,1
17.62,1.55,1,0.046,2
33.63,10.78,2,0.137,0
213.29,2.17,2,0.06,1
38.07,12.32,2,0.072,0
228.32,2.05,1,0.044,1
36.3,17.61,2,0.139,0
32.32,11.49,3,0.123,0
38.85,9.69,3,0.105,0
43.34,1.73,2,0.416,3
179.77,1.63,2,0.033,1
39.06,12.31,3,0.152,0
31.69,14.82,2,0.092,0
27.51,0.7,1,0.04,2
41.41,2.26,1,0.33,3
40.62,2.33,2,0.329,3
24.51,0.99,2,0.012,2
179.95,2.72,2,0.095,1
219.98,1.96,3,0.04,1
195.61,2.6,2,0.056,1
30.2,0.82,1,0.039,2
44.52,11.21,3,0.095,0
157.93,1.15,1,0.056,1
166.17,2.01,2,0.083,1
250.49,3.21,1,0.071,1
263.07,2.25,2,0.051,1
23.01,7.56,4,0.129,0
256.83,2.16,2,0.1,1
44.8,3.34,2,0.308,3
231.34,2.41,1,0.072,1
25.65,0.2,1,0.0,2
40.54,2.93,1,0.363,3
39.01,14.57,2,0.13,0
155.05,1.56,2,0.127,1
25.47,10.68,4,0.092,0
193.74,2.2,3,0.076,1
38.62,2.94,2,0.287,3
236.43,1.69,2,0.075,1
36.7,8.82,2,0.083,0
212.66,2.21,2,0.057,1
45.49,4.18,3,0.35,3
26.39,2.64,2,0.363,3
38.15,10.57,3,0.12,0
25.12,1.14,1,0.017,2
59.62,4.23,2,0.264,3
34.68,1.62,1,0.338,3
40.98,6.52,3,0.15,0
215.31,1.25,2,0.028,1
29.64,4.31,2,0.299,3
46.02,17.16,2,0.094,0
253.83,1.86,2,0.018,1
245.84,1.38,1,0.054,1
58.06,12.08,3,0.11,0
29.19,1.27,2,0.025,2
35.67,13.75,4,0.185,0
39.96,2.2,1,0.323,3
187.93,1.95,2,0.05,1
32.34,12.91,3,0.092,0
46.92,9.32,3,0.03,0
213.19,3.75,2,0.08,1
54.51,2.77,2,0.382,3
51.3,2.5,3,0.341,3
10.82,1.26,1,0.048,2
31.68,0.57,1,0.032,2
21.41,12.86,3,0.103,0
193.62,2.07,3,0.063,1
231.26,2.41,2,0.056,1
148.25,3.59,2,0.097,1
45.9,12.47,3,0.139,0
213.31,1.62,2,0.048,1
42.47,3.16,2,0.298,3
219.52,2.04,1,0.041,1
217.58,2.31,2,0.0,1
216.41,1.31,3,0.085,1
44.06,15.58,3,0.078,0
50.55,8.47,2,0.067,0
176.13,1.26,2,0.079,1
24.73,1.52,1,0.04,2
44.81,7.53,3,0.057,0
20.94,8.36,2,0.069,0
197.02,2.54,1,0.033,1
30.03,0.98,1,0.031,2
223.59,3.1,3,0.031,1
31.54,12.74,3,0.141,0
253.9,2.94,2,0.022,1
187.44,1.41,2,0.039,1
47.42,3.52,2,0.423,3
38.25,3.29,2,0.321,3
31.24,2.77,2,0.346,3
251.17,1.23,3,0.017,1
15.71,0.57,1,0.023,2
36.44,3.6,2,0.354,3
35.4,6.45,3,0.0,0
50.28,3.79,1,0.283,3
215.05,1.78,2,0.07,1
44.7,2.23,3,0.317,3
181.48,1.75,2,0.041,1
26.15,13.0,4,0.094,0
29.88,1.51,1,0.03,2
243.48,1.33,1,0.104,1
51.5,4.07,2,0.223,3
45.71,10.87,4,0.184,0
39.78,9.97,4,0.121,0
46.2,9.83,3,0.11,0
38.62,3.23,2,0.501,3
53.9,3.88,2,0.218,3
184.99,2.16,2,0.058,1
52.78,3.2,2,0.415,3
47.22,2.26,2,0.306,3
43.3,10.65,4,0.098,0
42.52,12.14,3,0.064,0
241.49,1.92,2,0.038,1
43.05,1.93,2,0.423,3
40.53,13.16,4,0.143,0
44.76,13.67,3,0.136,0
38.01,16.96,2,0.102,0
47.65,1.17,2,0.451,3
185.43,1.12,2,0.08,1
216.64,2.53,3,0.011,1
39.51,13.31,4,0.098,0
35.44,15.23,4,0.006,0
224.34,2.45,2,0.073,1
52.12,2.59,2,0.393,3
21.11,11.37,2,0.089,0
247.6,1.66,3,0.056,1
45.36,2.61,1,0.37,3
60.0,3.63,2,0.299,3
194.13,1.73,2,0.029,1
27.66,1.46,1,0.026,2
49.26,2.79,2,0.412,3
18.7,3.02,2,0.345,3
22.28,0.93,1,0.009,2
39.28,12.67,3,0.087,0
23.44,1.37,1,0.013,2
49.87,3.02,3,0.335,3
37.15,2.39,2,0.379,3
34.91,13.1,2,0.037,0
220.03,1.81,2,0.022,1
38.19,13.26,3,0.128,0
209.82,1.84,2,0.073,1
38.19,3.97,2,0.167,3
48.78,12.35,2,0.117,0
24.84,11.54,2,0.035,0
59.65,1.54,2,0.234,3
55.42,2.8,4,0.479,3
43.03,14.89,2,0.149,0
44.01,2.21,2,0.41,3
38.64,10.6,1,0.074,2
37.12,16.04,5,0.101,0
64.36,2.6,2,0.454,3
218.95,1.55,2,0.033,1
16.43,10.44,2,0.078,0
43.35,3.87,2,0.226,3
30.49,13.16,3,0.077,0
44.68,2.17,1,0.417,3
32.08,2.63,2,0.369,3
161.96,2.11,3,0.0,1
36.32,0.9,1,0.0,2
22.76,0.78,1,0.034,2
26.47,1.32,2,0.039,2
172.93,2.69,1,0.087,1
42.04,8.78,4,0.131,0
135.47,1.96,2,0.038,1
33.16,2.24,2,0.29,3
60.91,12.98,3,0.104,0
39.2,3.05,2,0.219,3
35.27,9.7,2,0.092,0
227.86,2.39,2,0.068,1
186.34,1.27,2,0.071,1
44.26,11.82,3,0.011,0
45.86,2.87,2,0.259,3
46.97,10.3,3,0.085,0
21.32,12.19,3,0.099,0
208.59,1.29,2,0.028,1
182.94,1.4,2,0.069,1
18.67,0.2,1,0.038,2
29.9,0.58,1,0.025,2
22.02,1.6,2,0.024,2
32.77,12.03,4,0.021,0
41.55,9.32,3,0.079,0
191.11,1.69,2,0.043,1
43.26,9.03,4,0.099,0
35.15,9.83,4,0.116,0
23.73,1.31,1,0.036,2
18.98,13.53,3,0.095,0
42.27,1.83,2,0.297,3
234.83,2.82,2,0.029,1
150.18,1.94,2,0.08,1
164.91,2.2,2,0.004,1
236.07,1.87,1,0.161,1
28.25,12.56,3,0.091,0
162.28,1.49,2,0.053,1
42.15,3.46,2,0.28,3
29.93,0.21,1,0.015,2
19.24,1.61,2,0.05,2
216.23,2.1,2,0.036,1
205.93,2.32,3,0.033,1
38.9,14.62,3,0.039,0
232.41,1.98,2,0.051,1
190.79,2.1,2,0.036,1
25.64,0.91,1,0.035,2
36.48,10.03,3,0.028,0
183.84,1.51,2,0.082,1
37.64,13.48,3,0.115,0
23.44,1.23,2,0.226,3
188.99,2.77,1,0.051,1
32.52,14.5,2,0.151,0
31.35,8.36,3,0.002,0
53.96,2.37,3,0.245,3
183.87,1.93,1,0.016,1
30.68,13.4,4,0.124,0
14.64,1.37,1,0.022,2
165.37,1.53,3,0.066,1
50.3,2.45,3,0.461,3
199.57,1.32,3,0.053,1
47.79,15.56,2,0.055,0
42.15,11.29,3,0.082,0
23.8,9.49,3,0.075,0
169.42,2.57,2,0.082,1
185.88,2.05,2,0.051,1
34.16,0.42,1,0.009,2
183.78,2.56,2,0.065,1
18.29,14.13,3,0.119,0
149.12,1.04,2,0.01,1
44.96,2.2,2,0.398,3
31.98,1.23,1,0.016,2
36.26,0.72,2,0.027,2
36.78,2.59,3,0.364,3
24.22,0.27,1,0.029,2
174.59,2.18,2,0.0,1
47.53,6.44,4,0.091,0
186.86,4.1,1,0.06,1
42.44,15.41,3,0.078,0
22.12,1.54,2,0.044,2
204.12,1.63,2,0.075,1
29.69,8.31,2,0.116,0
16.46,1.63,1,0.0,2
170.03,1.76,2,0.016,1
22.56,0.62,1,0.033,2
28.04,3.32,1,0.319,3
218.82,1.4,2,0.052,1
41.86,11.21,3,0.028,0
45.47,6.36,2,0.076,2
29.47,13.47,5,0.138,0
44.47,14.95,2,0.053,0
39.2,10.66,3,0.119,0
24.85,13.21,4,0.082,0
37.07,1.46,1,0.03,2
197.05,2.26,2,0.048,1
20.33,1.17,1,0.021,2
220.07,1.98,1,0.038,1
211.04,2.03,1,0.033,1
37.55,13.36,2,0.071,0
34.77,1.55,2,0.346,3
150.14,1.3,1,0.075,1
192.6,3.66,1,0.076,1
50.52,1.66,2,0.276,3
17.82,4.62,2,0.286,3
33.57,3.17,2,0.451,3
179.39,1.52,3,0.034,1
25.38,1.17,1,0.0,2
43.44,10.86,3,0.112,0
46.3,3.41,1,0.346,3
26.9,0.84,1,0.058,2
19.22,9.02,2,0.098,0
43.4,2.34,2,0.267,3
237.79,1.81,2,0.04,1
20.57,0.63,1,0.001,2
21.54,1.63,1,0.024,2
28.59,12.56,3,0.091,0
22.31,1.42,1,0.0,2
60.01,1.51,2,0.297,3
36.27,9.32,3,0.056,0
38.91,12.92,3,0.108,0
40.06,9.58,4,0.133,0
26.26,1.02,1,0.0,2
168.81,2.81,3,0.06,1
33.93,10.98,3,0.09,0
204.34,2.0,2,0.059,1
39.09,3.51,2,0.304,3
39.53,2.52,3,0.363,3
40.97,2.74,2,0.472,3
41.94,13.77,4,0.134,0
37.95,7.28,3,0.12,0
23.65,1.36,1,0.02,2
231.08,2.47,1,0.038,1
29.69,14.35,3,0.1,0
47.2,3.7,3,0.265,3
21.16,0.91,1,0.0,2
16.68,1.08,2,0.058,2
27.09,1.13,1,0.043,2
17.8,0.88,1,0.037,2
40.09,7.5,3,0.067,0
30.67,0.66,1,0.008,2
26.88,1.09,1,0.0,2
27.26,7.07,3,0.064,0
200.58,1.55,2,0.089,1
180.11,0.62,2,0.118,1
162.02,2.35,1,0.074,1
41.81,3.24,2,0.305,3
154.07,2.34,2,0.06,1
38.58,13.8,3,0.123,0
184.35,1.42,2,0.032,1
174.33,2.4,1,0.072,1
32.94,11.0,2,0.137,0
49.25,11.99,2,0.069,0
42.69,3.45,2,0.333,3
27.65,2.18,2,0.379,3
226.69,2.58,3,0.067,1
20.6,0.85,1,0.0,2
177.64,2.9,2,0.058,1
23.33,1.4,1,0.023,2
37.53,7.69,3,0.065,0
22.47,1.02,1,0.043,2
33.03,3.02,2,0.335,3
36.81,14.02,3,0.115,0
39.97,14.15,3,0.074,0
40.41,9.13,3,0.043,0
272.72,2.53,1,0.031,1
45.86,2.24,2,0.4,3
49.91,2.81,3,0.298,3
17.97,1.22,1,0.0,2
24.2,0.74,1,0.032,2
47.13,14.33,3,0.118,0
160.93,1.82,2,0.057,1
171.57,2.34,3,0.035,1
39.89,3.26,2,0.287,3
31.66,15.48,4,0.122,0
35.82,15.46,5,0.127,0
43.27,3.02,2,0.413,3
47.91,3.54,2,0.408,3
21.58,0.88,1,0.001,2
34.92,11.64,3,0.137,0
228.83,2.1,2,0.054,1
31.14,9.66,3,0.078,0
50.05,11.68,2,0.132,0
253.78,1.29,2,0.046,1
33.01,0.93,1,0.0,2
61.49,2.18,3,0.37,3
33.25,3.14,2,0.513,3
24.17,9.18,2,0.059,0
41.93,14.59,3,0.06,0
180.76,2.26,1,0.009,1
48.37,1.98,2,0.439,3
41.19,2.13,2,0.453,3
186.16,1.61,1,0.006,1
28.22,1.04,1,0.0,2
27.93,14.51,3,0.007,0
16.35,1.07,1,0.022,2
47.42,3.56,2,0.35,3
35.54,12.65,3,0.073,0
38.07,12.54,2,0.096,0
36.76,8.57,3,0.138,0
31.09,4.26,2,0.27,3
40.64,3.07,3,0.367,3
25.36,12.28,2,0.099,0
41.17,2.11,2,0.421,3
34.74,13.88,2,0.073,0
195.12,2.44,3,0.024,1
242.25,1.14,2,0.0,1
20.14,1.26,1,0.046,2
33.58,3.09,1,0.322,3
215.08,2.68,2,0.094,1
57.28,3.77,2,0.259,3
211.72,3.43,2,0.11,1
27.58,1.25,1,0.047,2
19.59,11.76,2,0.046,0
258.35,2.14,3,0.07,1
32.52,3.83,3,0.276,3
26.9,11.27,3,0.094,0
192.46,2.34,2,0.038,1
41.19,2.83,2,0.321,3
58.78,3.2,2,0.321,3
39.94,13.54,3,0.15,0
41.11,3.12,2,0.352,3
50.69,11.35,2,0.082,0
162.21,2.03,3,0.007,1
64.85,3.36,2,0.297,3
17.63,12.56,3,0.071,0
63.16,3.69,1,0.298,3
150.99,1.16,2,0.029,1
38.65,0.49,1,0.011,2
31.39,11.28,3,0.178,0
222.26,1.81,2,0.02,1
158.49,1.89,2,0.04,1
212.41,1.85,1,0.09,1
168.11,2.16,1,0.035,1
26.27,0.3,1,0.028,2
25.61,12.58,4,0.081,0
52.83,3.11,2,0.375,3
197.86,1.96,1,0.055,1
40.42,2.72,2,0.404,3
165.71,1.63,2,0.099,1
23.36,3.13,1,0.427,3
42.17,12.99,4,0.053,0
34.93,1.83,2,0.481,3
32.56,0.63,1,0.01,2
236.62,0.87,2,0.068,1
45.84,3.58,2,0.219,3
153.76,2.43,2,0.055,1
25.22,14.85,4,0.09,0
45.24,3.15,2,0.272,3
23.86,12.93,4,0.139,0
35.94,1.4,2,0.034,2
29.2,1.34,1,0.008,2
169.77,2.04,1,0.048,1
44.08,2.82,1,0.285,3
228.05,1.54,2,0.062,1
25.49,3.46,2,0.297,3
36.48,0.7,1,0.013,2
61.16,3.37,2,0.335,3
44.23,6.02,4,0.146,0
47.56,9.94,4,0.041,0
126.73,1.75,2,0.093,1
23.51,0.68,1,0.013,2
203.26,2.78,2,0.034,1
48.64,12.81,5,0.084,0
41.57,13.46,4,0.061,0
147.98,2.78,2,0.046,1
206.26,2.08,2,0.076,1
178.52,1.82,2,0.015,1
30.07,2.61,1,0.324,3
46.88,2.57,2,0.269,3
25.45,0.84,1,0.008,2
35.93,10.82,4,0.103,0
34.26,2.58,2,0.327,3
229.68,2.21,2,0.062,1
50.09,2.68,1,0.018,2
36.68,12.14,2,0.089,0
239.44,2.84,2,0.086,1
28.29,13.33,2,0.036,0
44.06,8.41,3,0.075,0
167.0,1.23,1,0.063,1
42.14,1.87,2,0.308,3
21.75,10.86,3,0.099,0
39.06,3.03,2,0.369,3
29.73,1.66,1,0.0,2
39.28,10.66,3,0.112,0
24.32,1.01,1,0.015,2
29.63,11.25,3,0.078,0
178.37,1.28,2,0.015,1
37.67,10.07,1,0.076,2
208.28,2.58,2,0.047,1
35.91,15.29,4,0.168,0
38.39,13.23,5,0.161,0
49.57,12.12,2,0.061,0
26.72,1.06,1,0.034,2
27.19,11.15,3,0.0,0
25.6,13.02,2,0.127,0
210.46,1.7,1,0.04,1
42.53,3.27,2,0.295,3
200.24,0.97,2,0.075,1
49.22,2.1,2,0.163,3
18.62,1.54,1,0.0,2
48.34,14.32,3,0.081,0
40.18,7.77,2,0.109,0
23.38,1.85,1,0.009,2
176.54,1.6,2,0.093,1
35.91,3.23,1,0.284,3
52.25,3.01,2,0.358,3
30.63,1.14,1,0.0,2
26.7,10.12,3,0.107,0
56.2,4.01,2,0.449,3
204.04,2.42,2,0.038,1
27.02,0.7,2,0.003,2
239.6,2.6,2,0.0,1
33.57,4.23,1,0.256,3
43.62,2.81,2,0.346,3
49.24,2.12,2,0.333,3
47.15,4.41,2,0.35,3
24.78,7.8,3,0.168,0
34.3,10.09,4,0.112,0
39.18,13.03,5,0.083,0
159.26,1.38,2,0.026,1
37.57,3.88,2,0.441,3
38.71,4.42,2,0.303,3
32.12,1.82,3,0.22,3
43.17,2.96,2,0.296,3
27.63,3.6,2,0.138,2
185.73,1.38,3,0.103,1
34.85,13.8,3,0.1,0
226.03,2.28,2,0.09,1
35.78,1.35,1,0.03,2
22.77,1.04,1,0.04,2
45.65,4.32,2,0.186,3
26.5,1.1,1,0.025,2
191.43,2.66,2,0.027,1
31.79,14.19,4,0.076,0
36.76,14.27,3,0.098,0
144.81,2.91,3,0.022,1
47.31,10.5,2,0.0,0
50.36,8.98,3,0.138,0
48.26,17.55,3,0.173,0
27.48,3.73,3,0.444,3
36.41,9.35,3,0.066,0
212.14,0.87,2,0.04,1
47.91,4.02,3,0.223,3
33.64,3.32,2,0.292,3
29.17,0.93,1,0.03,2
168.23,2.22,2,0.056,1
30.98,2.13,1,0.044,2
155.37,1.48,2,0.076,1
19.96,1.01,1,0.035,2
45.85,13.67,3,0.151,0
42.18,15.97,3,0.175,0
37.62,11.65,5,0.097,0
19.36,1.75,2,0.411,3
38.33,4.22,2,0.477,3
216.07,2.34,1,0.013,1
185.57,2.34,1,0.019,1
22.74,11.86,4,0.091,0
45.3,7.91,3,0.184,0
26.52,10.26,5,0.123,0
39.74,2.52,2,0.322,3
191.5,2.17,2,0.052,1
55.38,2.69,1,0.303,3
22.92,0.8,1,0.02,2
203.71,2.56,1,0.083,1
186.77,2.06,1,0.025,1
26.75,9.82,3,0.047,0
39.25,2.47,2,0.561,3
208.38,2.26,1,0.066,1
29.03,0.54,1,0.006,2
232.26,3.72,2,0.087,1
30.55,9.21,4,0.17,0
43.21,2.83,2,0.218,3
179.58,3.39,2,0.043,1
168.8,2.97,3,0.055,1
168.94,1.81,2,0.048,1
49.24,3.07,2,0.243,3
56.02,3.14,2,0.5,3
179.7,2.69,1,0.048,1
34.61,14.82,3,0.049,0
40.84,11.96,4,0.109,0
29.68,9.12,3,0.116,0
190.56,1.72,2,0.061,1
40.09,3.75,2,0.38,3
64.0,2.94,2,0.344,3
212.45,2.25,1,0.056,1
141.86,3.1,2,0.097,1
27.68,13.83,3,0.094,0
30.73,2.59,1,0.283,3
38.0,2.51,2,0.338,3
29.57,14.66,3,0.086,0
194.48,1.89,2,0.07,1
34.47,10.28,3,0.129,0
26.6,14.3,2,0.105,0
32.1,9.44,3,0.149,0
34.9,0.82,1,0.037,2
50.58,4.2,1,0.257,3
255.87,2.27,2,0.082,1
28.71,0.84,1,0.045,2
26.11,14.27,4,0.147,0
230.38,1.31,3,0.067,1
19.68,3.06,1,0.352,3
22.61,0.88,1,0.03,2
19.1,1.13,1,0.017,2
57.94,3.06,2,0.452,3
212.28,1.55,1,0.053,1
29.52,1.83,1,0.009,2
31.75,1.9,2,0.382,3
52.06,2.05,3,0.448,3
59.08,3.06,2,0.402,3
47.19,16.64,1,0.036,0
30.23,1.71,3,0.322,3
32.1,0.99,1,0.018,2
33.86,10.39,3,0.131,0
22.15,0.36,1,0.048,2
32.96,16.41,2,0.142,0
54.17,14.29,4,0.096,0
34.02,2.76,2,0.371,3
28.62,0.84,2,0.028,2
131.69,1.77,2,0.049,1
183.52,1.85,2,0.016,1
32.45,12.8,3,0.166,0
13.98,1.48,1,0.015,2
32.25,13.03,4,0.137,0
183.43,1.21,2,0.052,1
24.23,0.82,1,0.032,2
38.34,10.91,3,0.114,0
27.11,1.06,2,0.012,2
28.93,2.38,3,0.434,3
161.08,1.77,1,0.0,1
44.21,12.73,3,0.139,0
35.6,12.7,3,0.108,0
218.95,3.26,2,0.058,1
43.62,2.51,3,0.334,3
35.41,5.11,2,0.412,3
212.09,2.52,1,0.0,1
41.96,9.2,5,0.06,0
33.06,3.17,1,0.372,3
232.07,1.25,3,0.026,1
39.71,2.79,1,0.418,3
48.9,10.97,3,0.056,0
242.53,0.98,1,0.066,1
50.61,2.08,2,0.246,3
161.76,2.35,2,0.111,1
27.04,0.65,1,0.009,2
25.96,1.81,1,0.032,2
28.15,2.93,1,0.476,3
154.37,1.51,3,0.046,1
35.72,10.7,3,0.137,0
61.36,3.69,2,0.353,3
36.71,14.61,3,0.12,0
33.97,14.24,4,0.076,0
36.11,12.94,3,0.106,0
238.98,1.09,2,0.04,1
29.3,0.88,1,0.001,2
45.46,15.34,3,0.134,0
23.52,11.53,3,0.114,0
32.22,10.7,3,0.125,0
208.85,2.14,2,0.09,1
40.2,2.98,2,0.214,3
37.13,2.73,3,0.172,3
34.64,14.73,4,0.007,0
180.48,2.25,2,0.071,1
40.9,12.35,2,0.134,0
33.75,17.37,3,0.124,0
246.71,2.25,3,0.042,1
194.43,2.22,3,0.035,1
36.18,13.01,2,0.115,0
170.28,2.02,1,0.059,1
180.19,2.02,2,0.063,1
37.67,1.51,2,0.331,3
44.27,5.04,2,0.256,3
50.54,2.96,3,0.175,3
246.97,1.66,1,0.056,1
39.99,11.28,3,0.171,0
187.46,1.65,2,0.053,1
23.12,0.42,2,0.003,2
57.97,4.35,1,0.32,3
40.36,4.38,3,0.365,3
244.7,1.47,2,0.059,1
57.23,1.99,1,0.366,3
22.22,1.49,2,0.525,3
33.77,14.95,2,0.146,0
21.31,1.22,2,0.41,3
38.38,11.36,2,0.083,0
43.61,9.58,4,0.053,0
31.66,0.6,1,0.01,2
229.66,1.25,1,0.04,1
24.14,0.59,1,0.003,2
63.65,3.29,2,0.389,3
205.5,1.59,3,0.001,1
61.09,3.73,2,0.283,3
29.94,13.01,2,0.075,0
29.18,10.06,2,0.059,0
51.73,2.17,2,0.572,3
10.74,1.16,1,0.04,2
173.01,1.92,1,0.099,1
242.19,2.12,1,0.026,1
39.91,7.66,2,0.102,0
18.86,1.46,1,0.04,2
23.09,1.63,1,0.031,2
47.39,3.09,2,0.193,3
207.18,1.62,2,0.06,1
29.07,9.93,4,0.052,0
20.75,9.06,2,0.109,0
16.36,11.53,3,0.005,0
239.07,2.31,2,0.0,1
38.17,10.88,5,0.122,0
44.77,2.92,2,0.376,3
33.91,9.67,3,0.076,0
54.33,9.58,3,0.139,0
206.83,1.67,1,0.045,1
35.48,7.94,2,0.096,0
119.15,1.87,1,0.032,2
35.2,2.62,2,0.344,3
55.95,4.57,2,0.274,3
62.7,2.89,2,0.225,3
35.38,2.79,3,0.354,3
37.28,11.07,3,0.158,0
149.92,1.76,3,0.066,1
27.02,1.82,1,0.022,2
31.75,6.37,2,0.141,2
28.09,11.18,2,0.093,0
19.76,2.22,1,0.045,2
241.78,2.04,1,0.036,1
49.35,13.61,4,0.112,0
34.31,8.97,2,0.153,0
33.86,10.82,1,0.014,2
185.43,1.84,1,0.041,1
155.18,1.65,1,0.054,1
29.0,10.88,4,0.079,0
18.01,1.5,2,0.024,2
34.0,10.95,2,0.05,0
26.89,8.88,3,0.132,0
55.34,3.09,2,0.151,2
32.64,10.0,2,0.114,0
64.02,3.54,2,0.45,3
42.46,4.72,3,0.42,3
225.72,2.29,3,0.019,1
29.54,1.6,1,0.004,2
151.5,3.15,2,0.057,1
229.85,2.3,4,0.051,1
21.59,1.06,1,0.009,2
275.65,1.8,2,0.002,1
30.57,1.07,1,0.03,2
36.38,10.83,4,0.145,0
25.77,11.22,3,0.078,0
46.66,3.07,1,0.304,3
266.06,2.05,2,0.058,1
50.18,3.7,2,0.264,3
38.11,3.33,2,0.404,3
37.1,12.78,4,0.012,0
183.39,2.12,1,0.029,1
51.48,3.1,2,0.374,3
245.47,1.83,1,0.047,1
184.73,1.89,3,0.078,1
17.28,0.89,1,0.009,2
30.55,7.93,2,0.099,0
29.79,10.62,4,0.142,0
25.15,10.97,3,0.072,0
31.63,0.83,2,0.047,2
225.8,1.69,3,0.031,1
35.68,2.24,2,0.338,3
151.84,1.23,3,0.081,1
37.12,9.92,3,0.105,0
37.25,12.05,3,0.135,0
50.88,1.99,2,0.399,3
157.85,2.09,2,0.032,1
131.04,1.85,2,0.065,1
34.23,1.32,1,0.0,2
142.54,2.25,2,0.05,1
21.49,1.37,1,0.046,2
57.66,3.13,3,0.434,3
35.95,11.05,4,0.116,0
213.17,2.4,2,0.035,1
164.46,1.9,2,0.013,1
38.2,11.32,4,0.091,0
183.92,2.3,2,0.016,1
33.96,14.09,3,0.067,0
40.0,10.54,4,0.082,0
230.57,2.58,3,0.064,1
57.82,12.63,5,0.084,0
39.6,13.44,2,0.072,0
46.92,3.75,2,0.296,3
30.78,10.06,2,0.06,0
19.97,16.48,3,0.115,0
147.11,2.52,2,0.067,1
29.44,0.59,1,0.0,2
22.82,1.18,1,0.012,2
17.86,1.49,1,0.015,2
250.22,2.05,2,0.0,1
29.3,3.49,2,0.314,3
19.32,0.2,1,0.003,2
30.98,13.16,2,0.068,0
194.37,2.08,2,0.039,1
36.48,14.22,3,0.03,0
231.48,1.1,3,0.078,1
235.19,2.17,2,0.015,1
25.55,2.65,1,0.349,3
40.74,14.41,4,0.1,0
42.96,13.93,4,0.079,0
31.65,13.87,2,0.115,0
54.4,4.21,2,0.454,3
41.0,2.26,2,0.335,3
29.65,1.33,1,0.011,2
39.03,12.71,2,0.063,0
38.65,15.6,2,0.058,0
25.06,1.35,2,0.01,2
35.43,16.83,3,0.118,0
56.52,10.37,3,0.122,0
192.6,1.73,3,0.125,1
52.42,2.13,2,0.357,3
191.83,1.78,2,0.011,1
169.73,2.54,3,0.086,1
29.94,10.34,3,0.118,0
181.01,3.42,2,0.085,1
212.49,2.23,1,0.03,1
23.66,3.08,3,0.555,3
46.46,13.96,3,0.045,0
231.97,1.56,2,0.045,1
37.45,3.67,2,0.434,3
204.47,2.22,2,0.077,1
37.11,10.29,3,0.069,0
25.27,2.51,2,0.466,3
253.98,1.48,2,0.098,1
41.71,10.98,4,0.09,0
49.17,14.75,3,0.064,0
62.19,4.57,2,0.307,3
28.44,12.64,2,0.111,0
210.01,1.76,2,0.059,1
222.62,2.27,2,0.038,1
32.62,11.42,3,0.047,0
226.64,2.59,2,0.06,1
193.91,2.25,2,0.031,1
56.73,4.67,2,0.288,3
32.06,0.34,1,0.0,2
38.77,16.07,3,0.091,0
36.56,12.92,3,0.081,0
179.93,1.48,2,0.034,1
116.29,2.4,2,0.059,1
35.3,14.38,3,0.05,0
152.31,1.79,1,0.061,1
31.52,11.37,5,0.182,0
17.91,1.25,1,0.009,2
27.15,9.43,3,0.079,0
15.11,0.81,2,0.036,2
217.09,2.25,2,0.046,1
44.63,2.76,2,0.411,3
52.25,2.58,2,0.407,3
30.77,14.66,2,0.139,0
44.75,7.95,3,0.141,0
215.85,1.47,1,0.056,1
30.69,13.75,4,0.081,0
33.66,9.79,2,0.055,0
22.53,0.84,1,0.035,2
57.11,2.82,2,0.302,3
46.62,14.3,4,0.066,0
225.79,2.06,2,0.041,1
26.31,1.53,1,0.012,2
37.86,1.0,1,0.024,2
35.65,13.98,2,0.051,0
157.42,2.2,2,0.019,1
59.66,3.41,2,0.358,3
32.14,12.69,3,0.127,0
231.24,2.12,2,0.07,1
29.07,0.47,1,0.0,2
206.49,2.81,2,0.016,1
20.42,1.17,1,0.017,2
177.06,1.49,3,0.058,1
29.35,12.11,3,0.012,0
158.84,2.74,1,0.08,1
40.03,3.38,2,0.247,3
46.92,2.41,1,0.248,3
28.6,1.56,1,0.0,2
43.25,13.35,3,0.136,0
40.19,1.93,2,0.391,3
213.47,1.56,1,0.066,1
40.02,2.23,2,0.515,3
56.05,2.91,1,0.524,3
166.97,0.69,3,0.093,1
39.7,15.65,4,0.185,0
213.96,1.02,2,0.041,1
188.43,2.48,3,0.0,1
177.28,2.1,2,0.04,1
43.05,8.19,3,0.135,0
188.69,2.81,2,0.08,1
29.31,1.53,1,0.005,2
175.62,1.66,2,0.02,1
45.03,13.01,4,0.155,0
182.1,2.41,2,0.045,1
185.91,1.52,1,0.042,1
50.07,3.04,1,0.382,3
43.41,3.17,2,0.252,3
251.7,1.64,2,0.065,1
24.6,1.47,1,0.0,2
199.9,2.87,3,0.06,1
33.9,0.42,1,0.031,2
40.91,1.66,1,0.251,3
181.92,1.91,2,0.088,1
185.85,1.91,2,0.054,1
25.33,1.39,1,0.0,2
30.29,0.88,1,0.033,2
200.58,2.26,2,0.078,1
61.88,3.37,1,0.209,2
249.78,1.46,2,0.05,1
149.85,1.6,1,0.046,1
38.69,2.96,2,0.411,3
21.04,9.49,3,0.146,0
47.64,11.5,4,0.102,0
43.99,11.31,2,0.178,0
49.42,3.55,1,0.261,3
219.0,2.1,2,0.036,1
67.5,2.1,2,0.39,3
60.11,3.28,2,0.375,3
53.08,3.63,2,0.442,3
230.59,2.22,2,0.103,1
49.97,3.43,2,0.327,3
192.33,1.21,3,0.096,1
225.17,1.68,2,0.003,1
30.04,12.33,4,0.186,0
30.42,14.08,4,0.115,0
26.74,10.74,4,0.092,0
20.38,0.7,1,0.0,2
180.27,1.91,2,0.101,1
37.86,3.02,2,0.393,3
33.44,8.92,2,0.108,0
220.86,1.96,1,0.089,1
167.16,3.16,3,0.001,1
48.68,2.75,2,0.215,3
46.91,10.52,3,0.108,0
172.5,1.76,1,0.056,1
230.7,2.14,2,0.06,1
132.28,2.28,2,0.038,1
43.89,11.41,3,0.066,0
46.15,3.61,2,0.357,3
34.27,1.8,2,0.339,3
51.77,3.1,2,0.347,3
25.23,1.31,1,0.013,2
19.7,0.4,1,0.021,2
34.36,11.42,3,0.047,0
51.12,2.32,2,0.391,3
24.21,1.04,1,0.022,2
47.66,13.62,3,0.064,0
38.99,3.34,2,0.336,3
175.56,0.63,2,0.008,1
45.32,18.05,3,0.13,0
229.21,1.48,1,0.087,1
41.6,3.28,3,0.344,3
181.78,1.36,2,0.062,1
42.11,3.6,2,0.486,3
40.85,15.15,4,0.102,0
23.05,0.78,1,0.0,2
57.71,3.32,3,0.265,3
57.23,3.92,2,0.209,3
26.17,14.47,1,0.111,0
253.6,2.62,2,0.007,1
45.75,1.62,2,0.268,3
151.71,2.92,2,0.043,1
45.15,2.74,2,0.345,3
31.03,3.79,3,0.377,3
232.97,2.57,2,0.023,1
197.55,1.78,2,0.055,1
36.4,12.07,3,0.151,0
43.03,12.32,2,0.074,0
27.43,1.13,1,0.023,2
36.4,2.65,2,0.305,3
46.8,9.01,2,0.035,0
236.42,2.61,2,0.073,1
37.75,2.67,2,0.14,2
25.09,9.47,2,0.074,0
32.1,13.15,3,0.097,0
49.58,2.61,3,0.382,3
189.04,1.52,1,0.076,1
31.76,12.06,3,0.121,0
22.02,1.31,1,0.011,2
57.09,2.69,2,0.232,3
39.09,16.3,1,0.092,0
19.46,0.84,1,0.004,2
31.13,11.72,2,0.067,0
31.25,13.72,3,0.106,0
56.44,1.67,2,0.434,3
36.67,9.51,3,0.053,0
163.64,2.19,2,0.043,1
53.47,17.46,2,0.095,0
27.67,0.66,1,0.019,2
36.54,15.13,2,0.149,0
37.89,0.76,1,0.0,2
21.42,12.8,4,0.158,0
19.14,15.64,3,0.038,0
35.05,12.05,4,0.086,0
10.47,0.26,1,0.054,2
38.61,7.16,3,0.105,0
221.07,2.67,2,0.059,1
30.7,11.05,4,0.101,0
26.37,0.86,1,0.0,2
28.21,0.59,1,0.011,2
248.64,1.79,2,0.133,1
41.78,10.35,4,0.095,0
200.64,2.01,1,0.07,1
34.11,11.52,5,0.117,0
18.51,0.62,2,0.02,2
154.24,1.75,2,0.052,1
194.3,1.29,2,0.061,1
39.66,4.62,2,0.474,3
164.37,2.52,3,0.023,1
30.54,0.79,1,0.0,2
203.58,2.46,2,0.041,1
203.77,2.92,3,0.012,1
40.0,3.49,3,0.274,3
229.66,2.93,2,0.006,1
27.92,1.2,1,0.021,2
228.34,1.73,2,0.045,1
176.86,2.27,2,0.027,1
32.6,9.6,3,0.071,0
178.46,2.49,1,0.015,1
13.86,0.89,1,0.028,2
35.11,3.36,2,0.443,3
31.88,6.41,4,0.032,0
30.68,11.21,3,0.134,0
48.95,3.26,1,0.435,3
48.85,2.26,2,0.262,3
38.14,10.32,3,0.087,0
180.95,1.35,1,0.089,1
24.23,0.82,1,0.013,2
56.74,1.29,1,0.456,3
43.97,12.11,3,0.105,0
71.68,2.92,3,0.344,3
26.64,13.84,3,0.151,0
29.3,2.27,2,0.439,3
30.09,1.23,1,0.055,2
24.8,15.13,3,0.085,0
37.0,13.27,4,0.086,0
207.01,2.18,2,0.049,1
28.56,1.72,1,0.007,2
35.16,10.28,2,0.135,0
165.19,1.43,2,0.038,1
227.89,2.24,2,0.002,1
38.71,2.82,2,0.348,3
25.76,1.26,1,0.057,2
42.58,3.5,1,0.448,3
32.21,13.99,2,0.067,0
30.83,9.95,2,0.044,0
23.43,11.76,2,0.175,0
36.8,1.92,1,0.317,3
209.77,1.82,2,0.011,1
52.58,3.13,2,0.476,3
171.56,1.96,2,0.054,1
42.12,2.24,2,0.403,3
22.63,0.34,2,0.028,2
241.3,1.82,2,0.129,1
30.2,15.3,4,0.031,0
37.78,3.62,1,0.201,2
166.93,1.94,3,0.064,1
234.75,1.35,4,0.057,1
180.73,1.76,2,0.056,1
34.53,13.23,3,0.116,0
59.25,3.06,2,0.323,3
202.83,1.12,2,0.054,1
29.51,0.2,1,0.003,2
178.47,2.45,3,0.0,1
47.87,12.4,2,0.13,0
47.8,6.02,3,0.121,0
40.54,3.51,2,0.434,3
218.95,1.58,1,0.046,1
197.59,2.12,2,0.08,1
27.44,11.91,3,0.125,0
161.93,2.37,1,0.08,1
47.81,2.66,3,0.455,3
199.19,2.24,2,0.029,1
155.0,1.16,2,0.044,1
179.57,1.97,3,0.025,1
41.43,10.63,3,0.082,0
27.35,3.2,2,0.332,3
198.5,1.25,2,0.055,1
37.84,8.51,1,0.107,2
164.93,2.25,3,0.049,1
235.51,2.13,1,0.039,1
38.33,3.03,2,0.329,3
35.31,14.13,4,0.081,0
51.86,2.03,2,0.409,3
25.49,18.14,3,0.105,0
223.71,2.65,2,0.005,1
32.56,0.83,1,0.006,2
38.01,0.66,2,0.0,2
20.26,2.82,2,0.44,3
29.37,0.97,2,0.006,2
28.06,1.32,1,0.031,2
206.91,1.2,2,0.083,1
190.31,2.01,2,0.114,1
21.12,0.91,1,0.023,2
211.34,2.52,1,0.042,1
232.19,1.76,2,0.081,1
41.77,2.57,3,0.257,3
48.21,3.24,2,0.366,3
48.86,4.14,2,0.325,3
41.43,13.12,4,0.153,0
49.55,2.85,2,0.354,3
146.05,2.15,1,0.004,1
53.33,13.58,3,0.088,0
29.77,13.93,4,0.158,0
25.69,0.81,1,0.011,2
231.07,1.09,2,0.007,1
173.41,1.09,2,0.057,1
202.63,1.95,3,0.028,1
35.93,1.87,2,0.4,3
45.14,2.13,2,0.257,3
21.87,0.94,1,0.012,2
55.75,2.41,2,0.288,3
31.87,11.46,3,0.065,0
54.3,2.25,1,0.221,3
58.85,3.39,2,0.241,3
179.62,2.12,1,0.074,1
195.06,1.24,2,0.019,1
206.25,1.63,2,0.029,1
42.4,2.92,2,0.387,3
34.26,9.63,2,0.17,0
167.05,1.93,3,0.0,1
140.52,2.38,2,0.025,1
227.98,1.64,2,0.0,1
56.42,2.74,2,0.211,3
29.71,8.21,2,0.05,0
20.83,8.56,4,0.134,0
227.08,2.68,2,0.055,1
206.01,2.62,2,0.082,1
20.97,3.63,1,0.435,3
49.7,11.18,4,0.096,0
33.17,1.29,1,0.005,2
24.36,1.94,3,0.581,3
230.17,1.72,3,0.055,1
55.89,2.48,2,0.476,3
41.85,12.43,4,0.105,0
52.72,9.02,3,0.106,0
46.65,9.77,3,0.08,0
24.03,0.93,1,0.019,2
164.91,1.83,2,0.029,1
219.57,2.52,3,0.105,1
27.81,0.92,1,0.0,2
61.14,2.55,1,0.554,3
32.79,3.48,1,0.322,3
42.94,10.03,2,0.077,0
48.02,3.13,2,0.336,3
46.04,2.45,2,0.258,3
29.49,13.53,3,0.142,0
25.88,0.9,1,0.007,2
30.65,0.99,1,0.02,2
36.46,1.0,3,0.404,3
55.01,3.41,2,0.452,3
37.04,12.94,3,0.087,0
26.45,1.14,1,0.007,2
203.02,0.72,3,0.073,1
38.26,10.22,4,0.147,0
38.77,13.04,3,0.09,0
24.71,11.06,2,0.089,0
226.43,1.21,2,0.051,1
57.0,3.04,2,0.392,3
20.79,0.64,1,0.0,2
41.65,10.5,1,0.055,2
57.29,3.86,1,0.354,3
46.27,3.22,2,0.308,3
44.25,3.05,2,0.377,3
63.42,3.7,2,0.464,3
152.22,1.37,2,0.056,1
37.84,13.38,4,0.166,0
25.99,0.94,1,0.055,2
37.73,0.2,2,0.365,3
42.06,15.3,2,0.134,0
44.57,18.53,3,0.092,0
36.43,10.71,3,0.12,0
26.92,1.34,1,0.0,2
39.95,11.34,2,0.014,0
25.39,13.17,4,0.072,0
54.97,2.49,3,0.234,3
63.97,2.86,2,0.214,3
262.33,1.69,2,0.01,1
40.19,11.72,3,0.127,0
28.24,9.56,2,0.01,0
19.53,0.84,1,0.064,2
62.79,2.08,2,0.411,3
197.03,2.38,2,0.025,1
38.25,1.85,2,0.565,3
35.13,11.11,3,0.085,0
24.93,3.73,2,0.315,3
179.4,1.7,3,0.135,1
39.25,2.35,2,0.354,3
41.12,14.07,2,0.037,0
244.69,1.61,2,0.061,1
178.78,2.34,2,0.076,1
226.36,1.95,1,0.03,1
42.51,2.5,2,0.362,3
33.29,12.21,4,0.129,0
184.05,1.37,2,0.067,1
21.14,3.65,2,0.304,3
32.69,11.89,2,0.132,0
34.24,10.29,3,0.138,0
49.32,10.43,3,0.039,0
35.78,10.84,4,0.076,0
41.72,14.48,4,0.127,0
230.84,2.06,1,0.051,1
53.12,3.4,2,0.213,3
27.63,0.91,1,0.029,2
228.58,2.42,2,0.052,1
36.61,3.59,2,0.509,3
43.88,12.86,4,0.11,0
48.97,1.56,2,0.328,3
34.07,1.24,1,0.0,2
189.01,1.62,1,0.067,1
195.78,1.59,2,0.086,1
23.19,1.41,1,0.0,2
143.8,1.16,3,0.055,1
188.88,1.85,3,0.009,1
42.5,0.71,2,0.374,3
43.59,2.1,2,0.442,3
51.96,15.85,4,0.14,0
36.93,4.19,3,0.08,0
53.17,3.58,2,0.419,3
29.59,0.51,1,0.052,2
24.08,1.59,1,0.034,2
147.6,0.92,3,0.053,1
233.87,1.17,2,0.044,1
41.21,15.24,4,0.1,0
26.0,14.34,3,0.116,0
22.28,1.06,1,0.0,2
198.7,1.95,3,0.033,1
55.53,1.56,1,0.274,3
23.57,0.85,1,0.031,2
44.76,3.58,2,0.373,3
156.57,1.52,4,0.032,1
40.54,18.3,2,0.113,0
25.95,0.35,1,0.038,2
33.1,14.54,2,0.117,0
37.14,2.88,1,0.324,3
35.04,12.67,4,0.083,0
142.17,3.07,2,0.082,1
23.66,14.36,4,0.059,0
38.73,3.84,1,0.418,3
27.55,10.59,4,0.043,0
201.01,2.45,3,0.07,1
195.98,1.54,1,0.01,1
61.33,4.57,2,0.249,3
22.38,1.06,2,0.0,2
38.84,10.28,3,0.097,0
28.51,1.29,2,0.045,2
63.89,2.59,3,0.285,3
36.71,2.57,2,0.408,3
244.72,2.27,2,0.044,1
50.43,2.94,1,0.272,3
24.61,0.73,1,0.001,2
38.11,10.03,4,0.131,0
187.32,1.57,1,0.081,1
36.92,4.11,2,0.337,3
200.26,2.23,3,0.033,1
27.69,0.62,1,0.0,2
54.95,3.47,2,0.333,3
60.31,4.21,1,0.281,3
42.3,3.98,2,0.419,3
38.0,9.25,3,0.122,0
56.66,2.64,2,0.406,3
22.68,1.35,1,0.02,2
47.17,8.6,3,0.019,0
36.64,11.27,4,0.063,0
188.45,2.55,2,0.067,1
239.73,1.97,3,0.12,1
247.32,1.61,1,0.1,1
24.81,16.45,3,0.091,0
28.54,0.54,1,0.0,2
34.82,1.76,3,0.408,3
30.08,13.72,3,0.097,0
35.24,1.22,1,0.008,2
26.92,14.37,3,0.118,0
185.41,2.55,3,0.069,1
27.69,10.9,3,0.161,0
39.18,7.77,3,0.09,0
29.52,0.39,1,0.027,2
23.27,9.39,3,0.049,0
39.32,3.07,3,0.396,3
247.38,2.26,1,0.03,1
26.37,15.89,3,0.144,0
33.23,2.83,2,0.381,3
177.43,2.06,2,0.07,1
29.68,12.54,2,0.104,0
146.28,2.61,2,0.03,1
16.15,15.82,4,0.076,0
199.03,1.42,2,0.03,1
19.21,0.76,1,0.031,2
163.14,1.94,2,0.063,1
23.45,1.63,1,0.003,2
181.36,1.29,2,0.072,1
181.71,1.83,3,0.024,1
48.03,12.76,3,0.135,0
51.36,1.51,2,0.376,3
184.78,1.67,2,0.038,1
24.97,0.59,1,0.002,2
37.98,3.52,2,0.394,3
42.33,11.63,2,0.089,0
220.63,1.26,2,0.021,1
33.61,12.77,1,0.12,0
28.45,14.26,2,0.087,0
32.74,12.33,3,0.106,0
46.98,14.84,3,0.049,0
51.47,3.1,2,0.501,3
34.74,14.36,2,0.106,0
40.61,4.22,2,0.394,3
39.33,8.32,4,0.082,0
202.5,1.86,2,0.04,1
33.38,0.2,1,0.013,2
52.03,2.52,2,0.474,3
208.7,2.67,2,0.065,1
46.05,3.82,2,0.362,3
24.12,1.62,1,0.009,2
59.35,2.62,1,0.356,3
200.92,1.34,2,0.068,1
31.11,10.42,4,0.048,0
194.38,2.47,3,0.023,1
249.42,1.71,3,0.041,1
163.91,1.77,2,0.083,1
227.35,1.41,2,0.01,1
14.16,0.86,1,0.026,2
25.75,11.31,4,0.162,0
223.13,2.27,3,0.04,1
202.55,1.53,2,0.0,1
36.99,1.61,1,0.016,2
19.69,1.35,2,0.028,2
21.85,8.68,5,0.048,0
37.24,15.47,2,0.061,0
36.83,10.22,4,0.157,0
30.58,14.26,3,0.166,0
45.43,9.08,4,0.125,0
43.66,3.5,2,0.295,3
26.81,0.54,1,0.047,2
247.19,2.43,2,0.062,1
201.63,1.92,2,0.036,1
21.39,1.05,1,0.0,2
43.38,5.69,1,0.2,2
56.43,2.16,2,0.345,3
33.5,0.98,1,0.04,2
37.7,3.39,3,0.328,3
37.0,10.44,4,0.128,0
217.61,1.17,3,0.088,1
203.74,1.85,3,0.027,1
215.54,0.91,2,0.085,1
202.73,1.86,1,0.068,1
27.64,12.01,3,0.092,0
33.59,13.29,2,0.107,0
23.88,1.04,1,0.05,2
170.25,1.78,3,0.09,1
42.83,14.03,3,0.137,0
190.92,1.47,2,0.073,1
45.83,11.37,2,0.088,0
30.95,13.78,5,0.048,0
186.54,1.83,2,0.099,1
12.75,0.82,1,0.027,2
197.27,2.5,3,0.025,1
42.0,2.43,1,0.383,3
217.57,1.96,1,0.042,1
41.66,13.75,4,0.064,0
35.42,9.22,2,0.077,0
193.76,1.54,2,0.029,1
41.84,14.44,4,0.131,0
193.13,1.7,2,0.031,1
61.22,3.19,2,0.514,3
26.93,1.49,1,0.015,2
31.92,14.75,2,0.069,0
37.5,2.13,2,0.59,3
30.92,0.53,2,0.02,2
208.41,1.84,1,0.046,1
23.62,1.41,1,0.021,2
183.32,2.01,2,0.028,1
47.65,2.07,2,0.439,3
181.61,2.15,3,0.054,1
192.43,1.2,2,0.062,1
241.32,1.49,1,0.081,1
27.52,0.63,2,0.054,2
181.4,0.98,2,0.065,1
37.64,3.1,2,0.187,3
27.63,0.95,1,0.028,2
45.48,11.67,4,0.053,0
38.78,15.28,4,0.145,0
30.48,3.05,2,0.368,3
20.49,12.95,3,0.132,0
31.36,14.09,3,0.152,0
196.14,1.95,2,0.0,1
11.29,13.98,2,0.145,0
41.83,12.04,2,0.137,0
37.86,18.9,4,0.18,0
175.97,1.04,1,0.062,1
33.39,12.78,3,0.114,0
23.59,1.15,1,0.001,2
67.11,2.33,2,0.433,3
37.8,12.03,4,0.141,0
36.6,10.93,2,0.166,0
229.43,1.65,2,0.052,1
44.52,1.77,2,0.204,3
38.89,10.48,3,0.141,0
46.55,2.1,3,0.311,3
60.24,2.08,2,0.276,3
33.99,0.71,1,0.003,2
186.75,1.92,2,0.043,1
44.37,1.99,2,0.435,3
36.09,10.58,3,0.165,0
35.57,13.65,4,0.107,0
42.74,12.66,2,0.054,0
154.07,2.39,2,0.014,1
44.49,13.66,2,0.072,0
18.91,1.01,1,0.013,2
14.42,1.04,2,0.028,2
44.14,13.68,2,0.116,0
183.13,1.03,2,0.041,1
20.3,9.1,4,0.044,0
14.35,1.13,1,0.046,2
31.19,10.76,2,0.039,0
39.16,2.97,2,0.352,3
36.03,14.74,3,0.035,0
20.3,1.49,1,0.0,2
181.02,1.44,2,0.083,1
181.58,2.21,2,0.046,1
35.58,12.14,2,0.128,0
248.29,1.57,1,0.034,1
230.84,2.07,3,0.041,1
38.03,11.08,3,0.145,0
43.31,0.96,1,0.249,3
31.3,3.68,2,0.46,3
33.97,10.86,2,0.103,0
25.57,2.14,2,0.507,3
210.58,2.5,1,0.049,1
28.82,0.94,1,0.02,2
24.2,11.92,2,0.039,0
20.49,1.21,1,0.021,2
40.18,12.58,4,0.148,0
45.95,2.1,1,0.153,2
30.8,11.49,3,0.0,0
31.67,10.86,3,0.029,0
186.07,2.08,2,0.033,1
214.56,2.7,2,0.071,1
48.68,3.77,3,0.36,3
200.2,2.07,2,0.055,1
41.17,13.18,4,0.079,0
237.96,2.41,2,0.013,1
191.36,1.8,2,0.004,1
168.61,2.94,2,0.073,1
43.34,8.13,3,0.093,0
27.77,3.89,2,0.368,3
31.43,12.52,3,0.088,0
47.75,1.86,3,0.215,3
38.08,11.22,4,0.074,0
247.68,2.42,2,0.073,1
225.5,1.58,2,0.022,1
31.5,0.6,1,0.02,2
144.3,1.08,1,0.04,1
42.91,14.04,1,0.11,0
36.8,11.9,3,0.123,0
198.44,2.53,2,0.057,1
51.67,3.45,3,0.322,3
39.94,1.46,1,0.02,2
37.56,4.31,2,0.313,3
183.24,1.96,2,0.033,1
168.12,1.16,2,0.052,1
23.95,15.62,4,0.09,0
18.06,10.82,4,0.053,0
30.0,11.35,5,0.0,0
45.22,3.06,3,0.252,3
44.29,3.27,3,0.291,3
166.84,1.22,3,0.051,1
42.51,2.71,1,0.193,2
35.13,1.5,2,0.506,3
53.13,13.07,4,0.137,0
43.25,2.3,2,0.487,3
45.49,3.35,2,0.159,3
23.17,0.3,1,0.01,2
38.39,2.32,2,0.244,3
47.48,3.46,3,0.248,3
148.39,1.18,3,0.004,1
177.71,2.37,3,0.069,1
156.17,1.0,1,0.036,1
192.08,1.58,3,0.092,1
34.13,3.13,1,0.348,3
30.5,11.05,2,0.125,0
213.79,3.77,2,0.046,1
184.63,2.55,1,0.024,1
46.8,3.2,2,0.329,3
24.93,0.98,1,0.008,2
214.16,1.61,2,0.0,1
38.67,10.18,3,0.106,0
28.31,7.52,2,0.135,0
155.08,1.03,2,0.087,1
175.34,2.85,3,0.006,1
25.13,10.33,3,0.084,0
58.0,2.37,2,0.269,3
217.04,2.49,1,0.0,1
27.31,9.82,4,0.066,0
30.88,9.56,4,0.1,0
40.99,6.74,2,0.169,3
27.18,1.11,1,0.057,2
35.47,11.3,4,0.068,0
226.62,2.6,1,0.073,1
32.6,2.43,3,0.403,3
42.19,4.12,2,0.351,3
56.74,3.65,1,0.356,3
24.21,13.87,4,0.121,0
51.43,3.61,3,0.269,3
213.64,1.67,1,0.06,1
31.95,1.26,1,0.0,2
200.83,1.65,2,0.028,1
34.95,1.79,2,0.429,3
38.44,2.97,2,0.336,3
70.24,3.1,2,0.317,3
52.55,2.16,2,0.424,3
233.02,2.26,2,0.034,1
179.35,2.31,1,0.053,1
60.94,1.55,2,0.362,3
56.5,2.29,2,0.321,3
40.95,10.32,3,0.071,0
66.85,1.79,2,0.411,3
27.04,1.63,1,0.032,2
67.28,3.1,2,0.249,3
211.65,2.04,1,0.055,1
61.56,2.76,2,0.274,3
39.2,2.99,2,0.37,3
54.7,2.84,3,0.357,3
167.98,1.75,1,0.025,1
35.65,10.86,2,0.13,0
33.25,13.04,4,0.085,0
23.82,0.82,1,0.02,2
203.91,0.41,3,0.051,1
54.59,3.28,2,0.382,3
200.18,1.87,2,0.042,1
39.67,12.83,2,0.02,0
179.45,3.75,2,0.033,1
27.89,1.34,1,0.0,2
51.16,12.08,3,0.079,0
18.24,0.71,1,0.05,2
29.39,11.71,2,0.16,0
45.46,14.57,2,0.112,0
232.53,1.04,2,0.042,1
195.46,2.12,2,0.041,1
42.55,2.28,3,0.21,3
224.53,0.51,2,0.105,1
40.97,3.27,3,0.375,3
166.11,1.84,3,0.064,1
39.67,11.85,3,0.033,0
27.34,8.54,3,0.054,0
217.38,1.72,2,0.097,1
44.27,3.0,2,0.381,3
54.08,3.17,3,0.174,3
15.12,0.2,1,0.007,2
44.3,11.62,2,0.062,0
37.37,1.77,3,0.379,3
22.87,1.51,1,0.05,2
43.11,3.58,2,0.434,3
26.23,1.04,1,0.0,2
31.28,10.23,3,0.065,0
34.69,10.72,4,0.104,0
30.59,13.77,3,0.117,0
21.6,1.63,1,0.013,2
44.63,2.16,1,0.274,3
32.95,3.08,3,0.226,3
20.44,0.37,1,0.004,2
27.91,0.73,1,0.012,2
44.67,15.24,1,0.102,0
46.25,13.02,2,0.09,0
32.51,0.46,2,0.003,2
168.6,2.69,2,0.032,1
28.03,15.28,5,0.057,0
192.39,3.15,2,0.053,1
37.31,2.96,2,0.321,3
24.27,1.43,1,0.008,2
45.18,10.41,3,0.1,0
27.36,1.84,1,0.03,2
26.25,2.95,2,0.344,3
40.43,11.0,4,0.06,0
44.25,1.92,1,0.358,3
44.44,15.41,3,0.112,0
181.87,1.97,2,0.091,1
20.54,1.21,1,0.03,2
199.97,2.29,2,0.079,1
38.41,1.75,2,0.34,3
38.63,13.09,4,0.111,0
200.59,0.75,2,0.035,1
217.35,1.7,2,0.0,1
193.61,1.64,3,0.0,1
213.69,1.31,2,0.14,1
36.9,4.59,2,0.343,3
164.25,2.53,1,0.05,1
35.75,13.2,2,0.121,0
25.05,1.24,1,0.057,2
59.95,3.12,2,0.368,3
37.0,1.38,1,0.012,2
52.8,3.16,2,0.365,3
36.82,17.03,2,0.098,0
36.82,1.48,2,0.389,3
171.84,0.56,3,0.032,1
34.12,1.23,1,0.027,2
194.46,1.64,3,0.048,1
54.75,2.44,2,0.403,3
234.27,2.13,2,0.058,1
36.67,1.95,2,0.352,3
41.19,11.01,3,0.056,0
179.49,1.67,2,0.059,1
186.0,2.23,1,0.063,1
171.58,2.4,1,0.1,1
61.52,2.91,2,0.33,3
35.91,13.58,3,0.07,0
192.71,1.91,3,0.106,1
32.05,8.07,4,0.026,0
31.74,1.81,2,0.424,3
50.94,3.49,2,0.414,3
230.57,1.92,1,0.029,1
172.74,1.66,3,0.05,1
22.17,13.27,2,0.149,0
41.9,11.25,3,0.061,0
34.71,14.06,3,0.138,0
66.9,4.36,2,0.379,3
37.62,2.17,2,0.455,3
17.38,0.71,1,0.001,2
261.45,2.46,2,0.114,1
22.25,0.84,1,0.019,2
56.2,12.5,2,0.089,0
47.05,3.85,1,0.349,3
210.93,0.85,2,0.049,1
36.68,13.22,3,0.052,0
15.99,1.06,1,0.0,2
212.18,2.43,2,0.038,1
34.44,4.86,3,0.418,3
44.11,10.03,3,0.136,0
39.82,2.35,2,0.323,3
216.64,1.21,2,0.07,1
253.75,1.48,2,0.0,1
32.75,3.05,2,0.255,3
38.56,2.92,2,0.338,3
37.51,10.22,3,0.087,0
33.69,2.41,2,0.345,3
29.88,0.79,1,0.003,2
31.44,15.33,5,0.192,0
183.09,2.46,2,0.042,1
137.37,1.99,1,0.052,1
43.88,10.04,4,0.118,0
201.08,1.32,1,0.083,1
49.43,4.69,3,0.255,3
26.19,0.98,1,0.019,2
21.43,13.05,3,0.111,0
60.48,2.71,1,0.329,3
41.28,10.02,3,0.121,0
53.4,12.05,3,0.181,0
176.95,1.47,2,0.096,1
19.44,2.24,1,0.005,2
41.95,12.93,3,0.027,0
186.29,3.44,2,0.092,1
45.5,3.12,2,0.361,3
38.46,9.3,2,0.062,0
184.46,1.41,2,0.058,1
63.28,3.3,2,0.276,3
53.42,2.87,2,0.228,3
187.11,2.12,3,0.051,1
246.97,1.46,2,0.089,1
18.03,0.89,1,0.037,2
41.44,3.33,1,0.358,3
31.63,9.02,2,0.12,0
36.72,14.07,3,0.133,0
40.23,12.52,3,0.075,0
28.28,8.96,2,0.175,0
9.95,0.2,1,0.009,2
277.75,1.36,3,0.074,1
36.34,10.58,3,0.115,0
179.19,1.29,3,0.034,1
221.93,2.05,2,0.085,1
24.17,13.51,3,0.085,0
47.1,11.64,4,0.077,0
40.18,10.21,4,0.12,0
45.04,13.77,3,0.157,0
27.29,12.24,4,0.128,0
218.17,2.33,2,0.006,1
44.31,15.56,3,0.119,0
223.43,1.9,1,0.1,1
145.09,1.72,2,0.101,1
38.1,7.68,2,0.142,0
26.67,2.71,3,0.563,3
214.35,1.8,2,0.034,1
216.19,1.82,1,0.026,1
32.68,15.13,2,0.149,0
28.6,16.21,4,0.052,0
51.59,3.07,1,0.278,3
31.53,3.1,2,0.321,3
188.18,1.98,2,0.043,1
238.33,2.44,3,0.0,1
206.23,3.27,3,0.046,1
43.25,11.16,3,0.062,0
34.78,2.54,2,0.404,3
172.93,1.49,3,0.09,1
23.49,0.72,2,0.026,2
32.11,12.94,4,0.122,0
217.51,1.99,2,0.003,1
47.63,2.06,2,0.227,3
34.88,3.51,2,0.269,3
45.3,11.65,3,0.071,0
256.59,1.07,3,0.04,1
33.1,0.71,1,0.047,2
29.64,2.6,2,0.37,3
216.31,1.59,2,0.014,1
40.22,2.88,2,0.347,3
194.54,2.18,1,0.025,1
40.32,2.29,2,0.322,3
205.07,1.46,2,0.028,1
29.14,1.36,1,0.0,2
40.75,12.5,2,0.09,0
19.83,0.53,1,0.036,2
40.47,11.78,2,0.14,0
189.16,3.21,2,0.073,1
36.12,14.95,3,0.076,0
40.04,14.94,2,0.095,0
33.17,11.09,3,0.07,0
28.5,1.96,2,0.0,2
41.68,10.41,4,0.061,0
219.24,1.7,3,0.045,1
25.33,0.37,1,0.023,2
70.55,2.27,2,0.287,3
37.38,12.75,2,0.131,0
36.5,9.32,3,0.108,0
16.19,0.85,1,0.012,2
50.23,3.53,3,0.363,3
224.11,2.04,2,0.023,1
33.44,4.19,2,0.228,3
252.82,3.01,3,0.061,1
45.87,2.77,2,0.439,3
232.97,1.55,2,0.029,1
47.32,8.69,3,0.137,0
184.72,1.19,2,0.017,1
50.43,9.25,3,0.079,0
27.25,12.96,4,0.118,0
31.42,11.34,2,0.114,0
44.43,2.7,2,0.305,3
39.39,2.26,3,0.265,3
36.11,10.5,3,0.029,0
54.68,1.46,2,0.26,3
213.54,2.92,1,0.0,1
28.36,12.88,4,0.139,0
204.68,0.81,2,0.056,1
50.66,10.15,3,0.103,0
216.02,2.48,1,0.051,1
48.68,3.1,3,0.224,3
28.4,0.92,1,0.011,2
44.53,1.95,2,0.337,3
20.08,8.01,4,0.042,0
174.2,2.27,2,0.08,1
145.07,2.16,2,0.033,1
55.56,3.42,2,0.28,3
207.05,3.59,2,0.046,1
179.0,1.6,2,0.022,1
48.77,12.28,4,0.098,0
31.0,12.75,3,0.044,0
33.2,3.68,2,0.292,3
13.41,1.09,1,0.003,2
21.86,0.42,1,0.026,2
220.5,2.08,2,0.059,1
39.5,1.34,2,0.011,2
39.11,13.1,1,0.17,0
182.82,2.27,2,0.036,1
20.3,1.13,1,0.011,2
53.88,2.93,2,0.231,3
202.0,2.28,2,0.021,1
197.88,2.98,2,0.039,1
157.06,2.87,2,0.075,1
52.67,4.71,2,0.314,3
25.68,11.49,2,0.096,0
44.6,3.32,1,0.334,3
169.08,1.14,2,0.025,1
215.9,1.22,1,0.052,1
25.54,8.0,4,0.126,0
51.57,1.92,2,0.292,3
46.26,3.86,2,0.322,3
52.78,2.07,1,0.297,3
44.52,11.5,3,0.052,0
46.81,2.78,2,0.297,3
179.27,2.08,2,0.062,1
38.28,2.88,2,0.234,3
20.27,1.66,1,0.01,2
185.93,2.09,1,0.028,1
30.68,1.97,1,0.262,3
23.82,11.79,3,0.118,0
217.94,1.38,1,0.107,1
26.52,0.57,1,0.009,2
16.82,1.31,1,0.003,2
59.15,3.74,2,0.336,3
71.99,2.62,2,0.264,3
23.19,1.17,1,0.062,2
27.47,1.18,1,0.055,2
28.46,1.32,2,0.014,2
28.5,10.94,3,0.09,0
44.2,10.32,3,0.005,0
45.82,3.23,2,0.292,3
38.12,1.39,1,0.022,2
31.34,16.45,3,0.141,0
151.27,1.21,2,0.089,1
29.51,15.71,2,0.078,0
38.33,12.13,3,0.147,0
201.07,1.01,3,0.092,1
249.13,2.0,2,0.009,1
32.23,14.03,2,0.035,0
44.74,2.36,2,0.452,3
22.69,0.89,1,0.006,2
35.62,3.53,2,0.426,3
188.79,1.68,2,0.086,1
261.73,1.12,3,0.025,1
42.37,9.84,4,0.122,0
170.43,2.17,2,0.06,1
49.28,3.41,2,0.354,3
33.13,12.47,2,0.109,0
32.71,12.37,3,0.178,0
231.51,1.7,1,0.0,1
159.49,1.23,3,0.01,1
51.65,3.01,3,0.274,3
215.22,0.97,2,0.02,1
49.47,1.39,3,0.342,3
37.55,2.74,1,0.37,3
228.33,1.74,2,0.018,1
191.66,1.81,3,0.078,1
39.15,14.82,3,0.011,0
38.82,13.03,2,0.079,0
202.86,1.24,2,0.066,1
198.9,1.74,2,0.012,1
35.64,14.47,4,0.055,0
197.72,1.66,2,0.066,1
47.36,4.09,2,0.415,3
43.73,3.96,2,0.277,3
33.03,1.38,1,0.019,2
214.52,2.32,1,0.049,1
201.35,2.54,1,0.073,1
32.2,2.18,3,0.266,3
205.65,2.07,2,0.039,1
155.54,2.29,2,0.038,1
45.67,1.72,2,0.272,3
200.28,2.27,2,0.049,1
183.02,1.58,1,0.06,1
14.27,0.25,1,0.033,2
37.37,1.47,1,0.0,2
143.83,2.32,1,0.068,1
177.99,1.71,2,0.057,1
51.24,11.03,2,0.132,0
31.67,13.4,4,0.071,0
39.84,10.32,3,0.097,0
32.45,10.84,3,0.085,0
41.17,10.42,4,0.082,0
210.56,2.45,2,0.022,1
199.6,1.87,2,0.048,1
56.38,3.21,2,0.358,3
45.37,8.99,3,0.029,0
25.65,10.76,4,0.107,0
205.92,2.83,2,0.076,1
14.72,9.79,2,0.156,0
227.18,1.07,3,0.081,1
27.71,11.66,2,0.035,0
45.87,1.53,1,0.314,3
16.71,13.09,2,0.144,0
25.78,0.61,1,0.015,2
42.25,12.59,3,0.153,0
206.74,2.34,1,0.093,1
29.82,0.21,1,0.046,2
214.02,1.49,2,0.094,1
34.77,1.02,1,0.05,2
168.2,2.0,2,0.048,1
188.23,2.71,2,0.04,1
54.63,2.07,1,0.325,3
46.88,4.09,2,0.349,3
177.77,1.6,2,0.0,1
41.58,3.6,2,0.335,3
29.79,2.51,1,0.334,3
24.42,11.51,2,0.152,0
42.45,2.78,1,0.378,3
42.08,3.07,2,0.297,3
283.2,1.82,2,0.032,1
51.01,3.3,2,0.276,3
34.3,13.3,2,0.125,0
30.66,15.47,2,0.13,0
244.31,2.71,2,0.002,1
32.03,11.01,2,0.107,0
209.36,2.33,1,0.075,1
48.22,1.13,3,0.454,3
193.81,3.43,1,0.0,1
34.85,2.43,2,0.249,3
21.68,0.98,1,0.006,2
31.58,2.82,2,0.332,3
43.73,2.93,3,0.365,3
35.07,9.08,3,0.055,0
182.27,1.58,3,0.066,1
28.51,9.71,2,0.054,0
32.86,6.94,3,0.151,0
57.17,3.97,2,0.491,3
184.87,1.48,2,0.032,1
189.31,1.99,3,0.106,1
209.04,2.04,2,0.05,1
259.3,2.52,2,0.042,1
194.34,2.2,2,0.026,1
54.04,3.72,2,0.43,3
30.87,2.92,2,0.336,3
45.64,3.04,2,0.435,3
220.18,2.53,2,0.068,1
214.69,2.88,1,0.007,1
157.41,1.58,1,0.041,1
40.62,4.14,2,0.456,3
183.96,0.95,2,0.047,1
39.41,3.92,3,0.264,3
35.05,3.48,2,0.321,3
36.14,2.86,2,0.443,3
169.72,0.97,2,0.042,1
251.18,2.33,2,0.053,1
57.92,2.8,2,0.207,3
42.91,3.43,1,0.355,3
56.88,2.67,2,0.257,3
30.83,0.74,1,0.02,2
26.6,13.35,4,0.115,0
30.95,16.25,3,0.072,0
179.54,2.25,2,0.008,1
28.51,1.07,1,0.008,2
55.8,2.65,2,0.444,3
192.88,2.6,3,0.001,1
44.01,2.75,2,0.348,3
36.21,13.58,3,0.182,0
29.91,13.64,2,0.1,0
210.23,1.68,1,0.089,1
41.02,2.64,2,0.437,3
28.29,0.9,1,0.033,2
158.7,2.89,1,0.044,1
61.66,3.54,2,0.323,3
36.48,11.53,5,0.111,0
163.93,2.4,3,0.043,1
177.67,2.24,2,0.067,1
31.32,13.85,4,0.062,0
30.02,8.88,4,0.042,0
37.15,14.88,4,0.076,0
268.24,2.08,2,0.06,1
176.09,1.37,2,0.068,1
44.01,14.01,4,0.092,0
12.07,0.47,1,0.045,2
25.0,1.23,1,0.008,2
25.33,0.55,1,0.014,2
40.52,6.78,3,0.157,0
28.99,1.88,2,0.293,3
181.94,1.34,2,0.022,1
260.09,1.79,2,0.0,1
35.98,7.27,3,0.145,0
132.56,1.88,2,0.034,1
25.66,1.84,1,0.05,2
22.75,0.97,1,0.008,2
47.93,3.92,2,0.294,3
38.21,11.77,3,0.084,0
30.84,1.13,1,0.0,2
25.39,1.03,1,0.048,2
44.46,2.19,2,0.475,3
24.19,0.71,1,0.017,2
223.37,1.37,2,0.022,1
48.08,2.88,3,0.451,3
26.14,15.2,2,0.01,0
39.72,14.93,4,0.067,0
46.08,3.36,2,0.21,3
201.36,2.91,2,0.028,1
49.82,2.29,2,0.416,3
226.37,2.75,2,0.072,1
26.75,1.07,1,0.054,2
26.01,12.9,4,0.148,0
36.02,2.36,2,0.284,3
247.51,3.04,2,0.044,1
29.71,10.57,3,0.099,0
23.95,1.32,1,0.076,2
25.97,1.07,1,0.023,2
43.1,3.3,2,0.432,3
46.59,2.67,2,0.352,3
43.06,3.38,2,0.515,3
130.19,3.13,2,0.071,1
21.75,10.32,4,0.124,0
197.99,2.28,2,0.122,1
35.71,16.69,3,0.111,0
189.13,1.49,3,0.05,1
225.13,1.38,2,0.089,1
154.07,2.23,2,0.028,1
25.6,17.13,1,0.131,0
31.0,13.45,3,0.079,0
27.09,1.17,2,0.06,2
195.3,1.82,2,0.046,1
48.89,3.3,1,0.488,3
45.01,14.01,4,0.21,0
40.4,14.59,4,0.107,0
143.62,1.83,2,0.116,1
42.61,2.76,2,0.378,3
227.07,1.41,1,0.038,1
61.12,3.51,2,0.339,3
185.23,0.63,1,0.04,1
32.79,0.56,1,0.008,2
32.86,14.4,3,0.112,0
32.7,0.32,2,0.0,2
49.26,3.1,2,0.337,3
47.29,3.28,3,0.393,3
31.64,2.43,2,0.462,3
19.48,2.49,3,0.452,3
29.52,13.84,2,0.139,0
22.64,1.46,1,0.025,2
38.12,12.07,3,0.132,0
59.0,3.69,2,0.379,3
38.0,4.35,2,0.416,3
228.52,2.52,1,0.084,1
36.62,10.85,5,0.096,0
217.57,2.12,2,0.061,1
51.26,2.35,2,0.349,3
34.01,16.96,2,0.095,0
179.77,1.52,2,0.058,1
40.33,2.71,2,0.328,3
35.41,11.95,4,0.144,0
25.8,1.52,1,0.012,2
49.67,14.97,3,0.196,0
45.58,9.23,4,0.0,0
23.03,0.95,1,0.064,2
14.5,10.43,3,0.104,0
32.38,12.76,4,0.038,0
32.5,9.95,3,0.154,0
199.39,1.96,2,0.052,1
25.46,0.76,1,0.008,2
279.73,1.15,2,0.025,1
234.71,1.64,1,0.062,1
16.49,0.96,1,0.038,2
21.32,15.57,2,0.066,0
199.42,1.43,1,0.071,1
40.62,9.98,3,0.057,0
221.59,3.01,2,0.064,1
50.15,4.41,2,0.476,3
25.35,11.02,3,0.098,0
162.48,1.95,1,0.063,1
47.78,3.26,2,0.247,3
22.85,15.92,2,0.023,0
36.2,3.17,2,0.366,3
258.11,2.67,2,0.056,1
203.47,3.37,2,0.083,1
38.1,3.67,2,0.45,3
59.51,3.4,2,0.334,3
54.41,15.01,3,0.151,0
36.36,13.93,3,0.141,0
32.67,11.5,3,0.093,0
45.79,12.09,3,0.089,0
39.05,3.56,3,0.371,3
19.26,0.87,1,0.022,2
36.36,0.92,1,0.016,2
41.69,13.94,3,0.088,0
27.12,1.07,1,0.044,2
22.66,17.74,4,0.096,0
266.96,2.74,1,0.058,1
29.95,1.14,1,0.013,2
45.63,12.2,2,0.136,0
46.94,3.54,3,0.324,3
148.2,1.93,2,0.097,1
22.59,0.78,1,0.027,2
25.16,3.53,2,0.272,3
37.79,11.9,3,0.098,0
30.85,1.01,1,0.03,2
192.76,2.26,3,0.052,1
39.27,12.28,4,0.117,0
164.99,2.07,2,0.087,1
40.24,12.81,3,0.137,0
34.66,1.13,1,0.025,2
199.78,2.95,2,0.051,1
190.33,2.26,1,0.063,1
39.53,10.99,4,0.036,0
51.86,3.65,3,0.326,3
39.48,9.87,4,0.077,0
19.01,13.86,3,0.108,0
19.42,0.2,1,0.0,2
55.65,4.75,2,0.446,3
40.31,13.84,2,0.151,0
193.47,1.31,3,0.053,1
175.6,2.47,3,0.072,1
58.38,2.66,2,0.327,3
244.22,2.03,2,0.094,1
22.15,1.29,1,0.0,2
22.75,8.13,2,0.177,0
33.21,9.66,3,0.02,0
214.71,2.44,2,0.057,1
37.51,13.78,2,0.035,0
194.21,3.26,2,0.079,1
44.14,3.26,2,0.44,3
60.92,4.56,2,0.303,3
50.56,3.28,2,0.364,3
22.85,1.2,1,0.036,2
211.9,2.41,2,0.066,1
47.4,12.85,4,0.17,0
15.38,2.68,2,0.342,3
40.41,9.84,3,0.053,0
178.78,2.48,2,0.032,1
13.55,2.19,2,0.256,3
229.93,1.02,3,0.041,1
23.14,0.72,1,0.0,2
149.01,2.27,2,0.051,1
25.55,0.82,1,0.02,2
44.48,2.38,1,0.269,3
44.98,3.02,2,0.431,3
26.55,10.2,4,0.148,0
31.35,1.16,1,0.038,2
44.03,2.95,2,0.207,3
43.29,10.4,4,0.08,0
199.85,1.84,2,0.022,1
26.13,9.03,4,0.169,0
33.38,1.83,2,0.473,3
50.68,12.44,2,0.124,0
189.33,1.28,2,0.066,1
21.24,0.94,1,0.0,2
27.3,1.16,1,0.018,2
186.07,1.61,3,0.073,1
173.95,2.11,2,0.067,1
202.16,2.38,1,0.0,1
45.93,3.88,2,0.358,3
48.78,3.0,2,0.301,3
63.65,3.37,2,0.297,3
231.24,1.52,2,0.044,1
45.34,3.58,1,0.357,3
197.66,2.71,2,0.032,1
33.82,13.17,2,0.123,0
213.6,2.81,3,0.067,1
195.64,1.63,1,0.092,1
47.51,2.76,3,0.281,3
16.27,0.44,1,0.0,2
50.08,2.07,2,0.328,3
185.82,1.88,2,0.042,1
34.55,11.59,3,0.121,0
28.9,0.65,1,0.03,2
19.68,0.36,1,0.005,2
237.55,1.48,2,0.049,1
37.88,8.47,3,0.07,0
35.3,9.79,3,0.11,0
195.71,2.05,2,0.002,1
37.29,13.02,2,0.155,0
23.84,15.45,2,0.105,0
181.71,1.57,2,0.079,1
20.7,0.74,2,0.057,2
171.62,2.45,2,0.037,1
38.35,10.5,3,0.139,0
26.29,13.69,2,0.162,0
47.89,8.9,3,0.072,0
40.37,13.59,2,0.116,0
227.04,1.8,2,0.048,1
21.44,0.87,1,0.0,2
22.86,0.47,1,0.012,2
201.51,3.11,2,0.133,1
236.96,1.85,2,0.0,1
22.56,0.81,1,0.023,2
187.02,2.01,1,0.045,1
48.07,3.02,2,0.494,3
33.55,2.37,3,0.345,3
193.59,2.09,3,0.076,1
32.28,10.7,2,0.131,0
53.66,2.48,2,0.405,3
156.26,1.5,2,0.044,1
55.64,4.14,2,0.38,3
57.23,3.81,2,0.311,3
66.99,2.25,2,0.404,3
211.38,1.93,2,0.086,1
44.06,2.88,2,0.324,3
185.79,3.04,1,0.086,1
229.98,2.31,2,0.059,1
23.94,1.42,1,0.027,2
167.39,2.0,2,0.014,1
49.63,3.0,2,0.385,3
40.35,10.75,2,0.065,0
167.93,2.54,1,0.037,1
22.62,1.39,1,0.0,2
44.94,10.17,3,0.138,0
183.97,1.97,1,0.05,1
44.42,9.72,1,0.068,2
35.33,15.44,4,0.052,0
200.82,2.11,2,0.123,1
35.26,14.82,4,0.149,0
44.35,3.43,2,0.354,3
165.2,2.19,3,0.034,1
174.13,1.98,3,0.044,1
51.06,15.18,3,0.106,0
42.74,3.25,3,0.323,3
42.49,3.09,1,0.398,3
45.69,3.78,2,0.329,3
43.33,8.07,2,0.052,0
34.89,4.05,2,0.395,3
153.34,2.6,3,0.068,1
54.71,3.81,1,0.418,3
39.6,4.15,1,0.197,2
12.43,11.0,3,0.106,0
28.03,11.73,3,0.111,0
26.89,13.21,3,0.106,0
35.32,16.49,4,0.064,0
21.05,8.14,3,0.162,0
39.04,10.61,4,0.159,0
208.54,1.41,2,0.074,1
49.73,11.8,3,0.155,0
181.15,2.45,3,0.037,1
52.76,2.7,2,0.245,3
237.96,2.43,1,0.05,1
29.57,2.26,2,0.373,3
171.15,1.5,1,0.006,1
35.89,3.06,2,0.491,3
205.99,2.73,1,0.037,1
31.51,12.17,2,0.132,0
42.79,12.36,3,0.131,0
204.99,1.36,2,0.0,1
157.25,2.36,3,0.092,1
37.94,10.98,3,0.119,0
64.89,2.9,2,0.353,3
36.33,16.6,4,0.126,0
34.65,10.17,4,0.073,0
26.99,0.23,1,0.012,2
37.56,2.54,2,0.477,3
34.18,10.1,3,0.109,0
40.27,8.53,2,0.189,0
235.84,2.33,2,0.059,1
29.72,11.51,3,0.164,0
40.28,8.96,2,0.111,0
48.58,2.99,3,0.302,3
23.54,2.6,3,0.259,3
32.3,11.55,2,0.141,0
28.34,1.2,1,0.023,2
43.88,4.14,1,0.244,3
28.27,10.72,2,0.011,0
174.41,1.29,1,0.084,1
49.47,3.33,2,0.364,3
39.14,3.56,2,0.47,3
39.32,2.36,1,0.35,3
23.88,0.87,2,0.0,2
42.11,11.37,3,0.188,0
33.41,1.75,1,0.037,2
48.61,9.87,2,0.179,0
24.48,1.12,1,0.027,2
36.88,2.93,2,0.316,3
49.09,3.59,2,0.437,3
44.82,2.8,2,0.335,3
174.7,3.1,1,0.033,1
39.33,14.91,4,0.092,0
29.41,11.97,3,0.098,0
235.31,2.42,1,0.098,1
27.16,11.25,4,0.086,0
24.6,16.21,4,0.095,0
38.77,7.24,4,0.197,0
228.5,2.61,2,0.045,1
175.42,2.07,2,0.058,1
59.67,2.2,2,0.308,3
224.13,1.48,1,0.02,1
44.48,4.02,1,0.357,3
19.13,1.52,1,0.005,2
44.49,2.17,3,0.38,3
202.52,1.96,2,0.031,1
34.57,13.16,2,0.092,0
212.14,2.1,1,0.053,1
220.85,2.41,2,0.042,1
243.95,2.59,2,0.011,1
45.19,15.97,3,0.097,0
50.1,5.49,2,0.389,3
22.01,11.78,4,0.155,0
189.44,1.89,2,0.075,1
157.84,2.03,1,0.069,1
34.18,11.23,2,0.164,0
31.09,11.28,3,0.112,0
42.92,2.42,2,0.22,3
220.28,2.08,1,0.044,1
24.86,0.92,1,0.038,2
61.58,3.29,1,0.289,3
58.85,3.85,2,0.302,3
199.27,1.69,2,0.066,1
36.89,10.82,4,0.076,0
38.94,2.42,2,0.351,3
35.25,5.12,2,0.098,2
171.72,1.96,2,0.0,1
41.69,14.75,3,0.045,0
124.6,2.07,2,0.095,1
203.18,2.33,2,0.0,1
202.21,2.22,2,0.064,1
37.01,2.73,1,0.359,3
32.62,10.02,3,0.054,0
187.55,1.89,2,0.051,1
40.62,9.73,2,0.121,0
259.01,1.85,3,0.007,1
39.58,2.18,1,0.24,3
62.51,4.26,2,0.22,3
16.76,1.34,1,0.036,2
32.65,8.47,4,0.151,0
47.09,3.55,2,0.266,3
29.46,1.26,1,0.044,2
28.61,11.46,4,0.051,0
47.76,4.06,2,0.487,3
43.14,12.59,2,0.112,0
30.28,0.41,1,0.029,2
22.82,0.55,1,0.0,2
42.0,12.8,4,0.042,0
59.42,3.57,2,0.303,3
34.8,13.71,4,0.118,0
35.0,3.62,2,0.354,3
58.3,2.5,3,0.485,3
24.0,0.94,1,0.003,2
184.19,1.82,2,0.033,1
26.93,3.88,2,0.443,3
42.42,4.5,2,0.392,3
222.2,1.94,1,0.021,1
222.95,1.99,2,0.075,1
240.14,1.55,2,0.022,1
37.98,2.94,2,0.378,3
57.4,3.46,1,0.297,3
40.33,1.92,3,0.306,3
30.82,11.06,2,0.115,0
37.93,3.49,2,0.258,3
36.88,13.73,3,0.015,0
150.25,1.33,2,0.047,1
25.52,1.42,2,0.032,2
24.34,0.95,1,0.027,2
25.32,3.45,2,0.319,3
58.43,2.16,2,0.316,3
17.63,1.02,1,0.027,2
53.34,3.2,2,0.344,3
49.85,4.15,3,0.084,0
35.12,12.43,4,0.12,0
21.23,1.27,1,0.042,2
255.99,2.06,1,0.032,1
42.47,2.17,2,0.421,3
45.65,2.18,2,0.423,3
211.81,2.4,1,0.017,1
33.62,16.18,3,0.07,0
46.74,11.8,4,0.091,0
53.59,3.31,2,0.385,3
28.89,1.01,2,0.016,2
36.81,11.29,1,0.103,2
35.73,3.75,2,0.319,3
50.1,3.26,2,0.28,3
296.65,2.09,2,0.075,1
39.85,3.79,3,0.412,3
209.76,1.24,2,0.072,1
184.32,2.58,2,0.084,1
253.33,1.26,1,0.043,1
214.76,1.42,3,0.039,1
57.64,4.4,1,0.266,3
26.24,1.86,1,0.028,2
39.63,12.33,3,0.038,0
28.87,17.77,3,0.119,0
205.72,1.94,2,0.089,1
240.91,2.47,3,0.006,1
42.47,16.94,3,0.111,0
30.54,11.32,4,0.062,0
165.1,2.19,2,0.026,1
168.12,1.73,2,0.033,1
39.22,13.78,3,0.151,0
170.73,1.2,3,0.059,1
43.76,10.43,3,0.139,0
47.38,2.45,2,0.205,3
192.35,2.13,2,0.022,1
17.35,12.78,3,0.063,0
211.01,2.44,2,0.043,1
238.54,1.54,1,0.04,1
43.18,4.45,3,0.368,3
36.87,3.34,2,0.284,3
25.65,16.43,3,0.135,0
12.27,0.51,1,0.048,2
39.94,3.76,2,0.191,3
32.1,2.73,2,0.331,3
25.72,0.76,1,0.015,2
188.97,3.27,2,0.005,1
26.1,0.32,1,0.01,2
46.69,3.68,2,0.398,3
185.78,1.77,2,0.068,1
57.6,2.15,2,0.427,3
21.69,1.17,1,0.013,2
29.56,0.6,1,0.032,2
15.45,0.51,1,0.029,2
39.08,3.1,1,0.397,3
33.34,13.65,4,0.104,0
37.02,11.18,3,0.127,0
153.67,2.2,2,0.036,1
198.61,1.37,2,0.029,1
151.25,3.01,3,0.042,1
20.86,13.23,3,0.084,0
47.14,16.91,3,0.092,0
30.99,13.28,2,0.125,0
25.96,0.69,1,0.066,2
22.26,1.42,1,0.002,2
199.6,2.35,2,0.086,1
16.55,1.05,1,0.0,2
26.72,1.46,2,0.024,2
24.02,13.57,2,0.109,0
31.65,13.78,4,0.079,0
34.52,10.34,2,0.054,0
31.95,7.8,3,0.132,0
237.22,1.1,3,0.045,1
258.84,1.87,2,0.022,1
44.97,3.24,2,0.347,3
67.2,2.89,2,0.324,3
19.83,1.19,1,0.033,2
227.69,1.72,2,0.014,1
51.41,2.65,2,0.351,3
42.64,4.38,4,0.131,0
43.95,3.82,1,0.239,3
43.75,2.47,3,0.34,3
37.7,14.71,3,0.064,0
25.84,16.09,3,0.119,0
48.3,2.42,2,0.37,3
38.39,3.86,1,0.27,3
44.2,1.74,2,0.37,3
31.63,0.95,1,0.003,2
36.67,13.05,2,0.053,0
42.46,10.59,2,0.116,0
52.82,3.3,2,0.437,3
51.55,2.89,2,0.499,3
22.97,1.34,1,0.0,2
49.25,1.04,2,0.296,3
39.52,2.82,2,0.248,3
28.01,3.77,2,0.25,3
42.0,11.17,4,0.051,0
43.12,11.06,3,0.079,0
184.47,1.73,2,0.022,1
29.66,16.16,2,0.087,0
215.22,2.54,2,0.054,1
144.11,2.54,3,0.013,1
38.36,11.59,4,0.141,0
21.25,0.9,1,0.016,2
37.56,15.93,4,0.103,0
175.39,2.31,1,0.076,1
18.94,9.51,2,0.103,0
33.17,13.55,3,0.094,0
209.27,2.45,3,0.084,1
28.45,14.18,2,0.026,0
20.09,10.54,3,0.099,0
40.65,3.35,2,0.293,3
249.74,1.73,2,0.016,1
30.24,10.29,2,0.107,0
199.83,3.18,2,0.051,1
44.34,2.72,2,0.262,3
51.93,12.43,4,0.133,0
27.52,1.07,1,0.037,2
171.43,0.85,2,0.056,1
145.88,2.53,1,0.024,1
238.69,2.67,2,0.034,1
58.06,2.72,2,0.351,3
233.33,1.14,2,0.008,1
24.25,1.99,1,0.023,2
194.91,1.85,2,0.058,1
171.27,1.54,3,0.042,1
38.17,3.47,2,0.326,3
205.02,1.52,2,0.017,1
49.4,4.31,2,0.345,3
47.37,3.1,2,0.295,3
40.07,3.9,1,0.237,3
32.19,0.92,1,0.003,2
184.57,2.41,2,0.054,1
19.85,0.96,1,0.018,2
217.68,2.5,2,0.058,1
35.25,2.49,3,0.303,3
36.64,15.28,4,0.081,0
37.04,2.82,2,0.403,3
47.24,3.13,1,0.378,3
22.85,0.8,1,0.048,2
55.8,2.43,2,0.45,3
21.27,3.2,1,0.371,3
44.52,2.98,2,0.272,3
14.04,0.94,1,0.058,2
52.3,2.42,1,0.402,3
35.57,15.14,2,0.105,0
165.78,2.17,2,0.043,1
201.52,1.63,2,0.077,1
19.78,1.05,1,0.012,2
185.5,1.91,2,0.099,1
77.23,2.74,2,0.296,3
31.09,0.2,1,0.026,2
176.67,2.38,1,0.046,1
226.43,1.62,2,0.054,1
28.7,0.43,1,0.005,2
26.8,1.05,1,0.037,2
47.87,2.84,2,0.277,3
217.68,1.76,2,0.0,1
29.92,0.91,1,0.045,2
31.25,7.63,3,0.143,0
48.73,16.33,3,0.175,0
25.91,2.93,2,0.342,3
229.44,1.76,2,0.05,1
32.95,11.93,2,0.115,0
188.9,2.67,2,0.051,1
230.72,1.53,2,0.063,1
63.34,2.56,2,0.164,3
48.07,13.05,5,0.172,0
24.32,0.2,1,0.039,2
41.17,12.31,3,0.002,0
35.14,4.0,2,0.394,3
219.78,2.25,2,0.057,1
238.45,2.81,3,0.072,1
161.16,0.8,2,0.064,1
272.55,2.14,1,0.021,1
22.65,0.45,1,0.0,2
220.86,2.75,3,0.013,1
41.01,3.87,2,0.348,3
27.56,1.99,2,0.357,3
53.54,2.66,3,0.288,3
32.36,1.01,1,0.01,2
21.17,16.8,3,0.049,0
33.99,0.86,1,0.024,2
65.0,0.88,2,0.338,3
37.64,9.98,3,0.092,0
24.31,0.61,2,0.012,2
39.23,6.99,3,0.029,0
191.66,1.47,1,0.068,1
171.78,1.78,2,0.0,1
203.88,2.04,2,0.043,1
28.86,9.64,3,0.091,0
236.99,1.93,2,0.033,1
39.45,14.57,3,0.104,0
29.44,3.88,2,0.385,3
186.02,1.99,1,0.077,1
44.84,11.78,2,0.108,0
26.36,12.38,3,0.097,0
54.29,1.89,1,0.177,2
40.15,2.74,2,0.253,3
32.67,14.85,2,0.142,0
42.8,13.57,3,0.028,0
44.58,3.95,2,0.475,3
47.1,2.9,2,0.537,3
36.1,12.56,3,0.189,0
175.73,2.07,2,0.088,1
154.05,2.2,2,0.078,1
33.51,3.3,2,0.376,3
22.58,1.35,1,0.011,2
223.01,2.25,2,0.096,1
189.79,1.65,2,0.011,1
15.19,0.79,2,0.024,2
44.5,2.59,2,0.328,3
38.06,16.36,2,0.05,0
29.84,1.28,1,0.029,2
147.59,2.71,1,0.039,1
27.19,13.11,3,0.151,0
198.69,1.42,2,0.05,1
35.53,11.22,2,0.085,0
39.97,10.13,2,0.141,0
31.95,12.99,4,0.066,0
51.91,10.8,3,0.122,0
33.62,8.89,3,0.048,0
157.88,0.9,1,0.075,1
29.43,13.14,2,0.13,0
36.25,17.18,2,0.088,0
22.92,12.01,2,0.129,0
28.08,10.37,3,0.081,0
41.86,2.88,3,0.267,3
28.31,13.79,3,0.166,0
154.85,2.75,2,0.033,1
37.28,11.0,3,0.076,0
27.93,6.79,2,0.101,0
42.91,3.32,2,0.453,3
213.54,1.94,2,0.026,1
183.18,1.41,2,0.059,1
40.01,8.67,3,0.022,0
49.93,1.87,3,0.187,3
216.92,2.56,3,0.045,1
26.06,13.21,3,0.074,0
38.26,3.3,2,0.397,3
42.04,12.67,3,0.035,0
30.33,0.77,1,0.017,2
23.74,8.85,4,0.134,0
36.68,16.79,3,0.078,0
31.27,0.67,1,0.008,2
27.2,10.23,4,0.09,0
42.7,13.92,3,0.091,0
38.93,3.27,3,0.397,3
29.95,12.97,2,0.058,0
31.47,15.21,3,0.131,0
29.93,13.99,4,0.141,0
188.46,1.15,2,0.033,1
39.53,2.81,2,0.326,3
34.9,9.16,3,0.07,0
183.77,1.29,2,0.029,1
30.04,3.41,3,0.261,3
28.42,1.49,1,0.045,2
31.46,1.69,2,0.295,3
273.89,1.71,2,0.061,1
22.59,1.22,1,0.038,2
49.37,3.3,2,0.32,3
208.76,1.5,1,0.007,1
50.45,2.83,2,0.378,3
30.6,10.78,3,0.101,0
34.99,14.09,3,0.157,0
213.15,1.46,1,0.038,1
203.67,1.08,1,0.074,1
51.26,2.78,2,0.253,3
218.26,1.46,1,0.03,1
62.01,2.3,3,0.441,3
50.02,4.71,2,0.227,3
35.13,10.46,1,0.08,2
192.79,1.18,3,0.019,1
33.7,2.33,2,0.365,3
32.72,18.19,2,0.174,0
28.63,11.73,2,0.092,0
44.44,2.5,1,0.376,3
205.96,2.52,1,0.038,1
27.23,1.12,1,0.026,2
194.02,1.8,2,0.108,1
154.52,1.11,3,0.0,1
170.8,1.51,2,0.087,1
270.32,1.18,2,0.09,1
23.55,2.25,2,0.438,3
34.74,12.56,4,0.159,0
56.5,2.66,2,0.517,3
26.91,5.87,3,0.047,0
44.04,15.66,4,0.083,0
40.64,12.32,4,0.116,0
26.96,11.7,3,0.127,0
19.17,1.2,1,0.019,2
16.26,13.88,3,0.041,0
25.51,1.26,1,0.045,2
17.07,3.6,1,0.374,3
30.2,10.17,3,0.142,0
158.56,1.92,2,0.077,1
30.46,1.32,1,0.0,2
232.15,2.16,2,0.0,1
183.52,1.83,2,0.06,1
186.42,2.17,2,0.028,1
41.75,12.64,3,0.099,0
205.55,1.04,2,0.073,1
26.8,1.88,1,0.005,2
51.36,3.14,2,0.458,3
21.57,0.35,1,0.044,2
26.66,0.61,2,0.048,2
23.11,1.65,1,0.012,2
36.64,13.96,2,0.086,0
34.37,12.91,2,0.082,0
204.45,1.73,2,0.108,1
136.35,2.07,2,0.021,1
23.61,0.99,1,0.019,2
260.11,3.09,2,0.016,1
227.23,1.95,2,0.032,1
203.48,2.7,2,0.053,1
25.0,1.85,2,0.027,2
174.09,1.45,2,0.0,1
191.03,1.52,2,0.064,1
22.38,0.41,1,0.002,2
40.58,2.81,3,0.367,3
245.22,1.7,1,0.043,1
37.39,3.66,2,0.38,3
27.38,1.0,1,0.015,2
40.71,14.01,3,0.167,0
50.6,1.36,2,0.378,3
48.26,2.96,2,0.354,3
188.57,1.03,1,0.029,1
55.23,4.44,1,0.216,3
45.39,2.75,1,0.312,3
32.83,1.21,1,0.026,2
212.67,2.15,2,0.062,1
23.26,8.32,4,0.151,0
35.15,2.86,2,0.333,3
27.14,0.45,1,0.01,2
23.55,14.12,2,0.149,0
43.34,3.05,2,0.332,3
208.08,2.45,2,0.031,1
41.39,7.75,3,0.061,0
28.6,13.69,4,0.064,0
213.26,2.59,2,0.078,1
33.1,3.57,3,0.356,3
28.95,8.94,3,0.155,0
40.58,4.04,2,0.325,3
27.76,1.11,1,0.0,2
59.18,3.52,2,0.361,3
26.34,11.39,3,0.11,0
21.4,4.17,2,0.438,3
235.09,2.36,3,0.02,1
33.75,1.22,2,0.011,2
44.77,2.61,2,0.321,3
34.72,2.95,1,0.314,3
21.93,1.32,1,0.078,2
33.37,12.0,4,0.133,0
143.13,1.73,2,0.039,1
28.29,0.57,1,0.02,2
34.93,13.42,3,0.044,0
200.99,0.82,2,0.038,1
181.23,2.1,3,0.106,1
26.68,12.11,3,0.104,0
27.56,1.23,1,0.004,2
214.01,2.4,2,0.076,1
34.42,10.77,3,0.148,0
25.76,1.28,1,0.001,2
25.47,1.25,1,0.0,2
43.88,16.83,3,0.023,0
58.76,2.94,2,0.322,3
49.02,2.08,2,0.342,3
25.21,5.85,3,0.144,0
33.19,2.92,1,0.427,3
32.51,1.61,2,0.396,3
256.91,1.26,1,0.076,1
44.22,4.24,2,0.276,3
237.57,2.47,2,0.114,1
34.49,10.77,4,0.092,0
34.19,14.75,3,0.085,0
44.25,2.67,1,0.308,3
49.43,13.12,1,0.085,0
44.29,4.02,1,0.304,3
45.71,2.26,2,0.4,3
26.77,1.54,1,0.336,3
18.22,9.32,3,0.079,0
49.65,12.54,3,0.135,0
154.92,2.25,3,0.0,1
229.8,2.36,2,0.0,1
200.01,2.01,2,0.068,1
31.85,1.2,2,0.006,2
234.66,2.51,3,0.091,1
50.82,8.05,3,0.098,0
49.02,3.82,3,0.436,3
33.78,7.63,3,0.108,0
57.88,1.91,2,0.401,3
213.0,2.59,2,0.049,1
39.7,3.4,2,0.483,3
45.61,14.43,3,0.092,0
55.34,2.35,2,0.254,3
51.16,10.72,3,0.117,0
25.98,1.87,2,0.434,3
216.81,1.57,3,0.071,1
26.74,9.73,4,0.089,0
191.92,0.95,2,0.03,1
21.77,1.42,1,0.011,2
26.48,0.76,1,0.035,2
271.67,1.65,3,0.028,1
50.33,3.1,1,0.223,3
59.14,2.84,2,0.326,3
32.31,10.83,2,0.1,0
36.56,2.7,2,0.383,3
30.18,12.21,3,0.127,0
207.38,2.54,2,0.043,1
39.94,2.76,1,0.51,3
34.53,3.33,3,0.28,3
221.99,2.53,1,0.034,1
26.04,12.47,2,0.165,0
35.25,13.57,2,0.139,0
42.09,2.77,3,0.286,3
56.84,3.71,2,0.397,3
41.52,15.82,1,0.179,0
138.3,2.18,2,0.126,1
221.9,0.92,2,0.049,1
39.24,9.77,5,0.088,0
195.02,2.14,2,0.017,1
199.64,2.01,1,0.05,1
26.34,13.23,3,0.149,0
26.63,0.92,1,0.029,2
8.76,0.63,1,0.003,2
149.15,1.41,2,0.068,1
38.37,13.82,3,0.067,0
223.66,1.97,2,0.07,1
31.06,2.78,1,0.371,3
198.32,2.95,2,0.092,1
33.13,6.36,3,0.109,0
199.48,2.09,2,0.0,1
42.64,4.27,1,0.313,3
43.96,3.74,2,0.411,3
45.44,2.06,2,0.365,3
29.09,10.47,5,0.127,0
25.14,11.09,2,0.079,0
230.8,2.41,2,0.004,1
46.26,1.22,2,0.329,3
264.76,1.61,2,0.036,1
29.96,7.98,3,0.108,0
41.03,2.17,2,0.158,2
32.91,12.37,3,0.161,0
53.19,3.84,2,0.447,3
42.9,2.29,2,0.341,3
226.54,1.65,3,0.0,1
42.47,2.75,3,0.535,3
56.96,3.08,2,0.366,3
30.23,17.77,2,0.13,0
190.41,2.11,2,0.074,1
48.16,2.54,2,0.364,3
37.64,1.62,2,0.348,3
198.91,3.4,2,0.086,1
66.08,2.37,1,0.356,3
22.36,1.28,1,0.05,2
22.99,11.97,1,0.03,2
28.56,21.96,3,0.128,0
45.49,3.81,3,0.377,3
56.3,2.74,3,0.215,3
205.0,2.35,2,0.043,1
197.91,2.58,2,0.049,1
16.08,0.59,1,0.002,2
188.64,3.59,1,0.082,1
43.59,3.42,2,0.256,3
211.68,1.12,1,0.063,1
125.54,1.57,2,0.018,1
179.25,2.62,1,0.061,1
222.33,2.2,2,0.03,1
24.74,12.63,4,0.128,0
191.78,2.41,2,0.059,1
177.17,1.95,2,0.011,1
44.92,2.75,1,0.407,3
176.39,2.13,2,0.091,1
35.06,14.05,4,0.115,0
53.35,1.6,2,0.169,3
36.94,3.19,2,0.32,3
185.14,2.69,1,0.053,1
175.46,2.21,2,0.094,1
170.26,2.59,3,0.019,1
33.76,10.63,3,0.048,0
33.84,15.27,3,0.097,0
210.84,2.02,2,0.051,1
28.74,10.49,2,0.074,0
244.89,2.78,2,0.062,1
184.22,0.94,1,0.056,1
46.26,2.99,2,0.253,3
214.43,1.81,2,0.118,1
22.24,0.7,1,0.06,2
55.86,2.61,2,0.393,3
50.4,3.78,2,0.386,3
203.81,1.99,2,0.064,1
34.74,12.41,4,0.106,0
45.37,17.48,4,0.074,0
32.35,9.17,3,0.026,0
14.78,0.95,1,0.0,2
17.76,1.58,1,0.001,2
159.64,2.27,2,0.066,1
198.2,1.97,3,0.021,1
26.51,12.72,2,0.127,0
62.67,4.06,2,0.337,3
201.18,1.59,2,0.043,1
23.16,1.31,1,0.025,2
41.48,9.51,5,0.093,0
34.06,17.69,2,0.056,0
231.02,0.68,1,0.015,1
33.13,13.57,2,0.128,0
39.4,9.58,3,0.196,0
19.45,1.02,1,0.019,2
219.19,3.94,2,0.059,1
189.7,1.2,3,0.004,1
255.89,1.79,1,0.079,1
23.64,6.95,4,0.05,0
24.12,1.68,1,0.06,2
24.15,0.95,1,0.052,2
53.04,3.05,2,0.408,3
38.09,11.95,3,0.106,0
28.65,1.01,2,0.045,2
40.77,2.34,1,0.295,3
52.08,3.45,2,0.269,3
226.36,1.97,3,0.087,1
201.52,1.58,1,0.021,1
29.9,1.51,2,0.006,2
32.17,3.35,3,0.507,3
229.49,1.63,2,0.077,1
32.85,3.62,2,0.439,3
196.21,2.21,2,0.048,1
40.18,2.96,3,0.306,3
47.79,3.14,2,0.336,3
39.46,12.26,3,0.179,0
47.99,1.69,1,0.236,3
36.89,2.79,1,0.449,3
198.83,2.58,3,0.029,1
45.73,3.14,2,0.437,3
29.38,15.01,2,0.132,0
231.5,1.2,2,0.082,1
51.83,3.92,3,0.394,3
192.69,0.99,1,0.049,1
221.79,2.87,1,0.061,1
200.65,1.76,4,0.021,1
22.28,1.28,1,0.03,2
153.34,2.76,3,0.024,1
193.27,1.98,3,0.057,1
37.21,2.69,2,0.364,3
33.1,13.32,3,0.066,0
30.69,1.36,1,0.026,2
204.59,2.11,3,0.057,1
32.75,0.72,1,0.045,2
202.43,2.05,1,0.051,1
34.12,3.32,2,0.349,3
187.37,2.8,2,0.016,1
36.37,3.55,2,0.349,3
46.09,12.0,2,0.103,0
33.8,0.91,1,0.02,2
27.95,10.71,3,0.129,0
21.89,1.25,2,0.021,2
206.01,2.96,1,0.057,1
126.38,2.29,2,0.043,1
227.21,1.77,3,0.062,1
32.51,10.61,2,0.068,0
25.78,0.61,2,0.0,2
219.62,2.38,3,0.055,1
40.82,10.94,3,0.107,0
54.16,3.34,3,0.259,3
251.52,2.14,2,0.012,1
190.49,0.87,2,0.023,1
32.24,14.18,4,0.139,0
207.25,2.54,2,0.053,1
23.16,11.36,4,0.073,0
183.97,1.67,3,0.024,1
33.8,9.68,4,0.091,0
203.35,1.68,2,0.014,1
233.93,2.58,2,0.032,1
35.93,2.02,1,0.041,2
23.94,1.28,1,0.041,2
30.33,11.83,3,0.085,0
44.15,16.1,4,0.103,0
182.47,1.9,2,0.055,1
190.81,2.33,2,0.085,1
245.31,2.67,2,0.063,1
20.09,0.6,1,0.0,2
32.73,0.9,1,0.014,2
18.24,1.22,1,0.013,2
54.72,2.58,2,0.325,3
35.76,12.86,5,0.107,0
39.0,9.06,4,0.165,0
43.59,12.71,1,0.051,0
42.98,2.5,3,0.319,3
58.03,3.17,1,0.377,3
24.27,2.1,1,0.029,2
34.88,11.63,3,0.088,0
183.59,1.18,1,0.047,1
32.86,9.86,4,0.147,0
45.02,3.55,2,0.387,3
44.74,5.9,3,0.096,0
220.1,1.98,2,0.039,1
32.12,14.26,2,0.11,0
170.48,1.8,2,0.064,1
192.79,1.39,3,0.004,1
58.22,2.05,2,0.476,3
46.99,2.78,2,0.417,3
197.75,2.23,2,0.029,1
246.68,2.52,1,0.041,1
39.51,11.94,3,0.06,0
216.11,1.31,1,0.0,1
44.94,1.93,3,0.235,3
41.23,3.28,3,0.466,3
210.82,1.62,2,0.041,1
186.33,2.73,1,0.106,1
205.5,2.91,1,0.091,1
28.18,16.65,2,0.101,0
46.71,3.17,3,0.316,3
42.13,2.58,2,0.337,3
49.4,2.48,2,0.426,3
225.43,1.27,3,0.008,1
24.63,1.03,1,0.045,2
39.15,10.3,4,0.098,0
20.6,9.15,2,0.092,0
39.32,16.03,3,0.079,0
28.39,12.05,3,0.176,0
202.42,1.79,2,0.037,1
218.62,1.95,2,0.068,1
24.7,0.37,1,0.033,2
38.14,8.24,3,0.089,0
37.42,5.99,3,0.143,0
20.61,9.22,2,0.143,0
44.93,11.83,3,0.088,0
52.34,2.45,2,0.406,3
40.5,3.41,3,0.335,3
22.06,0.34,1,0.019,2
53.63,3.57,2,0.348,3
27.56,1.13,1,0.04,2
28.35,11.3,4,0.088,0
187.07,2.13,2,0.0,1
33.74,1.33,1,0.025,2
49.41,13.85,2,0.093,0
48.86,2.41,2,0.398,3
206.16,1.3,2,0.022,1
45.85,2.97,2,0.504,3
43.63,3.04,2,0.456,3
207.72,0.77,3,0.007,1
47.51,3.67,1,0.491,3
34.73,10.32,3,0.046,0
66.09,3.67,1,0.401,3
197.46,0.86,4,0.066,1
199.39,2.53,2,0.066,1
224.28,1.69,2,0.0,1
19.15,1.21,1,0.019,2
48.37,6.95,2,0.083,0
45.26,2.82,2,0.424,3
141.94,1.37,1,0.076,1
205.36,1.57,2,0.033,1
213.75,2.32,2,0.034,1
24.02,1.45,1,0.036,2
66.18,3.23,2,0.441,3
44.34,11.15,2,0.141,0
35.17,2.44,2,0.384,3
38.77,3.86,2,0.297,3
29.99,14.09,3,0.102,0
32.61,14.86,3,0.078,0
37.99,12.52,3,0.108,0
248.47,2.01,2,0.026,1
25.3,7.28,4,0.081,0
32.58,10.43,4,0.071,0
41.55,2.33,2,0.282,3
32.47,16.91,3,0.146,0
217.34,2.02,1,0.107,1
31.13,2.88,2,0.449,3
24.77,9.06,3,0.0,0
229.83,2.26,1,0.037,1
47.41,13.46,3,0.099,0
29.18,8.5,3,0.026,0
24.11,10.31,4,0.105,0
35.21,2.92,2,0.333,3
214.62,2.29,1,0.095,1
28.81,18.28,2,0.136,0
43.22,2.9,2,0.398,3
214.05,1.6,2,0.027,1
36.4,3.52,2,0.4,3
45.9,12.06,4,0.024,0
30.04,13.13,3,0.123,0
46.79,3.02,3,0.337,3
15.08,1.49,1,0.005,2
57.64,2.7,3,0.29,3
220.08,1.75,2,0.065,1
218.41,1.83,1,0.083,1
20.98,0.93,1,0.047,2
36.02,11.31,4,0.086,0
29.17,1.56,2,0.323,3
218.96,2.02,1,0.052,1
28.6,1.67,1,0.019,2
43.89,8.83,2,0.052,0
213.55,2.19,1,0.0,1
184.99,2.5,2,0.058,1
26.66,3.97,2,0.291,3
41.14,11.64,4,0.126,0
33.35,1.34,1,0.032,2
33.66,9.31,4,0.127,0
26.55,0.82,1,0.015,2
216.23,2.03,2,0.056,1
163.36,1.61,2,0.068,1
186.89,1.72,1,0.035,1
25.52,7.73,3,0.112,0
186.17,2.01,3,0.019,1
221.03,2.03,2,0.065,1
22.21,1.0,1,0.006,2
41.62,9.64,3,0.083,0
62.67,4.12,2,0.388,3
44.74,1.48,2,0.211,3
222.47,1.39,2,0.063,1
33.62,12.58,2,0.086,0
51.1,3.32,2,0.326,3
165.35,1.97,2,0.005,1
26.48,0.88,1,0.016,2
56.96,2.06,2,0.251,3
240.38,1.56,2,0.116,1
204.54,2.89,2,0.063,1
180.58,2.81,2,0.08,1
42.49,11.41,3,0.138,0
30.13,9.87,3,0.102,0
48.56,10.74,2,0.096,0
217.1,3.13,1,0.089,1
52.44,10.94,3,0.025,0
54.12,2.75,2,0.335,3
22.27,3.04,1,0.375,3
107.81,1.53,3,0.045,1
30.1,1.36,1,0.033,2
169.99,1.99,2,0.08,1
30.67,0.52,1,0.001,2
33.74,12.22,3,0.161,0
21.41,1.9,1,0.022,2
33.67,13.74,2,0.16,0
31.25,0.99,1,0.006,2
242.03,1.59,2,0.087,1
19.88,15.04,4,0.128,0
27.48,0.62,1,0.022,2
150.45,1.81,2,0.051,1
38.11,15.21,2,0.077,0
52.74,4.26,2,0.263,3
27.52,11.87,2,0.129,0
203.2,1.47,1,0.082,1
30.96,3.32,3,0.273,3
48.6,3.27,2,0.432,3
48.99,11.11,2,0.0,0
37.97,13.59,4,0.068,0
35.81,2.95,2,0.377,3
23.76,1.18,1,0.02,2
225.69,1.34,2,0.023,1
36.95,6.98,4,0.081,0
24.27,12.72,3,0.103,0
54.64,1.1,2,0.398,3
37.87,16.58,3,0.112,0
47.29,15.35,3,0.097,0
32.31,15.1,2,0.116,0
282.4,2.59,1,0.048,1
26.01,1.46,1,0.032,2
222.91,1.84,3,0.132,1
17.95,0.45,1,0.027,2
35.74,2.72,2,0.374,3
46.75,2.19,2,0.2,3
42.14,2.64,1,0.513,3
41.33,9.78,4,0.093,0
228.17,1.9,2,0.039,1
35.55,1.64,1,0.079,2
29.05,0.79,1,0.026,2
26.62,1.4,1,0.009,2
205.09,2.57,3,0.083,1
116.18,2.34,2,0.0,1
164.33,2.24,3,0.05,1
15.34,1.46,1,0.036,2
187.44,2.13,1,0.052,1
28.16,15.35,1,0.049,0
44.0,11.59,2,0.096,0
34.32,9.21,4,0.103,0
27.29,0.95,1,0.0,2
216.87,2.89,3,0.101,1
23.61,1.33,1,0.02,2
184.7,1.87,1,0.06,1
187.69,2.94,1,0.033,1
27.36,0.97,1,0.01,2
49.14,2.64,1,0.381,3
48.77,7.0,1,0.143,2
21.56,0.96,1,0.0,2
207.64,1.27,2,0.069,1
42.8,14.63,2,0.096,0
181.76,1.81,2,0.041,1
33.95,10.45,4,0.067,0
31.46,0.84,1,0.04,2
225.72,1.19,3,0.075,1
34.78,1.03,1,0.063,2
43.9,2.73,2,0.428,3
39.55,3.41,2,0.176,3
242.09,1.13,3,0.091,1
41.99,2.92,2,0.346,3
38.02,15.07,2,0.179,0
34.88,12.1,3,0.034,0
21.38,0.82,2,0.02,2
171.32,2.09,3,0.055,1
40.1,13.22,4,0.148,0
39.78,2.89,2,0.34,3
251.81,2.4,2,0.03,1
31.65,6.69,2,0.096,2
33.68,8.88,2,0.093,0
41.62,14.63,2,0.126,0
61.99,1.83,2,0.351,3
202.71,1.27,3,0.038,1
29.23,15.94,3,0.07,0
33.93,2.55,2,0.28,3
21.44,1.1,1,0.013,2
189.13,2.16,3,0.052,1
46.03,3.34,2,0.191,3
42.22,2.89,1,0.211,2
203.83,0.59,2,0.039,1
27.35,12.98,2,0.14,0
66.16,2.38,3,0.371,3
33.03,12.56,3,0.16,0
30.48,12.33,4,0.119,0
26.66,15.46,3,0.097,0
67.49,4.09,2,0.339,3
38.72,13.36,3,0.114,0
42.31,8.34,2,0.124,0
28.02,11.53,3,0.108,0
39.03,2.21,1,0.401,3
16.87,9.96,4,0.031,0
47.61,14.28,4,0.123,0
41.4,3.21,3,0.468,3
40.11,15.83,2,0.117,0
196.61,2.0,2,0.07,1
34.84,12.67,4,0.099,0
28.17,10.18,4,0.104,0
191.66,2.55,2,0.037,1
52.37,5.12,1,0.283,3
30.49,1.06,1,0.04,2
169.19,2.2,2,0.047,1
27.22,0.95,1,0.011,2
21.97,0.96,1,0.005,2
188.54,1.34,2,0.062,1
41.35,3.6,1,0.189,2
30.33,2.73,2,0.273,3
22.98,0.86,1,0.034,2
41.59,8.1,4,0.05,0
56.62,2.18,1,0.346,3
40.79,3.57,3,0.3,3
210.66,1.25,2,0.022,1
30.22,10.75,3,0.13,0
58.58,1.86,2,0.323,3
20.77,1.01,1,0.019,2
194.65,1.29,2,0.146,1
209.37,1.79,3,0.081,1
31.25,11.36,2,0.109,0
158.55,2.9,2,0.103,1
226.28,2.78,2,0.0,1
28.73,8.56,5,0.073,0
43.47,2.88,3,0.203,3
51.47,12.16,4,0.11,0
57.4,3.73,1,0.339,3
42.07,2.56,2,0.469,3
36.53,2.31,2,0.318,3
26.55,0.94,2,0.049,2
55.51,3.88,2,0.364,3
39.5,2.32,1,0.258,3
229.72,1.91,2,0.006,1
27.33,11.36,4,0.066,0
51.24,3.32,1,0.2,2
203.64,2.17,2,0.025,1
51.87,3.15,2,0.22,3
31.7,16.06,2,0.126,0
40.41,13.56,3,0.152,0
221.83,2.47,2,0.016,1
31.43,12.52,3,0.168,0
244.03,2.09,2,0.044,1
40.07,4.02,2,0.428,3
49.76,4.0,2,0.222,3
43.25,10.22,3,0.088,0
56.32,3.47,2,0.307,3
161.35,2.72,1,0.079,1
39.58,14.53,4,0.112,0
31.44,15.57,3,0.08,0
42.62,2.42,2,0.353,3
135.19,2.8,2,0.066,1
31.52,1.76,1,0.021,2
31.19,14.09,3,0.116,0
191.21,2.5,1,0.0,1
208.14,2.65,2,0.055,1
45.16,13.8,2,0.035,0
36.42,12.49,4,0.073,0
190.11,2.4,1,0.0,1
50.77,3.54,2,0.419,3
48.3,3.68,3,0.363,3
42.02,13.09,4,0.078,0
31.14,5.94,3,0.12,0
39.42,4.15,2,0.391,3
33.66,1.1,1,0.02,2
31.75,16.69,3,0.124,0
27.05,13.13,4,0.11,0
34.88,2.72,2,0.285,3
60.08,3.23,2,0.143,2
40.23,2.86,1,0.422,3
159.86,2.75,2,0.066,1
237.66,1.66,2,0.084,1
143.53,2.31,3,0.065,1
229.64,2.1,1,0.103,1
50.01,14.49,3,0.108,0
25.95,15.95,2,0.162,0
201.65,1.72,2,0.1,1
189.89,1.9,1,0.11,1
194.07,0.96,1,0.043,1
29.81,0.64,1,0.043,2
25.56,10.63,2,0.16,0
28.56,1.34,2,0.322,3
144.08,1.73,2,0.0,1
44.26,11.03,2,0.069,0
39.09,10.28,3,0.054,0
42.15,2.22,2,0.299,3
131.19,2.25,3,0.083,1
43.36,3.5,1,0.401,3
139.58,1.27,2,0.038,1
22.96,9.51,2,0.113,0
27.47,0.26,1,0.0,2
54.16,4.13,2,0.256,3
228.6,2.29,2,0.0,1
30.38,0.6,1,0.0,2
254.35,2.01,3,0.031,1
172.49,2.23,2,0.031,1
28.61,8.49,4,0.08,0
65.0,3.4,2,0.367,3
30.59,1.1,1,0.049,2
40.24,11.68,3,0.123,0
214.98,2.25,2,0.038,1
223.95,2.39,2,0.038,1
46.73,3.15,2,0.274,3
37.49,16.76,2,0.101,0
21.87,0.94,1,0.041,2
33.69,16.78,4,0.112,0
206.75,2.77,3,0.052,1
216.42,1.85,3,0.016,1
43.31,8.17,3,0.113,0
183.61,1.88,3,0.013,1
37.46,9.81,4,0.11,0
30.29,9.59,3,0.115,0
62.03,3.88,1,0.375,3
39.84,12.68,4,0.043,0
226.35,1.54,1,0.057,1
165.6,2.94,2,0.052,1
34.76,11.22,4,0.103,0
28.97,1.01,1,0.026,2
34.9,1.21,1,0.04,2
20.01,1.16,1,0.025,2
27.87,0.2,1,0.006,2
37.68,6.48,4,0.101,0
41.12,7.84,2,0.069,0
182.29,2.92,1,0.067,1
50.94,2.12,1,0.417,3
59.54,3.66,2,0.301,3
31.72,13.22,5,0.048,0
35.39,5.24,3,0.103,0
26.05,11.53,4,0.211,0
189.1,1.97,3,0.036,1
22.12,0.45,1,0.047,2
25.34,10.55,3,0.123,0
8.53,0.94,1,0.027,2
37.53,12.46,2,0.103,0
148.31,1.81,3,0.023,1
167.29,1.25,2,0.098,1
149.12,2.09,2,0.038,1
32.71,10.7,4,0.12,0
20.77,1.61,1,0.022,2
41.21,12.19,4,0.096,0
55.51,2.99,3,0.369,3
24.3,0.74,1,0.032,2
20.9,0.95,1,0.04,2
19.31,1.33,2,0.046,2
161.78,1.67,1,0.089,1
44.38,2.88,2,0.324,3
180.93,1.16,3,0.072,1
24.82,10.59,2,0.074,0
222.76,2.56,2,0.054,1
28.54,3.06,1,0.392,3
53.13,2.58,3,0.306,3
181.09,2.14,1,0.055,1
26.68,0.63,2,0.039,2
44.23,11.58,3,0.077,0
186.91,0.94,2,0.046,1
32.36,8.22,2,0.127,0
54.04,3.77,2,0.284,3
45.53,14.53,3,0.141,0
245.88,2.12,2,0.031,1
44.33,3.27,2,0.282,3
248.37,1.78,2,0.076,1
226.04,1.46,1,0.097,1
22.74,8.52,2,0.01,0
182.98,1.76,3,0.016,1
21.06,1.4,1,0.007,2
37.06,10.56,3,0.069,0
47.29,2.52,2,0.262,3
57.69,2.01,2,0.181,3
192.59,2.74,1,0.058,1
17.14,0.2,1,0.032,2
25.0,1.0,1,0.0,2
46.63,1.93,2,0.339,3
20.98,1.25,1,0.033,2
21.96,1.34,2,0.02,2
189.35,2.06,2,0.015,1
28.83,12.64,2,0.074,0
52.12,2.09,2,0.301,3
46.15,3.09,2,0.3,3
45.6,3.08,2,0.235,3
25.53,0.66,1,0.03,2
43.83,14.23,3,0.03,0
22.5,0.57,1,0.026,2
35.95,15.41,3,0.136,0
44.79,10.24,3,0.145,0
186.02,2.15,2,0.071,1
65.48,3.03,2,0.259,3
30.16,14.43,3,0.096,0
38.59,4.42,2,0.295,3
39.08,2.68,3,0.288,3
35.11,13.33,4,0.069,0
24.1,9.29,3,0.093,0
28.16,8.62,2,0.067,0
38.09,14.38,3,0.119,0
35.14,10.84,3,0.109,0
35.55,13.02,2,0.105,0
27.04,3.63,3,0.33,3
13.42,0.92,1,0.046,2
14.16,0.2,1,0.0,2
26.75,1.58,1,0.028,2
25.98,11.33,3,0.114,0
53.37,3.07,3,0.411,3
174.67,2.82,1,0.0,1
33.29,11.37,2,0.119,0
203.84,2.57,1,0.05,1
214.93,2.38,2,0.001,1
47.74,3.27,2,0.384,3
193.26,2.65,2,0.05,1
201.58,1.65,2,0.018,1
32.2,1.13,1,0.015,2
25.31,1.54,1,0.434,3
35.5,1.09,1,0.0,2
188.6,1.68,2,0.016,1
156.48,1.73,2,0.025,1
32.96,11.88,3,0.063,0
223.35,1.49,2,0.061,1
25.3,2.37,2,0.35,3
24.98,12.61,4,0.074,0
59.18,2.73,2,0.426,3
31.76,7.66,4,0.075,0
25.71,1.59,1,0.022,2
30.94,13.03,3,0.055,0
201.72,1.63,2,0.077,1
26.27,0.98,1,0.02,2
45.77,1.38,2,0.358,3
53.77,3.39,2,0.474,3
46.22,3.03,1,0.466,3
220.94,1.06,2,0.091,1
251.24,2.23,3,0.029,1
42.11,2.96,2,0.291,3
135.13,2.32,2,0.058,1
52.84,2.62,2,0.327,3
123.59,2.55,3,0.027,1
64.83,2.94,2,0.333,3
29.94,14.51,4,0.031,0
44.83,3.68,2,0.434,3
26.74,1.13,1,0.021,2
30.59,0.9,1,0.015,2
50.7,2.92,1,0.259,3
215.33,2.32,4,0.055,1
271.44,2.8,1,0.058,1
22.48,0.37,1,0.012,2
30.77,11.18,3,0.168,0
38.97,10.77,5,0.117,0
34.62,2.75,2,0.345,3
182.91,0.65,2,0.037,1
229.85,2.03,2,0.023,1
40.54,14.2,3,0.041,0
17.26,0.73,1,0.032,2
216.29,1.47,2,0.026,1
39.86,13.71,3,0.057,0
25.88,1.04,2,0.06,2
143.29,2.52,1,0.068,1
50.77,3.81,1,0.29,3
26.0,7.22,4,0.043,0
28.85,0.58,1,0.005,2
222.44,1.93,3,0.069,1
212.87,1.98,2,0.023,1
167.14,1.01,1,0.025,1
38.76,2.86,1,0.387,3
24.54,13.93,3,0.088,0
146.26,1.97,3,0.037,1
54.56,2.97,2,0.291,3
44.91,2.78,2,0.36,3
42.1,12.95,3,0.155,0
199.67,2.26,2,0.031,1
29.62,1.23,1,0.0,2
26.85,1.45,1,0.048,2
162.58,2.16,2,0.075,1
177.33,1.76,2,0.003,1
39.51,13.25,2,0.058,0
48.74,4.18,2,0.373,3
197.22,2.33,1,0.024,1
38.33,2.3,1,0.318,3
184.93,2.11,2,0.044,1
218.51,1.19,1,0.078,1
44.29,3.47,3,0.378,3
37.12,11.9,3,0.05,0
25.95,1.46,2,0.022,2
199.58,1.8,2,0.068,1
46.95,2.91,2,0.397,3
46.24,10.81,2,0.147,0
21.45,9.52,2,0.116,0
39.42,1.2,1,0.008,2
34.26,17.53,3,0.183,0
211.34,1.81,2,0.0,1
26.1,0.99,1,0.004,2
159.92,1.09,2,0.023,1
188.05,2.35,2,0.065,1
48.27,2.72,2,0.392,3
31.11,16.74,4,0.102,0
171.29,1.87,2,0.051,1
33.55,4.22,2,0.391,3
36.93,12.6,2,0.056,0
165.87,2.78,2,0.05,1
27.26,0.9,1,0.0,2
26.33,11.85,3,0.105,0
24.57,1.09,1,0.01,2
59.75,4.01,1,0.258,3
41.23,11.21,5,0.082,0
21.82,0.79,1,0.028,2
41.22,13.92,4,0.068,0
280.21,1.37,1,0.095,1
42.36,4.13,2,0.187,3
33.43,1.74,1,0.053,2
228.54,1.61,1,0.09,1
28.2,9.44,3,0.21,0
142.62,3.2,2,0.072,1
59.35,4.72,2,0.331,3
8.32,13.27,2,0.038,0
53.35,1.73,3,0.229,3
40.17,3.21,1,0.476,3
26.81,2.01,2,0.283,3
245.02,2.02,2,0.054,1
51.63,2.77,2,0.393,3
34.54,11.7,1,0.076,2
26.19,12.07,3,0.054,0
30.49,0.59,1,0.0,2
183.34,3.23,2,0.034,1
201.03,2.51,2,0.01,1
44.0,11.81,4,0.051,0
29.62,13.4,2,0.067,0
42.76,2.77,2,0.428,3
205.72,1.89,2,0.069,1
34.37,1.31,1,0.016,2
41.17,2.74,1,0.266,3
28.76,11.49,2,0.064,0
19.58,0.73,1,0.053,2
32.37,11.95,3,0.101,0
40.69,2.05,1,0.108,2
35.88,10.43,3,0.183,0
192.03,1.9,2,0.035,1
21.51,1.13,1,0.035,2
32.62,1.45,1,0.0,2
45.71,1.82,2,0.351,3
190.95,1.52,2,0.052,1
28.09,0.84,1,0.021,2
22.43,2.87,1,0.433,3
53.27,3.48,2,0.469,3
31.52,9.71,3,0.142,0
210.31,1.23,3,0.004,1
229.76,2.12,2,0.057,1
33.27,16.32,3,0.113,0
198.69,1.85,1,0.037,1
233.3,2.38,2,0.046,1
21.82,0.8,2,0.0,2
172.74,2.2,2,0.042,1
29.96,0.7,1,0.014,2
40.74,14.64,4,0.092,0
42.54,3.83,2,0.315,3
55.88,3.77,2,0.235,3
21.93,1.62,1,0.024,2
192.0,3.0,2,0.079,1
16.75,1.27,1,0.012,2
268.95,2.41,2,0.049,1
38.56,14.28,2,0.141,0
29.19,1.53,2,0.027,2
53.88,4.1,2,0.293,3
222.72,2.23,2,0.051,1
170.09,1.57,1,0.068,1
48.75,3.38,2,0.312,3
50.58,4.27,2,0.414,3
68.05,3.56,2,0.151,3
208.94,2.26,2,0.076,1
35.72,10.1,3,0.14,0
205.17,1.78,2,0.097,1
35.37,10.98,2,0.05,0
32.27,14.44,2,0.135,0
34.51,13.79,3,0.078,0
27.97,11.6,3,0.119,0
33.57,8.26,4,0.182,0
158.32,1.71,2,0.083,1
45.46,13.34,3,0.145,0
207.69,1.67,3,0.033,1
33.67,15.37,4,0.143,0
32.32,14.23,2,0.128,0
47.84,2.06,2,0.357,3
221.97,1.38,3,0.036,1
33.99,1.08,1,0.0,2
32.3,0.9,1,0.031,2
28.03,0.81,2,0.0,2
27.9,0.64,1,0.029,2
58.99,2.7,1,0.306,3
203.77,2.52,3,0.071,1
42.13,3.63,2,0.38,3
31.58,11.59,4,0.08,0
217.21,2.32,2,0.082,1
30.98,12.47,4,0.0,0
174.18,1.43,2,0.047,1
43.56,11.79,2,0.037,0
193.68,1.69,2,0.058,1
26.27,16.33,3,0.071,0
39.36,1.51,2,0.484,3
37.45,9.3,3,0.087,0
245.76,2.0,3,0.079,1
35.31,12.35,5,0.094,0
25.64,10.39,3,0.093,0
218.0,2.03,1,0.06,1
196.15,1.77,3,0.059,1
34.87,1.23,1,0.016,2
40.47,2.28,2,0.416,3
32.6,10.37,2,0.088,0
21.27,15.08,3,0.139,0
58.2,3.58,2,0.33,3
211.4,1.94,2,0.045,1
20.06,9.36,2,0.116,0
45.97,3.81,2,0.307,3
42.14,11.39,3,0.125,0
63.33,5.18,3,0.399,3
205.25,1.08,1,0.0,1
40.11,8.74,3,0.099,0
202.02,1.35,3,0.078,1
44.73,10.95,2,0.105,0
29.76,3.9,1,0.35,3
204.05,1.51,2,0.02,1
183.36,1.14,2,0.003,1
45.41,14.11,4,0.128,0
171.64,1.56,2,0.031,1
38.79,13.4,3,0.116,0
240.23,1.89,3,0.048,1
248.32,2.03,1,0.0,1
30.12,1.73,1,0.0,2
43.08,13.15,2,0.166,0
41.65,12.59,4,0.134,0
29.91,13.05,4,0.021,0
32.06,0.71,1,0.009,2
24.46,3.68,2,0.457,3
255.97,0.75,2,0.016,1
38.2,3.76,1,0.422,3
195.34,2.29,2,0.102,1
22.77,1.0,1,0.008,2
204.45,1.85,2,0.01,1
170.01,2.22,1,0.034,1
32.81,12.86,3,0.13,0
27.55,3.59,2,0.445,3
202.15,2.76,2,0.013,1
36.8,1.42,1,0.003,2
213.93,2.1,1,0.06,1
34.65,10.76,2,0.142,0
45.2,3.39,1,0.18,2
46.85,2.76,2,0.373,3
38.52,3.5,3,0.449,3
27.36,0.74,1,0.062,2
198.26,3.63,3,0.082,1
64.87,2.72,2,0.19,3
257.74,1.33,2,0.07,1
177.54,1.53,2,0.055,1
26.84,11.26,2,0.061,0
58.37,3.57,2,0.338,3
34.6,10.14,2,0.098,0
43.07,2.82,2,0.349,3
216.17,2.23,1,0.075,1
27.43,16.48,3,0.118,0
196.0,2.14,2,0.052,1
38.95,3.29,2,0.282,3
28.73,11.56,3,0.112,0
29.81,1.23,1,0.065,2
257.91,1.19,2,0.065,1
36.95,11.96,3,0.15,0
38.52,1.46,2,0.35,3
25.65,0.2,1,0.027,2
38.0,14.17,4,0.11,0
31.56,10.51,4,0.103,0
49.78,3.9,2,0.492,3
55.75,3.25,2,0.151,2
50.53,8.52,4,0.1,0
37.94,16.54,4,0.049,0
24.48,14.46,2,0.085,0
227.53,1.77,3,0.032,1
26.8,0.84,1,0.0,2
28.13,11.19,3,0.062,0
161.53,2.97,2,0.075,1
24.96,1.61,1,0.021,2
23.28,11.45,4,0.128,0
50.46,2.19,2,0.357,3
246.45,1.97,2,0.058,1
37.24,15.96,3,0.04,0
198.1,1.49,2,0.041,1
20.26,1.15,1,0.038,2
37.94,9.87,1,0.113,2
44.06,12.54,3,0.082,0
31.92,9.52,1,0.078,2
228.27,2.74,2,0.041,1
31.03,10.72,3,0.051,0
23.92,12.25,3,0.074,0
74.11,2.94,1,0.204,2
44.14,12.05,4,0.101,0
26.14,14.34,3,0.037,0
30.08,1.22,1,0.039,2
44.91,16.5,2,0.0,0
226.04,2.17,1,0.072,1
172.15,2.45,3,0.074,1
191.57,1.72,2,0.058,1
33.89,3.05,2,0.503,3
44.27,2.79,2,0.465,3
30.26,13.96,4,0.088,0
184.27,1.33,3,0.0,1
189.92,1.06,2,0.006,1
168.85,1.12,2,0.032,1
36.8,6.81,4,0.074,0
27.15,0.68,1,0.031,2
60.49,12.22,3,0.115,0
50.0,3.27,2,0.459,3
40.34,11.41,3,0.125,0
201.13,1.75,3,0.032,1
23.99,0.87,1,0.074,2
33.68,1.25,1,0.037,2
50.35,10.08,3,0.1,0
193.35,2.32,3,0.035,1
47.75,10.84,4,0.122,0
31.38,15.54,3,0.122,0
22.7,1.21,1,0.028,2
43.31,11.78,3,0.057,0
176.39,0.97,2,0.026,1
267.31,1.73,1,0.098,1
37.84,3.07,2,0.351,3
34.02,11.07,5,0.13,0
33.32,13.28,2,0.129,0
170.6,1.7,2,0.033,1
31.75,2.16,3,0.301,3
34.15,2.73,2,0.241,3
23.15,13.21,3,0.105,0
38.25,2.63,2,0.302,3
200.9,1.51,2,0.018,1
27.28,0.79,1,0.055,2
45.98,13.93,3,0.17,0
56.56,3.33,2,0.297,3
44.76,3.24,2,0.365,3
223.3,1.9,2,0.0,1
15.91,0.89,1,0.009,2
252.0,1.5,3,0.043,1
27.65,1.01,2,0.017,2
286.08,2.48,1,0.085,1
111.19,1.81,2,0.06,1
52.54,2.0,2,0.267,3
33.82,13.28,4,0.098,0
43.06,9.98,2,0.128,0
51.74,8.19,3,0.072,0
202.84,2.33,2,0.085,1
185.69,1.45,2,0.037,1
261.04,1.95,2,0.064,1
187.05,2.61,2,0.066,1
23.24,1.11,1,0.0,2
24.77,1.35,1,0.0,2
45.89,3.01,2,0.336,3
60.41,3.19,1,0.3,3
46.62,3.14,2,0.195,3
41.95,9.72,3,0.133,0
36.69,13.23,3,0.085,0
165.7,1.56,3,0.049,1
24.62,0.99,1,0.061,2
186.32,2.07,2,0.0,1
42.7,14.6,4,0.101,0
44.59,2.64,1,0.305,3
238.06,1.47,2,0.056,1
34.52,2.45,2,0.453,3
49.33,3.07,2,0.27,3
240.97,2.19,1,0.058,1
48.73,12.73,3,0.059,0
223.34,1.96,2,0.05,1
21.4,0.99,1,0.027,2
139.36,2.08,3,0.025,1
204.81,0.85,2,0.074,1
211.32,1.93,1,0.14,1
221.33,1.97,2,0.002,1
40.39,3.1,3,0.242,3
28.42,14.71,3,0.072,0
28.48,1.94,2,0.305,3
19.63,7.58,2,0.055,0
40.08,2.59,2,0.393,3
58.64,2.82,2,0.245,3
45.38,3.34,2,0.375,3
150.57,2.07,2,0.08,1
30.77,9.53,3,0.16,0
32.98,0.98,1,0.005,2
176.54,2.28,1,0.072,1
41.52,14.47,2,0.082,0
54.76,3.92,2,0.38,3
23.14,0.83,2,0.035,2
209.5,2.13,2,0.01,1
43.81,2.78,2,0.296,3
45.31,4.24,2,0.422,3
181.71,2.62,2,0.09,1
227.72,1.12,2,0.072,1
32.08,4.0,3,0.144,0
52.79,3.94,2,0.352,3
24.5,0.38,1,0.01,2
46.77,4.09,2,0.439,3
36.56,12.57,5,0.116,0
31.23,10.87,3,0.158,0
20.29,1.48,1,0.0,2
44.45,13.41,2,0.069,0
204.59,2.66,2,0.0,1
222.16,1.72,2,0.01,1
37.42,2.72,3,0.245,3
34.66,10.88,2,0.086,0
32.66,9.14,3,0.077,0
211.5,1.99,1,0.051,1
238.8,1.59,1,0.058,1
60.01,2.51,2,0.22,3
30.81,3.11,1,0.437,3
42.02,13.5,2,0.064,0
129.67,1.8,2,0.026,1
43.18,15.14,3,0.128,0
166.1,1.38,3,0.043,1
50.19,3.56,1,0.411,3
46.15,14.15,2,0.123,0
35.46,4.51,2,0.29,3
42.76,3.11,2,0.455,3
42.12,2.81,2,0.297,3
42.36,3.79,2,0.223,3
43.27,11.96,3,0.145,0
173.71,1.0,3,0.045,1
53.53,3.91,1,0.491,3
236.41,2.2,2,0.028,1
193.03,1.4,3,0.048,1
41.46,13.93,3,0.062,0
41.61,2.76,2,0.377,3
210.23,1.08,2,0.08,1
39.65,3.59,2,0.393,3
28.21,14.87,2,0.105,0
24.8,0.91,1,0.023,2
180.94,1.74,1,0.064,1
46.02,2.6,2,0.376,3
53.44,12.8,3,0.111,0
19.75,8.86,3,0.026,0
45.31,2.19,1,0.344,3
20.93,1.67,1,0.0,2
32.92,16.12,3,0.14,0
58.21,2.86,2,0.296,3
35.16,10.49,3,0.153,0
46.27,3.08,1,0.295,3
32.24,15.04,2,0.062,0
54.23,2.68,2,0.438,3
37.0,8.66,4,0.13,0
179.33,1.82,3,0.004,1
216.41,1.65,1,0.038,1
46.76,4.16,3,0.311,3
19.63,0.87,1,0.028,2
261.41,2.18,2,0.034,1
44.51,2.16,2,0.294,3
33.96,1.07,1,0.046,2
61.97,2.25,2,0.343,3
41.83,11.34,4,0.135,0
38.77,2.62,3,0.338,3
26.6,10.68,3,0.101,0
28.02,0.33,2,0.0,2
218.07,2.32,2,0.077,1
26.4,0.53,1,0.0,2
46.65,3.36,1,0.338,3
39.92,2.0,1,0.382,3
45.36,3.17,2,0.319,3
42.93,2.6,2,0.46,3
201.6,2.55,1,0.027,1
31.92,10.11,3,0.186,0
159.59,1.62,1,0.006,1
212.98,2.59,3,0.032,1
28.58,1.82,2,0.353,3
21.62,0.53,1,0.0,2
60.97,4.03,2,0.381,3
29.8,12.78,1,0.13,0
23.8,0.88,1,0.004,2
204.49,2.04,3,0.001,1
30.6,3.65,2,0.346,3
32.33,12.45,3,0.12,0
21.05,0.65,1,0.0,2
37.5,1.77,1,0.014,2
25.98,10.36,4,0.069,0
31.95,11.58,3,0.059,0
13.02,1.07,1,0.036,2
34.01,12.61,4,0.0,0
51.66,2.36,2,0.397,3
192.5,1.5,2,0.032,1
30.74,0.82,2,0.047,2
60.7,2.9,2,0.369,3
33.87,0.7,2,0.026,2
31.08,1.26,1,0.008,2
31.62,10.22,4,0.089,0
23.17,1.08,1,0.015,2
260.33,2.11,1,0.025,1
31.55,11.35,3,0.092,0
49.74,6.9,4,0.141,0
46.35,2.75,2,0.302,3
42.96,13.59,3,0.077,0
158.6,2.13,1,0.024,1
12.37,0.78,1,0.047,2
214.03,1.69,3,0.028,1
44.27,2.76,2,0.332,3
24.83,13.63,5,0.0,0
35.72,12.78,2,0.174,0
160.95,1.76,1,0.054,1
172.51,2.39,2,0.007,1
30.91,8.12,4,0.123,0
172.71,1.96,1,0.038,1
33.19,9.0,2,0.177,0
21.38,1.14,1,0.03,2
30.62,11.95,3,0.104,0
25.48,12.17,3,0.148,0
41.09,2.84,2,0.304,3
10.6,6.84,3,0.081,0
58.83,3.19,2,0.451,3
204.72,1.38,2,0.058,1
34.4,10.36,4,0.069,0
160.16,1.95,2,0.076,1
28.62,12.04,3,0.065,0
31.44,12.59,3,0.056,0
249.11,2.84,2,0.057,1
220.3,1.2,1,0.072,1
25.86,0.47,1,0.03,2
61.24,2.79,3,0.348,3
77.07,2.7,2,0.38,3
39.51,3.43,2,0.391,3
29.37,1.14,1,0.046,2
38.62,10.53,3,0.102,0
163.96,1.88,3,0.069,1
35.52,13.29,2,0.08,0
39.4,3.16,3,0.314,3
26.38,0.2,1,0.002,2
45.2,3.15,2,0.492,3
28.77,9.99,3,0.098,0
30.33,11.84,3,0.15,0
245.63,1.21,2,0.078,1
26.03,9.79,4,0.124,0
231.44,1.95,2,0.072,1
39.71,2.66,2,0.433,3
24.99,10.91,3,0.106,0
30.66,0.96,1,0.0,2
32.0,10.9,1,0.064,2
34.03,12.58,3,0.157,0
205.53,2.0,3,0.111,1
159.39,1.07,2,0.009,1
49.13,2.15,2,0.268,3
52.25,2.94,2,0.306,3
35.09,1.79,1,0.006,2
39.58,2.2,2,0.306,3
32.05,0.31,1,0.0,2
187.96,2.1,1,0.085,1
169.07,2.67,2,0.06,1
50.35,0.8,1,0.439,3
48.24,2.26,2,0.305,3
41.84,13.88,3,0.04,0
228.18,1.27,3,0.086,1
38.37,11.64,4,0.052,0
36.8,17.71,3,0.114,0
15.93,0.57,1,0.027,2
47.96,3.38,2,0.435,3
45.99,10.32,3,0.124,0
180.58,2.22,2,0.001,1
38.43,3.07,2,0.347,3
33.52,15.99,3,0.012,0
30.91,1.22,1,0.003,2
174.66,1.92,1,0.088,1
137.2,1.03,2,0.062,1
29.69,1.15,1,0.027,2
20.07,2.29,1,0.009,2
35.92,11.69,3,0.081,0
33.05,3.26,2,0.376,3
24.32,14.28,4,0.124,0
214.42,2.66,2,0.045,1
20.72,11.93,2,0.162,0
49.71,2.36,1,0.283,3
193.09,2.28,3,0.035,1
33.24,0.77,1,0.034,2
194.04,0.48,2,0.024,1
226.64,1.4,2,0.113,1
39.94,2.68,2,0.212,3
207.82,1.81,2,0.004,1
189.21,1.93,4,0.046,1
60.43,2.4,1,0.3,3
46.24,3.24,2,0.315,3
33.5,1.16,1,0.034,2
28.51,13.74,2,0.07,0
253.6,2.1,2,0.072,1
35.1,12.36,3,0.178,0
24.82,0.34,1,0.0,2
41.78,3.22,2,0.381,3
43.06,13.84,4,0.099,0
146.83,2.27,1,0.015,1
152.99,1.97,1,0.05,1
26.9,5.51,3,0.12,0
233.88,1.71,2,0.026,1
26.34,0.94,1,0.03,2
53.96,2.04,1,0.421,3
32.68,10.75,3,0.139,0
189.71,2.05,1,0.084,1
33.7,0.58,1,0.048,2
178.66,2.91,2,0.06,1
66.58,2.77,1,0.289,3
18.49,1.0,2,0.033,2
221.21,1.38,1,0.054,1
15.51,0.97,1,0.018,2
32.93,0.99,1,0.043,2
44.28,2.93,2,0.378,3
206.67,1.15,2,0.028,1
34.93,7.91,1,0.12,2
26.09,0.95,1,0.043,2
26.74,0.2,1,0.027,2
180.77,2.87,2,0.055,1
31.92,11.02,2,0.112,0
39.98,3.22,2,0.384,3
52.47,3.51,2,0.461,3
48.65,3.83,2,0.301,3
25.86,10.79,2,0.098,0
39.43,8.63,3,0.114,0
193.11,1.34,1,0.054,1
24.94,14.57,4,0.128,0
214.03,0.7,2,0.017,1
34.03,2.67,2,0.274,3
28.73,1.06,1,0.0,2
39.62,2.24,2,0.203,3
24.41,12.82,3,0.067,0
139.89,2.13,1,0.046,1
44.64,3.87,2,0.186,3
24.22,0.68,1,0.035,2
42.14,1.72,2,0.322,3
173.65,1.59,2,0.057,1
43.88,3.04,3,0.476,3
46.93,10.28,3,0.174,0
212.49,1.97,1,0.08,1
23.46,1.08,1,0.034,2
55.74,3.35,2,0.36,3
48.7,2.85,2,0.545,3
191.92,0.72,2,0.019,1
57.35,2.83,2,0.46,3
207.7,2.0,3,0.032,1
37.37,3.53,2,0.41,3
35.32,2.99,2,0.324,3
32.1,9.59,3,0.102,0
162.85,1.72,2,0.0,1
37.77,3.88,2,0.329,3
28.02,10.53,4,0.093,0
28.91,1.3,1,0.075,2
175.73,1.62,2,0.115,1
33.31,0.4,1,0.012,2
235.98,2.63,2,0.059,1
28.87,14.24,2,0.118,0
200.31,2.68,2,0.046,1
32.88,10.95,4,0.042,0
36.44,10.94,2,0.085,0
50.02,2.71,2,0.278,3
60.22,2.52,1,0.291,3
248.09,1.77,2,0.078,1
44.45,12.3,2,0.141,0
200.7,0.83,2,0.007,1
36.46,12.75,3,0.052,0
195.51,1.54,2,0.051,1
19.56,0.61,1,0.028,2
29.21,14.33,2,0.04,0
58.89,3.38,2,0.376,3
212.92,2.39,2,0.071,1
222.63,2.01,2,0.0,1
16.4,0.67,1,0.018,2
181.01,0.97,2,0.068,1
54.65,3.61,2,0.318,3
229.38,2.03,2,0.072,1
178.75,2.85,1,0.076,1
30.9,0.75,1,0.046,2
234.35,2.43,2,0.039,1
49.1,1.89,2,0.354,3
26.71,12.56,3,0.155,0
207.23,1.21,2,0.093,1
157.88,2.24,2,0.062,1
38.54,2.05,2,0.287,3
38.14,10.5,3,0.091,0
55.1,2.79,3,0.156,3
187.13,1.65,2,0.058,1
20.91,1.04,1,0.022,2
179.48,2.67,3,0.036,1
45.95,10.45,2,0.086,0
31.69,11.4,3,0.096,0
135.53,1.76,2,0.047,1
20.84,0.85,1,0.0,2
26.33,9.64,3,0.12,0
42.19,12.56,4,0.13,0
54.62,8.54,4,0.083,0
22.21,1.23,1,0.056,2
25.83,14.98,4,0.131,0
209.32,1.64,2,0.07,1
40.38,3.84,2,0.438,3
39.26,12.77,3,0.066,0
28.17,14.27,1,0.065,0
208.33,1.38,3,0.055,1
34.65,2.75,1,0.404,3
201.02,2.23,1,0.059,1
28.62,9.99,2,0.115,0
53.1,3.93,3,0.408,3
38.28,10.84,3,0.139,0
42.4,13.47,2,0.023,0
50.85,2.84,2,0.311,3
28.63,3.29,1,0.347,3
173.37,2.5,3,0.069,1
32.07,3.34,2,0.272,3
42.01,3.16,2,0.331,3
34.32,1.32,1,0.014,2
37.21,9.13,3,0.057,0
190.86,2.84,2,0.051,1
59.74,2.38,2,0.36,3
211.03,2.15,2,0.046,1
157.35,2.12,1,0.089,1
52.62,14.36,3,0.074,0
128.78,2.53,1,0.022,2
35.28,13.58,4,0.204,0
24.51,0.24,1,0.015,2
194.13,2.5,2,0.0,1
224.13,1.51,3,0.126,1
189.96,2.45,2,0.053,1
198.74,1.21,1,0.097,1
26.18,0.56,1,0.056,2
37.35,11.47,3,0.041,0
43.3,13.44,3,0.103,0
37.13,1.8,2,0.269,3
42.58,14.31,3,0.081,0
269.9,1.11,3,0.015,1
194.12,1.85,1,0.03,1
24.31,11.86,4,0.044,0
55.97,0.77,2,0.259,3
25.17,0.78,1,0.0,2
38.54,17.57,4,0.068,0
41.17,12.38,3,0.036,0
52.77,3.29,1,0.38,3
30.14,0.45,1,0.033,2
40.79,13.63,3,0.112,0
30.54,1.07,1,0.04,2
30.33,13.23,2,0.119,0
25.04,1.39,1,0.044,2
52.08,1.93,2,0.472,3
238.83,1.91,2,0.032,1
37.07,14.08,3,0.0,0
217.04,2.15,1,0.035,1
55.34,2.74,2,0.325,3
28.2,0.74,1,0.029,2
33.91,3.59,2,0.359,3
34.85,11.25,4,0.137,0
214.05,1.4,2,0.081,1
33.85,10.92,5,0.087,0
30.38,7.54,2,0.119,0
22.68,0.99,1,0.026,2
191.09,1.97,1,0.047,1
195.25,1.13,3,0.035,1
22.0,1.46,1,0.032,2
50.08,3.52,2,0.268,3
15.15,0.53,1,0.041,2
38.65,14.52,3,0.097,0
198.59,3.21,1,0.026,1
199.69,1.76,3,0.006,1
230.7,2.31,2,0.043,1
34.74,10.03,2,0.084,0
27.76,13.51,3,0.042,0
22.6,1.37,1,0.042,2
46.93,10.76,3,0.077,0
20.56,0.92,2,0.025,2
42.02,11.05,3,0.096,0
55.32,2.94,3,0.429,3
30.88,14.58,2,0.129,0
17.78,1.24,1,0.021,2
67.07,2.76,1,0.389,3
152.54,1.46,2,0.006,1
21.8,0.87,1,0.047,2
165.7,2.42,2,0.091,1
29.37,8.0,2,0.087,0
219.18,2.21,2,0.088,1
39.59,11.38,3,0.08,0
36.82,9.48,3,0.108,0
208.22,2.93,2,0.035,1
30.23,11.61,3,0.118,0
55.84,4.37,2,0.276,3
23.07,0.2,1,0.002,2
259.07,1.01,2,0.112,1
63.56,2.55,2,0.488,3
185.87,2.45,1,0.039,1
253.7,0.86,1,0.053,1
46.65,14.99,3,0.068,0
42.49,14.52,2,0.158,0
23.83,14.66,2,0.164,0
45.42,16.74,4,0.085,0
34.7,10.53,2,0.072,0
230.05,3.02,3,0.07,1
17.57,1.6,1,0.016,2
194.47,1.98,1,0.036,1
217.63,2.01,2,0.057,1
44.33,2.82,3,0.36,3
57.27,2.19,1,0.359,3
213.49,2.85,2,0.0,1
185.87,3.54,4,0.0,1
164.5,2.81,2,0.061,1
181.85,1.97,1,0.088,1
40.03,7.33,3,0.079,0
31.16,1.7,2,0.298,3
213.08,2.74,3,0.073,1
28.05,1.04,1,0.017,2
54.71,3.11,1,0.239,3
145.4,2.11,2,0.06,1
170.23,2.46,1,0.018,1
25.29,0.69,1,0.05,2
60.63,3.92,1,0.357,3
35.2,0.72,1,0.013,2
26.66,3.17,2,0.286,3
66.74,1.21,2,0.429,3
19.88,12.0,3,0.137,0
31.37,10.87,3,0.135,0
58.64,3.5,2,0.21,3
193.33,2.51,2,0.054,1
162.74,2.1,2,0.036,1
24.82,0.55,1,0.021,2
26.06,16.55,6,0.179,0
31.5,12.53,1,0.129,0
156.66,1.88,1,0.076,1
222.24,2.69,2,0.024,1
26.64,11.83,3,0.128,0
255.42,2.98,2,0.077,1
52.98,16.76,3,0.108,0
36.06,10.59,3,0.108,0
29.1,10.99,3,0.092,0
49.76,3.48,2,0.241,3
189.97,1.53,3,0.012,1
39.61,14.93,2,0.01,0
45.42,3.39,2,0.439,3
25.83,0.74,1,0.0,2
176.25,0.55,2,0.036,1
228.72,2.5,1,0.0,1
192.37,2.12,3,0.065,1
27.33,1.16,1,0.041,2
290.63,2.66,2,0.065,1
214.16,2.59,2,0.054,1
36.97,3.33,2,0.431,3
176.03,1.28,2,0.028,1
36.76,3.25,2,0.442,3
20.25,15.61,5,0.145,0
201.0,1.07,2,0.061,1
48.66,3.75,2,0.408,3
245.5,1.97,2,0.073,1
183.9,2.44,2,0.029,1
35.41,0.6,1,0.009,2
226.55,2.29,3,0.046,1
17.27,0.95,1,0.002,2
34.85,12.75,4,0.102,0
43.19,2.41,2,0.42,3
50.48,10.92,4,0.102,0
236.52,2.16,3,0.019,1
43.6,14.0,2,0.095,0
206.97,1.51,2,0.057,1
191.63,2.8,1,0.092,1
226.33,1.4,2,0.035,1
25.89,3.26,1,0.323,3
31.21,2.55,2,0.376,3
213.75,2.29,2,0.064,1
32.73,13.22,4,0.109,0
188.04,3.0,1,0.038,1
179.32,2.37,3,0.005,1
150.85,2.37,2,0.036,1
221.03,1.9,3,0.102,1
197.82,1.99,1,0.0,1
198.17,1.5,2,0.08,1
174.72,0.89,3,0.058,1
247.67,1.19,2,0.071,1
212.92,2.48,1,0.058,1
211.36,1.61,2,0.02,1
40.83,12.9,3,0.079,0
232.24,1.82,2,0.022,1
34.32,11.66,4,0.054,0
23.09,1.35,1,0.006,2
58.94,2.17,2,0.227,3
194.89,2.06,2,0.094,1
221.75,2.98,1,0.046,1
55.32,2.34,1,0.25,3
51.74,3.12,2,0.442,3
192.86,0.79,1,0.05,1
33.26,0.58,1,0.0,2
199.04,2.57,2,0.088,1
30.44,1.51,1,0.009,2
56.83,3.14,2,0.368,3
34.1,2.97,2,0.309,3
190.24,2.74,3,0.006,1
41.49,14.75,3,0.113,0
45.59,7.14,3,0.107,0
228.72,2.6,3,0.0,1
38.45,10.64,2,0.024,0
194.2,1.78,1,0.078,1
35.52,4.78,2,0.367,3
35.69,14.34,3,0.143,0
26.17,0.58,1,0.016,2
25.04,1.21,1,0.055,2
36.59,13.28,3,0.1,0
30.26,12.85,4,0.117,0
174.64,2.02,1,0.032,1
53.57,3.06,2,0.26,3
27.41,1.51,1,0.0,2
44.26,17.27,4,0.118,0
17.14,0.84,1,0.033,2
25.84,11.03,4,0.104,0
34.88,2.75,2,0.294,3
36.57,14.43,3,0.084,0
38.44,13.68,2,0.093,0
31.43,10.29,4,0.067,0
35.82,10.72,3,0.051,0
25.0,9.83,1,0.087,2
167.89,2.18,2,0.007,1
22.21,10.83,2,0.147,0
48.64,13.53,4,0.111,0
42.7,9.91,2,0.0,0
25.69,9.79,2,0.132,0
45.65,2.83,1,0.361,3
47.69,3.78,1,0.318,3
259.2,1.75,2,0.052,1
51.2,3.31,2,0.414,3
41.28,11.97,4,0.176,0
11.67,1.07,1,0.015,2
16.65,1.68,1,0.005,2
38.22,13.54,3,0.116,0
197.36,2.37,2,0.08,1
47.37,2.67,2,0.372,3
30.72,10.41,4,0.052,0
160.52,1.07,2,0.048,1
34.19,7.23,3,0.03,0
177.51,1.68,2,0.051,1
46.02,11.24,3,0.084,0
42.17,11.06,3,0.091,0
34.2,0.77,1,0.04,2
17.19,0.7,2,0.038,2
219.86,2.22,1,0.098,1
64.12,2.16,2,0.384,3
38.18,14.91,4,0.05,0
216.86,1.62,2,0.0,1
10.14,1.76,1,0.0,2
42.07,2.15,2,0.305,3
41.4,14.74,3,0.133,0
15.47,14.66,2,0.127,0
42.89,13.11,4,0.037,0
35.41,1.09,1,0.034,2
57.7,2.4,2,0.472,3
25.1,1.04,1,0.03,2
40.55,11.27,3,0.055,0
247.11,2.05,2,0.123,1
41.34,14.07,3,0.136,0
34.89,10.1,3,0.044,0
235.6,1.38,1,0.016,1
31.87,11.37,4,0.084,0
66.02,1.75,3,0.22,3
32.3,12.31,4,0.152,0
208.54,2.88,2,0.043,1
29.65,13.1,3,0.161,0
40.72,3.05,3,0.368,3
50.21,2.84,2,0.344,3
42.15,2.73,1,0.29,3
38.01,3.77,1,0.372,3
178.02,2.2,2,0.074,1
42.52,3.16,2,0.353,3
34.81,10.75,5,0.076,0
170.99,2.07,2,0.087,1
10.38,0.95,1,0.068,2
51.66,4.07,2,0.213,3
26.44,1.21,1,0.0,2
250.22,1.86,2,0.006,1
47.86,3.09,3,0.434,3
248.45,2.04,3,0.034,1
21.83,0.81,1,0.007,2
29.57,11.14,4,0.086,0
204.48,1.11,2,0.04,1
38.61,1.9,2,0.394,3
47.94,11.49,3,0.0,0
40.07,9.71,3,0.063,0
39.91,3.29,2,0.337,3
189.9,2.02,1,0.077,1
44.14,11.83,3,0.101,0
251.06,1.38,2,0.045,1
29.27,1.45,2,0.018,2
22.7,1.48,1,0.004,2
44.86,2.55,2,0.265,3
203.46,2.5,2,0.059,1
285.77,1.03,1,0.072,1
231.39,1.29,3,0.078,1
185.9,2.95,2,0.026,1
156.34,1.41,2,0.034,1
142.99,1.33,2,0.028,1
49.9,18.16,2,0.104,0
176.91,1.76,3,0.054,1
53.04,3.36,2,0.323,3
177.88,2.43,2,0.057,1
29.61,13.94,4,0.121,0
135.11,2.04,3,0.065,1
64.09,3.83,2,0.276,3
25.43,0.68,1,0.037,2
41.05,3.05,3,0.352,3
39.61,11.09,2,0.162,0
39.4,16.08,3,0.05,0
54.15,2.62,2,0.388,3
48.96,3.7,2,0.254,3
24.09,1.37,1,0.0,2
190.47,1.82,1,0.036,1
20.1,0.46,1,0.024,2
44.41,5.01,1,0.342,3
38.4,3.63,3,0.309,3
28.06,3.12,2,0.466,3
39.2,2.73,1,0.372,3
33.87,15.19,5,0.099,0
52.74,3.74,2,0.403,3
36.12,10.97,2,0.091,0
39.09,14.02,4,0.12,0
54.58,2.85,3,0.373,3
39.37,1.9,2,0.556,3
17.64,1.69,1,0.04,2
47.15,13.14,4,0.149,0
25.04,3.94,2,0.397,3
201.19,1.13,2,0.0,1
185.65,1.65,3,0.022,1
212.96,2.14,1,0.065,1
30.31,13.26,3,0.118,0
50.34,2.75,2,0.34,3
46.19,9.93,3,0.094,0
15.47,1.56,1,0.017,2
192.77,2.1,2,0.057,1
207.7,2.06,3,0.047,1
43.41,11.89,3,0.082,0
262.88,1.72,2,0.026,1
31.69,1.27,1,0.006,2
53.69,4.13,2,0.3,3
31.06,10.67,4,0.138,0
217.11,2.46,1,0.056,1
10.2,0.63,1,0.043,2
50.57,1.95,2,0.338,3
239.11,1.32,2,0.069,1
23.25,0.71,1,0.03,2
60.79,3.68,2,0.274,3
47.99,2.61,2,0.322,3
61.9,3.02,2,0.326,3
28.87,3.54,4,0.466,3
24.98,0.47,1,0.0,2
17.75,0.78,1,0.026,2
43.06,3.03,2,0.473,3
227.84,2.75,2,0.031,1
38.27,15.32,2,0.128,0
30.66,12.41,4,0.181,0
55.12,5.02,2,0.32,3
32.6,11.3,2,0.087,0
47.41,3.01,2,0.326,3
52.71,2.33,2,0.376,3
31.0,14.29,3,0.177,0
62.64,3.63,1,0.298,3
39.52,3.32,1,0.224,3
30.64,1.76,1,0.023,2
36.84,12.56,4,0.145,0
21.22,11.83,5,0.084,0
181.29,2.72,3,0.011,1
29.13,11.86,2,0.117,0
181.65,1.71,2,0.0,1
248.89,2.92,2,0.0,1
61.05,0.7,2,0.345,3
33.02,14.76,2,0.072,0
194.53,2.16,3,0.041,1
52.39,2.56,2,0.244,3
27.08,11.83,3,0.17,0
23.72,1.17,1,0.059,2
37.3,12.2,4,0.113,0
193.43,0.8,2,0.058,1
23.41,0.61,1,0.034,2
14.08,12.41,3,0.092,0
32.91,14.48,3,0.181,0
19.89,3.56,2,0.322,3
60.77,1.01,3,0.454,3
35.28,0.79,1,0.0,2
38.53,3.4,2,0.247,3
37.5,11.93,4,0.06,0
22.63,1.07,1,0.01,2
20.53,1.08,1,0.024,2
24.57,0.98,1,0.003,2
15.02,1.35,1,0.057,2
24.43,0.65,1,0.042,2
30.91,2.27,2,0.374,3
237.64,1.68,2,0.145,1
177.89,2.08,1,0.021,1
25.95,0.81,1,0.0,2
29.61,14.88,1,0.116,0
214.82,0.63,1,0.047,1
30.79,8.37,3,0.165,0
33.66,9.36,2,0.048,0
21.55,0.86,1,0.037,2
219.85,2.4,3,0.069,1
203.92,1.74,2,0.048,1
53.27,11.14,4,0.077,0
55.57,5.1,1,0.446,3
47.72,1.97,2,0.301,3
15.99,1.8,1,0.015,2
39.3,11.6,3,0.179,0
23.52,3.99,2,0.184,3
191.35,1.27,1,0.04,1
145.04,2.86,2,0.071,1
30.53,14.03,3,0.163,0
52.33,2.33,2,0.335,3
209.32,2.27,3,0.053,1
31.3,10.13,3,0.135,0
20.37,12.21,2,0.13,0
207.14,1.37,3,0.068,1
39.15,7.53,2,0.123,0
140.28,2.42,1,0.031,1
38.0,2.27,2,0.235,3
31.02,1.12,1,0.028,2
224.35,2.09,3,0.014,1
27.93,11.88,3,0.099,0
49.11,3.15,2,0.33,3
30.76,2.88,2,0.457,3
39.87,10.43,2,0.133,0
40.79,3.17,3,0.335,3
183.19,2.72,2,0.02,1
35.27,11.85,2,0.091,0
231.82,2.54,1,0.069,1
21.24,1.2,1,0.025,2
218.31,1.4,2,0.048,1
203.44,2.32,2,0.022,1
20.09,1.16,1,0.033,2
20.04,1.32,1,0.004,2
23.25,1.33,1,0.026,2
170.42,2.49,3,0.022,1
182.15,1.82,2,0.043,1
42.31,8.62,4,0.089,0
38.44,14.09,3,0.149,0
192.45,2.04,2,0.004,1
159.97,1.57,1,0.038,1
166.02,3.01,2,0.039,1
31.41,12.04,2,0.043,0
35.56,6.08,3,0.083,0
233.35,2.97,3,0.03,1
34.2,3.08,1,0.256,3
42.23,2.39,3,0.249,3
29.67,0.65,2,0.02,2
194.97,1.71,1,0.047,1
47.96,2.93,3,0.348,3
43.5,13.45,3,0.098,0
218.45,2.58,4,0.107,1
30.11,3.89,2,0.247,3
27.06,11.51,2,0.152,0
30.06,9.51,4,0.066,0
41.11,3.13,3,0.151,3
25.11,7.92,3,0.166,0
50.18,1.62,3,0.289,3
257.84,1.9,2,0.028,1
18.53,1.58,2,0.023,2
22.27,1.01,2,0.012,2
16.87,0.92,1,0.019,2
22.32,0.97,1,0.001,2
199.29,3.05,1,0.082,1
200.31,2.01,3,0.072,1
47.78,2.62,1,0.323,3
39.32,18.07,3,0.125,0
30.75,13.64,3,0.1,0
48.75,8.68,4,0.14,0
29.74,16.51,3,0.037,0
60.11,2.64,2,0.394,3
30.59,1.14,1,0.023,2
19.15,0.94,1,0.007,2
26.16,0.74,2,0.063,2
53.31,3.96,1,0.398,3
42.23,3.58,2,0.446,3
59.42,4.68,2,0.298,3
223.61,1.99,3,0.045,1
40.71,3.13,2,0.395,3
40.62,3.62,2,0.422,3
63.29,3.45,3,0.359,3
26.88,0.55,1,0.019,2
44.66,9.13,3,0.126,0
203.39,1.23,3,0.075,1
35.11,13.57,3,0.107,0
25.12,2.34,3,0.426,3
184.15,2.78,3,0.002,1
55.46,2.35,2,0.379,3
27.06,13.85,4,0.037,0
158.1,1.83,2,0.104,1
46.58,8.76,3,0.075,0
28.78,9.29,3,0.118,0
194.69,2.68,2,0.049,1
68.33,3.46,2,0.331,3
31.25,2.15,2,0.343,3
196.46,2.03,2,0.061,1
38.79,16.73,4,0.118,0
207.59,2.61,3,0.023,1
24.13,15.86,3,0.138,0
11.47,1.14,1,0.044,2
19.45,1.45,1,0.009,2
31.27,10.97,3,0.158,0
36.04,9.52,3,0.068,0
54.84,3.35,2,0.364,3
199.97,1.76,2,0.023,1
168.36,1.56,2,0.0,1
37.65,16.21,3,0.151,0
27.87,13.41,3,0.109,0
24.97,1.51,1,0.052,2
189.42,2.36,2,0.043,1
42.88,11.81,3,0.1,0
221.23,1.87,1,0.107,1
17.98,0.97,1,0.025,2
222.01,2.01,2,0.028,1
38.97,3.58,2,0.45,3
203.64,2.3,2,0.0,1
55.49,2.55,2,0.337,3
71.62,3.35,1,0.302,3
49.56,2.92,4,0.407,3
57.06,2.73,2,0.38,3
184.31,1.86,2,0.033,1
148.14,1.41,2,0.069,1
39.72,11.65,2,0.101,0
50.84,3.16,2,0.379,3
33.62,12.7,3,0.12,0
44.63,4.41,2,0.415,3
156.94,2.65,2,0.057,1
23.43,12.37,4,0.114,0
24.86,1.23,1,0.0,2
44.19,3.45,3,0.303,3
21.65,1.04,1,0.025,2
40.66,14.44,3,0.085,0
43.09,11.56,4,0.103,0
36.17,10.54,2,0.119,0
223.96,2.81,2,0.065,1
18.51,0.73,1,0.002,2
23.28,10.19,4,0.074,0
38.22,15.08,3,0.162,0
53.43,1.87,2,0.248,3
26.62,11.96,4,0.088,0
26.15,1.06,1,0.016,2
23.63,12.96,3,0.15,0
239.06,3.36,4,0.027,1
209.29,2.23,2,0.044,1
252.51,1.71,1,0.051,1
13.14,2.98,2,0.439,3
225.9,2.38,1,0.064,1
28.64,0.6,1,0.029,2
33.26,14.75,2,0.057,0
214.64,2.59,3,0.042,1
46.71,3.56,2,0.492,3
23.76,1.25,1,0.065,2
61.29,1.52,3,0.348,3
32.02,12.71,3,0.065,0
37.59,9.06,3,0.064,0
36.86,1.09,1,0.052,2
50.27,2.79,2,0.279,3
35.62,18.02,3,0.154,0
47.72,3.58,2,0.428,3
47.62,4.15,2,0.311,3
45.82,1.71,2,0.449,3
202.49,2.24,2,0.022,1
37.93,2.25,2,0.204,3
49.1,2.39,2,0.441,3
236.34,2.24,2,0.007,1
39.61,2.77,1,0.358,3
21.93,12.0,4,0.129,0
48.12,4.18,1,0.358,3
40.99,4.07,2,0.311,3
45.16,12.58,3,0.091,0
35.21,12.38,2,0.132,0
244.55,1.92,2,0.105,1
29.14,13.57,3,0.101,0
33.44,1.97,3,0.207,3
207.83,2.09,1,0.036,1
195.15,1.57,2,0.044,1
30.59,0.82,1,0.024,2
23.59,1.52,1,0.032,2
268.35,1.12,3,0.04,1
45.03,2.69,1,0.359,3
34.54,11.66,3,0.057,0
197.75,2.49,3,0.098,1
131.97,2.05,2,0.062,1
35.25,4.09,2,0.25,3
186.44,2.21,3,0.079,1
209.13,2.03,2,0.105,1
39.78,3.31,1,0.389,3
42.38,2.42,2,0.379,3
214.77,1.3,1,0.055,1
23.62,4.67,1,0.425,3
38.86,15.2,2,0.142,0
31.12,8.09,3,0.104,0
169.73,1.52,1,0.071,1
47.89,9.61,3,0.086,0
159.57,2.07,3,0.021,1
81.72,3.03,2,0.363,3
174.87,1.89,2,0.066,1
154.73,1.8,3,0.016,1
40.12,3.87,2,0.269,3
42.52,3.74,2,0.307,3
29.5,12.27,3,0.052,0
233.53,0.29,2,0.108,1
42.87,4.23,2,0.242,3
34.9,7.9,3,0.128,0
27.4,0.74,1,0.032,2
60.87,3.06,2,0.438,3
227.48,1.68,1,0.017,1
24.78,0.95,1,0.024,2
26.99,0.87,1,0.035,2
31.93,8.56,2,0.068,0
49.34,3.21,2,0.382,3
26.62,2.35,2,0.379,3
41.91,12.21,3,0.143,0
33.2,3.08,2,0.321,3
39.12,14.22,4,0.077,0
191.58,1.45,1,0.027,1
30.38,12.55,3,0.138,0
20.86,1.07,1,0.01,2
41.02,3.07,3,0.387,3
15.53,0.99,1,0.011,2
64.3,4.17,2,0.255,3
30.8,0.94,1,0.034,2
24.89,1.04,1,0.0,2
25.52,0.73,2,0.035,2
211.01,1.72,2,0.109,1
37.2,11.04,4,0.033,0
23.15,13.98,4,0.096,0
171.32,2.25,3,0.084,1
45.69,1.97,3,0.303,3
31.87,18.0,2,0.079,0
26.05,1.09,1,0.0,2
230.37,1.75,2,0.087,1
196.61,2.19,2,0.041,1
280.79,2.12,2,0.0,1
182.3,1.74,2,0.041,1
184.6,2.1,1,0.099,1
27.64,1.1,2,0.47,3
167.83,2.23,2,0.026,1
45.15,2.5,1,0.317,3
18.23,14.52,3,0.116,0
201.28,1.59,2,0.047,1
30.58,8.81,3,0.123,0
50.91,2.89,3,0.528,3
225.74,2.07,2,0.072,1
27.23,1.17,1,0.007,2
25.5,14.28,2,0.213,0
20.62,1.3,1,0.021,2
35.39,0.58,1,0.009,2
41.39,3.39,1,0.291,3
28.04,13.28,3,0.112,0
37.27,3.05,2,0.366,3
182.99,1.94,2,0.039,1
199.64,1.4,1,0.08,1
46.32,13.05,3,0.02,0
31.33,14.04,3,0.14,0
45.1,4.07,3,0.281,3
47.31,11.69,3,0.027,0
42.93,2.69,2,0.216,3
232.18,2.15,1,0.023,1
58.58,4.13,1,0.31,3
33.84,2.49,2,0.404,3
27.39,13.79,3,0.136,0
163.6,1.36,1,0.054,1
28.18,1.01,1,0.0,2
22.97,1.04,1,0.008,2
220.53,2.01,1,0.009,1
50.79,2.53,1,0.233,3
230.22,1.82,2,0.067,1
45.43,4.33,2,0.214,3
200.79,1.14,3,0.012,1
36.71,3.02,2,0.391,3
48.22,3.47,2,0.202,3
49.17,12.98,2,0.078,0
56.77,2.98,2,0.238,3
229.27,2.72,2,0.045,1
50.23,4.76,3,0.416,3
181.36,1.47,1,0.055,1
39.57,3.24,2,0.195,3
35.45,3.16,3,0.406,3
47.59,11.48,5,0.18,0
28.29,13.31,4,0.134,0
34.6,0.97,1,0.028,2
41.41,14.69,4,0.025,0
172.36,0.94,2,0.088,1
38.2,14.35,2,0.05,0
43.15,14.78,2,0.095,0
53.1,1.51,2,0.256,3
42.24,3.18,3,0.413,3
26.8,13.8,3,0.076,0
219.83,0.83,2,0.075,1
34.12,6.69,3,0.101,0
23.21,8.15,2,0.084,0
205.21,2.52,2,0.084,1
49.23,2.52,2,0.331,3
251.15,1.17,1,0.043,1
32.99,9.97,4,0.059,0
15.22,1.0,1,0.049,2
156.99,2.16,2,0.047,1
41.17,12.09,2,0.073,0
31.17,10.82,4,0.182,0
44.26,11.36,3,0.122,0
19.41,1.11,1,0.024,2
29.5,15.51,1,0.107,0
148.28,3.44,2,0.0,1
22.12,1.68,1,0.039,2
21.65,1.82,1,0.045,2
181.84,0.72,3,0.032,1
259.9,2.71,2,0.02,1
23.92,1.56,2,0.0,2
243.23,1.84,2,0.017,1
18.38,1.36,1,0.014,2
32.21,10.27,4,0.032,0
206.26,3.1,2,0.055,1
26.47,8.99,3,0.147,0
49.46,2.96,3,0.318,3
64.94,3.26,1,0.364,3
22.62,0.65,1,0.053,2
37.37,16.09,2,0.045,0
23.71,0.61,1,0.022,2
199.12,1.51,2,0.064,1
50.43,2.98,2,0.42,3
249.96,2.25,2,0.042,1
48.25,3.59,3,0.338,3
30.61,2.48,2,0.504,3
221.54,2.16,2,0.034,1
34.83,2.29,2,0.302,3
188.95,2.43,1,0.082,1
178.42,2.42,2,0.112,1
37.14,9.76,3,0.103,0
160.91,2.63,3,0.053,1
41.5,16.75,3,0.104,0
32.9,0.65,1,0.029,2
28.83,11.21,3,0.12,0
12.14,11.38,1,0.07,2
136.65,2.0,3,0.023,1
195.59,3.18,1,0.062,1
27.93,10.87,3,0.076,0
50.74,4.02,2,0.271,3
21.43,1.12,1,0.045,2
192.45,0.84,2,0.0,1
220.65,1.2,2,0.009,1
159.88,1.39,2,0.0,1
49.84,2.84,2,0.269,3
17.13,12.02,4,0.081,0
41.96,3.1,2,0.418,3
173.18,2.63,2,0.081,1
56.33,11.21,3,0.128,0
53.73,2.95,2,0.362,3
19.0,0.94,1,0.014,2
49.24,15.38,4,0.058,0
126.65,1.27,2,0.019,1
32.93,9.16,4,0.073,0
35.09,14.14,4,0.133,0
25.43,0.87,1,0.004,2
41.99,3.01,2,0.25,3
24.79,12.47,3,0.13,0
44.84,3.57,2,0.398,3
34.95,15.09,2,0.05,0
29.49,13.21,3,0.049,0
45.28,10.15,3,0.133,0
30.11,10.47,3,0.056,0
41.05,1.9,2,0.437,3
193.3,2.01,3,0.022,1
31.02,0.92,2,0.012,2
207.2,2.48,1,0.089,1
46.07,3.64,2,0.223,3
45.82,13.0,2,0.049,0
35.08,13.78,4,0.05,0
187.71,1.67,1,0.08,1
190.26,1.51,1,0.04,1
210.81,2.44,3,0.0,1
26.16,0.46,1,0.011,2
157.34,1.28,2,0.071,1
35.65,10.72,4,0.036,0
190.85,1.82,2,0.082,1
29.19,14.68,3,0.12,0
36.96,10.22,3,0.085,0
223.15,1.66,3,0.038,1
200.4,1.59,3,0.03,1
34.88,3.0,1,0.408,3
157.48,2.05,1,0.056,1
233.05,2.39,2,0.0,1
177.82,1.5,1,0.04,1
27.91,2.88,3,0.397,3
34.1,9.84,3,0.067,0
201.63,2.36,1,0.086,1
25.59,8.85,4,0.076,0
20.07,0.27,1,0.0,2
183.3,2.47,2,0.118,1
180.21,2.88,1,0.045,1
43.38,3.4,2,0.231,3
56.5,2.16,2,0.286,3
56.89,1.73,2,0.219,3
236.98,2.09,1,0.036,1
19.39,0.91,1,0.018,2
26.49,10.38,4,0.139,0
26.75,0.28,1,0.028,2
216.5,2.17,2,0.033,1
26.45,10.01,4,0.074,0
36.24,10.16,2,0.068,0
35.63,2.83,2,0.327,3
36.52,12.38,3,0.081,0
214.48,1.34,1,0.089,1
48.56,9.01,3,0.048,0
228.21,1.97,2,0.0,1
37.36,12.75,3,0.142,0
21.74,1.02,1,0.019,2
58.82,9.74,4,0.182,0
46.19,3.09,1,0.423,3
25.8,1.14,1,0.01,2
55.95,14.09,4,0.138,0
47.08,2.31,1,0.344,3
245.11,1.47,1,0.052,1
227.14,1.68,3,0.085,1
203.5,1.1,2,0.063,1
177.56,3.04,2,0.019,1
59.11,12.94,4,0.079,0
40.18,4.61,1,0.419,3
51.57,1.58,1,0.404,3
27.03,1.1,1,0.0,2
27.44,1.48,1,0.028,2
34.41,11.67,5,0.118,0
37.75,9.09,4,0.061,0
39.66,1.6,1,0.365,3
173.39,1.79,2,0.022,1
46.08,13.08,4,0.194,0
71.74,3.15,2,0.382,3
42.98,2.84,2,0.36,3
31.65,10.19,4,0.068,0
228.49,2.81,2,0.014,1
24.38,12.42,4,0.104,0
277.48,2.35,1,0.069,1
200.85,2.09,2,0.108,1
41.03,9.37,4,0.07,0
41.49,9.38,3,0.062,0
39.32,13.25,3,0.048,0
24.34,0.92,1,0.033,2
46.95,11.78,3,0.073,0
34.14,12.69,2,0.1,0
42.59,12.79,4,0.047,0
46.17,13.14,3,0.203,0
130.65,3.07,2,0.057,1
231.44,1.46,1,0.011,1
37.18,6.9,4,0.134,0
27.54,2.62,3,0.409,3
40.25,2.42,1,0.202,2
20.94,16.3,2,0.0,0
49.27,3.04,2,0.285,3
185.05,1.7,2,0.028,1
17.81,0.85,1,0.013,2
243.31,2.11,3,0.018,1
43.86,3.15,1,0.398,3
26.11,7.65,4,0.166,0
20.13,0.93,1,0.018,2
193.0,1.09,2,0.04,1
35.78,12.83,3,0.087,0
191.8,1.3,1,0.047,1
36.94,13.71,3,0.086,0
40.2,2.82,2,0.326,3
52.76,4.3,2,0.434,3
229.63,1.95,2,0.074,1
46.17,3.45,2,0.283,3
159.71,0.85,3,0.008,1
30.41,3.54,2,0.223,3
27.82,14.39,3,0.073,0
52.47,3.04,1,0.544,3
43.31,11.15,3,0.067,0
52.97,12.9,3,0.077,0
38.92,12.32,3,0.113,0
206.22,1.79,2,0.071,1
28.06,9.96,2,0.099,0
28.25,1.43,1,0.017,2
31.8,11.44,4,0.155,0
35.13,9.18,5,0.071,0
32.63,12.2,2,0.082,0
49.05,2.41,2,0.225,3
35.76,11.37,4,0.083,0
37.73,10.37,3,0.093,0
46.28,10.84,2,0.086,0
62.73,2.75,2,0.261,3
50.34,13.84,3,0.169,0
41.31,2.83,2,0.291,3
38.95,3.16,1,0.236,3
38.6,2.33,2,0.327,3
40.42,3.86,2,0.282,3
45.57,1.86,2,0.335,3
45.18,9.36,3,0.084,0
229.29,1.42,3,0.04,1
191.95,1.85,2,0.038,1
175.98,0.94,1,0.095,1
30.24,15.53,3,0.093,0
34.98,2.73,2,0.325,3
27.25,12.37,3,0.086,0
35.91,3.45,2,0.338,3
24.96,10.0,2,0.118,0
229.35,1.18,2,0.076,1
22.98,1.21,1,0.024,2
46.99,1.51,1,0.301,3
14.41,1.15,1,0.0,2
34.64,19.51,3,0.093,0
31.15,16.16,3,0.077,0
18.61,0.99,1,0.014,2
158.44,1.74,2,0.059,1
242.75,1.09,2,0.051,1
47.18,11.06,2,0.107,0
133.6,2.2,2,0.059,1
41.13,3.4,2,0.421,3
16.28,0.58,1,0.024,2
43.83,3.34,2,0.364,3
245.89,2.73,2,0.052,1
255.83,3.07,2,0.027,1
240.43,1.62,3,0.008,1
25.21,3.82,4,0.359,3
24.75,1.53,1,0.011,2
64.33,2.44,3,0.377,3
33.43,4.07,3,0.369,3
196.38,3.51,2,0.012,1
29.38,0.89,2,0.0,2
213.64,1.85,2,0.063,1
151.38,2.21,2,0.023,1
158.53,1.12,3,0.041,1
225.32,3.1,1,0.016,1
8.18,0.94,1,0.023,2
31.26,14.16,4,0.027,0
164.44,2.34,2,0.076,1
33.83,3.04,2,0.391,3
166.57,2.06,2,0.001,1
53.5,2.11,2,0.332,3
166.16,1.2,2,0.082,1
46.5,8.94,2,0.118,0
227.06,0.98,2,0.06,1
42.76,11.92,3,0.19,0
27.21,2.4,2,0.351,3
42.1,13.78,3,0.166,0
172.22,0.81,1,0.017,1
38.72,4.41,2,0.285,3
31.32,10.64,2,0.04,0
197.65,1.67,2,0.09,1
198.36,2.11,2,0.061,1
41.25,2.21,1,0.489,3
54.04,4.25,2,0.358,3
40.25,8.04,3,0.15,0
34.4,3.66,1,0.296,3
21.85,1.16,1,0.029,2
46.56,15.58,3,0.124,0
54.81,0.96,2,0.287,3
29.5,0.94,1,0.02,2
49.75,1.98,2,0.382,3
138.26,1.34,2,0.063,1
38.1,10.62,4,0.162,0
219.07,2.5,2,0.061,1
28.8,10.89,4,0.163,0
172.44,1.99,2,0.091,1
183.16,1.88,2,0.032,1
170.64,2.04,3,0.027,1
22.85,0.78,2,0.043,2
228.73,1.78,2,0.012,1
135.89,1.56,2,0.035,1
42.69,4.19,1,0.257,3
176.46,1.79,3,0.044,1
60.49,3.77,2,0.436,3
44.49,3.19,2,0.376,3
33.05,1.52,2,0.381,3
190.92,3.1,2,0.062,1
43.2,3.22,2,0.175,3
18.25,1.62,1,0.0,2
21.77,0.82,1,0.034,2
45.47,2.66,2,0.43,3
50.15,3.11,2,0.364,3
37.38,12.19,2,0.104,0
165.28,3.02,3,0.0,1
40.21,3.32,2,0.331,3
26.66,1.49,2,0.0,2
191.31,0.9,2,0.102,1
213.36,3.15,3,0.038,1
51.54,2.54,2,0.342,3
213.86,1.66,2,0.074,1
28.3,0.2,1,0.019,2
34.9,12.9,4,0.098,0
32.83,10.21,2,0.115,0
31.25,0.87,1,0.018,2
42.07,2.64,3,0.447,3
36.6,13.51,3,0.077,0
28.55,14.99,2,0.112,0
34.16,0.73,1,0.035,2
29.17,0.32,1,0.03,2
34.61,10.53,3,0.049,0
15.71,1.45,2,0.0,2
36.78,2.72,2,0.211,3
219.39,1.68,2,0.0,1
227.09,3.09,3,0.028,1
21.33,1.19,1,0.009,2
53.36,2.39,1,0.422,3
47.08,2.86,2,0.473,3
35.56,0.67,3,0.389,3
24.08,11.97,2,0.108,0
34.24,15.79,2,0.086,0
24.57,1.58,1,0.002,2
38.54,9.09,3,0.098,0
38.7,2.12,3,0.378,3
225.52,2.96,2,0.039,1
56.9,3.33,2,0.432,3
53.96,12.95,3,0.105,0
17.41,9.97,3,0.135,0
30.27,12.0,3,0.118,0
63.64,3.67,2,0.389,3
162.7,1.8,2,0.016,1
156.97,1.9,1,0.044,1
58.72,3.05,2,0.321,3
220.19,1.1,1,0.094,1
60.15,13.81,3,0.077,0
256.45,1.39,1,0.034,1
51.95,2.9,2,0.313,3
267.26,2.11,2,0.057,1
43.53,12.8,2,0.091,0
45.88,4.42,2,0.379,3
157.01,0.73,3,0.0,1
125.28,2.03,3,0.05,1
204.01,2.05,2,0.024,1
29.97,13.66,2,0.077,0
19.29,0.7,1,0.0,2
44.24,2.11,2,0.229,3
22.31,1.17,1,0.022,2
242.58,1.34,2,0.087,1
42.94,3.15,3,0.293,3
56.56,3.48,2,0.176,3
24.1,0.35,1,0.032,2
23.84,0.95,1,0.022,2
30.87,0.57,1,0.024,2
165.86,2.11,3,0.068,1
146.97,1.83,3,0.008,1
27.77,0.55,1,0.013,2
29.12,0.23,1,0.0,2
48.15,4.06,2,0.304,3
186.45,2.17,2,0.12,1
47.14,1.66,2,0.19,3
46.21,10.59,3,0.109,0
153.03,1.77,2,0.0,1
44.72,2.16,3,0.428,3
48.29,2.64,2,0.353,3
23.62,10.06,4,0.19,0
129.63,2.4,1,0.0,2
264.51,2.16,2,0.086,1
171.56,0.99,2,0.075,1
41.51,11.15,4,0.134,0
40.86,11.46,3,0.147,0
47.16,2.43,2,0.312,3
262.43,1.73,2,0.042,1
40.11,5.52,3,0.173,0
58.87,1.52,2,0.333,3
180.83,2.66,3,0.043,1
38.44,11.31,3,0.104,0
45.38,10.31,3,0.122,0
36.88,4.34,2,0.286,3
244.78,2.97,3,0.044,1
52.02,1.53,2,0.255,3
214.39,3.0,3,0.093,1
20.04,12.12,1,0.103,0
161.32,0.91,3,0.062,1
30.44,11.16,2,0.052,0
187.02,2.53,1,0.068,1
200.98,2.03,3,0.057,1
56.08,2.9,2,0.199,3
219.83,1.91,1,0.027,1
178.83,1.19,3,0.033,1
40.42,2.94,3,0.519,3
21.86,1.37,1,0.001,2
39.84,10.68,3,0.123,0
37.49,1.03,1,0.029,2
230.59,1.81,3,0.047,1
26.1,1.08,1,0.048,2
28.64,13.69,4,0.059,0
53.38,1.78,3,0.289,3
179.25,2.88,1,0.066,1
269.03,2.26,3,0.037,1
49.11,3.04,1,0.225,3
44.29,2.41,2,0.522,3
24.83,1.17,2,0.0,2
32.47,12.75,3,0.127,0
56.48,4.06,2,0.214,3
20.11,1.33,1,0.059,2
33.78,2.34,2,0.234,3
33.0,3.0,2,0.223,3
45.08,14.07,4,0.17,0
24.51,12.5,3,0.159,0
38.65,15.22,4,0.04,0
217.42,2.06,2,0.035,1
46.93,4.92,2,0.288,3
31.23,8.73,4,0.119,0
32.02,2.64,2,0.598,3
207.61,1.31,2,0.046,1
31.36,13.33,3,0.038,0
235.74,1.87,3,0.0,1
21.02,9.83,4,0.047,0
20.13,0.87,1,0.033,2
30.97,6.95,4,0.072,0
15.63,10.59,3,0.177,0
42.33,2.09,2,0.301,3
47.05,8.44,3,0.138,0
27.46,9.64,3,0.152,0
263.77,2.99,2,0.069,1
227.29,2.3,1,0.017,1
202.1,2.13,2,0.048,1
22.88,1.42,1,0.005,2
25.55,1.82,1,0.024,2
61.18,2.99,2,0.46,3
212.72,2.16,2,0.079,1
35.08,12.13,3,0.095,0
55.25,3.45,2,0.358,3
25.74,11.63,3,0.151,0
214.28,2.36,3,0.063,1
34.86,2.9,2,0.436,3
24.83,17.21,3,0.084,0
224.44,1.15,2,0.041,1
51.57,11.89,3,0.056,0
50.15,8.02,3,0.068,0
21.23,14.34,2,0.119,0
21.87,1.53,1,0.0,2
39.31,4.25,1,0.454,3
47.24,1.37,1,0.36,3
29.19,11.42,2,0.158,0
59.2,3.24,2,0.368,3
32.55,1.54,1,0.013,2
29.65,1.19,1,0.013,2
39.37,2.27,2,0.391,3
44.26,2.22,2,0.374,3
22.46,1.02,1,0.018,2
27.38,2.53,2,0.233,3
19.79,0.62,1,0.06,2
38.65,16.32,4,0.071,0
27.17,0.85,1,0.027,2
55.36,3.39,2,0.233,3
225.63,3.0,2,0.04,1
34.9,15.27,3,0.12,0
38.16,12.29,2,0.046,0
217.17,1.79,2,0.11,1
32.4,11.5,2,0.124,0
23.74,13.76,2,0.066,0
274.31,1.85,3,0.046,1
181.0,2.4,2,0.018,1
40.35,3.02,2,0.364,3
202.62,1.61,2,0.082,1
26.79,1.18,1,0.023,2
29.89,1.41,1,0.0,2
49.4,3.21,2,0.291,3
197.19,1.27,2,0.028,1
226.66,0.2,2,0.095,1
30.69,0.64,1,0.021,2
227.15,2.49,3,0.076,1
45.6,12.9,3,0.201,0
64.52,2.16,2,0.334,3
45.38,2.56,2,0.285,3
37.05,13.61,3,0.159,0
37.62,2.66,2,0.317,3
21.18,10.71,4,0.121,0
13.24,1.84,1,0.039,2
55.18,2.15,1,0.37,3
226.7,2.67,2,0.0,1
153.54,3.31,2,0.057,1
29.37,0.37,1,0.011,2
13.25,1.32,1,0.0,2
36.25,13.51,3,0.055,0
56.16,2.67,1,0.24,3
25.59,0.58,1,0.0,2
29.3,12.81,2,0.074,0
24.78,1.5,1,0.042,2
28.13,0.75,2,0.038,2
41.55,3.0,3,0.306,3
46.74,12.35,2,0.093,0
194.88,0.94,2,0.02,1
168.76,2.09,2,0.041,1
197.78,1.89,2,0.04,1
27.99,12.6,3,0.103,0
32.6,14.87,3,0.144,0
16.84,0.66,1,0.0,2
34.76,16.59,3,0.058,0
45.26,13.64,3,0.157,0
48.67,3.48,1,0.284,3
55.03,11.52,3,0.129,0
29.5,1.12,2,0.032,2
142.02,1.27,2,0.033,1
18.95,0.97,1,0.012,2
56.62,16.66,3,0.123,0
36.26,1.45,1,0.01,2
231.17,1.81,3,0.0,1
201.46,1.25,2,0.075,1
27.45,0.51,1,0.005,2
205.46,2.5,1,0.084,1
22.89,1.25,1,0.022,2
37.59,9.69,4,0.074,0
24.25,14.95,2,0.099,0
26.17,7.24,3,0.065,0
42.72,3.26,1,0.421,3
211.52,1.66,1,0.039,1
35.69,1.01,1,0.031,2
31.82,13.73,3,0.075,0
52.06,2.84,2,0.23,3
48.09,3.87,1,0.446,3
25.88,2.56,3,0.492,3
216.37,2.15,3,0.027,1
51.62,3.14,1,0.283,3
249.05,1.67,3,0.074,1
46.65,13.19,3,0.048,0
30.44,2.24,3,0.306,3
207.98,2.4,2,0.028,1
23.35,1.99,1,0.018,2
204.09,1.48,2,0.094,1
28.44,3.62,2,0.492,3
28.42,9.58,2,0.121,0
188.36,2.24,2,0.074,1
27.88,10.09,2,0.149,0
254.0,2.14,2,0.071,1
34.58,15.76,4,0.097,0
28.51,0.54,1,0.01,2
32.94,17.0,2,0.048,0
38.81,3.01,2,0.427,3
11.17,1.05,1,0.017,2
44.19,7.45,3,0.089,0
29.57,4.77,1,0.457,3
25.89,14.05,2,0.052,0
28.93,8.48,4,0.058,0
20.52,0.73,1,0.001,2
30.21,11.91,2,0.08,0
30.02,11.11,4,0.119,0
30.41,0.55,1,0.042,2
32.0,12.18,2,0.087,0
216.05,2.48,2,0.119,1
48.39,2.86,2,0.3,3
25.93,11.45,4,0.062,0
27.0,13.01,3,0.104,0
41.99,2.29,2,0.4,3
17.7,0.93,1,0.013,2
32.28,3.19,2,0.367,3
22.72,0.49,1,0.0,2
228.34,1.82,2,0.023,1
38.08,10.27,3,0.104,0
37.1,13.39,2,0.14,0
43.33,11.03,2,0.168,0
236.71,1.81,2,0.053,1
33.15,14.42,2,0.062,0
54.77,2.28,1,0.252,3
54.58,2.41,2,0.277,3
169.25,1.08,2,0.065,1
49.9,3.83,2,0.419,3
20.72,10.1,3,0.049,0
39.88,12.7,5,0.073,0
25.16,14.25,3,0.162,0
30.68,13.92,3,0.094,0
48.04,2.68,1,0.307,3
22.46,1.66,1,0.011,2
25.99,0.79,2,0.039,2
15.53,14.01,3,0.097,0
218.22,1.95,2,0.012,1
30.76,12.06,4,0.102,0
20.28,0.89,1,0.009,2
35.8,12.25,4,0.112,0
159.68,0.87,3,0.034,1
164.89,2.07,2,0.02,1
34.3,0.43,1,0.001,2
166.96,1.42,1,0.026,1
205.11,0.98,2,0.003,1
40.35,0.83,1,0.0,2
186.65,1.43,2,0.063,1
206.7,1.74,1,0.001,1
35.09,2.11,1,0.329,3
27.02,1.21,1,0.016,2
228.01,3.07,2,0.046,1
189.76,1.86,2,0.09,1
226.4,2.27,2,0.08,1
21.92,8.48,4,0.103,0
40.33,11.68,2,0.083,0
65.63,2.34,2,0.481,3
149.32,1.85,2,0.052,1
58.38,2.82,3,0.33,3
231.13,1.68,2,0.037,1
26.92,1.06,1,0.0,2
201.19,2.16,2,0.051,1
228.57,2.11,2,0.038,1
19.61,0.75,1,0.051,2
23.41,3.04,3,0.411,3
42.94,3.4,2,0.302,3
188.96,0.86,3,0.057,1
217.0,2.44,2,0.051,1
28.85,0.84,1,0.034,2
256.75,2.0,2,0.078,1
53.54,2.95,2,0.231,3
31.57,11.55,3,0.116,0
47.22,3.17,3,0.346,3
45.51,2.74,1,0.318,3
39.94,2.28,2,0.357,3
10.35,1.25,1,0.04,2
38.8,9.95,3,0.076,0
178.47,1.17,2,0.097,1
25.11,8.88,3,0.123,0
58.69,1.89,2,0.331,3
47.51,3.3,2,0.211,3
52.2,14.71,3,0.068,0
202.75,1.9,2,0.123,1
26.72,3.81,2,0.28,3
34.31,6.87,3,0.122,0
36.34,10.01,3,0.071,0
31.22,3.21,3,0.216,3
25.34,1.21,1,0.045,2
29.53,3.73,2,0.43,3
25.46,3.74,2,0.363,3
52.62,9.42,2,0.171,0
49.51,1.34,2,0.225,3
29.11,2.24,1,0.059,2
30.49,12.46,2,0.084,0
52.33,2.79,2,0.19,3
42.78,3.29,2,0.255,3
37.81,4.56,2,0.28,3
22.24,1.14,1,0.013,2
47.19,2.1,2,0.336,3
40.46,15.2,2,0.037,0
39.21,10.49,3,0.153,0
185.12,1.65,3,0.05,1
166.84,2.47,2,0.089,1
13.59,1.73,1,0.0,2
34.44,0.39,1,0.022,2
36.8,11.69,4,0.083,0
44.96,2.53,1,0.343,3
203.9,1.62,1,0.081,1
47.89,5.05,2,0.326,3
31.12,14.78,4,0.102,0
41.03,12.01,2,0.03,0
27.73,0.67,1,0.042,2
179.27,1.99,2,0.017,1
40.66,7.71,4,0.109,0
40.27,1.81,1,0.388,3
69.78,3.48,2,0.392,3
22.63,0.93,1,0.017,2
248.61,1.97,2,0.085,1
26.49,13.44,3,0.101,0
183.2,2.02,1,0.029,1
35.87,11.57,3,0.106,0
42.47,3.71,1,0.479,3
66.14,2.54,2,0.363,3
28.99,11.75,3,0.104,0
30.57,14.9,3,0.024,0
41.85,14.09,3,0.14,0
44.14,2.11,3,0.478,3
29.23,9.31,2,0.096,0
234.08,2.31,3,0.028,1
233.61,2.43,3,0.055,1
47.8,10.18,4,0.051,0
41.36,4.41,2,0.287,3
21.01,0.66,1,0.024,2
22.57,1.18,2,0.001,2
38.72,16.09,4,0.152,0
199.2,2.14,2,0.074,1
42.42,12.07,2,0.11,0
215.67,2.32,3,0.0,1
216.89,1.45,1,0.082,1
49.11,2.0,1,0.439,3
187.65,1.57,2,0.046,1
54.58,2.85,2,0.348,3
39.12,12.12,4,0.071,0
233.85,2.91,1,0.041,1
36.64,11.67,2,0.138,0
30.72,7.3,3,0.093,0
22.68,10.84,3,0.008,0
210.39,1.25,2,0.0,1
50.43,3.33,3,0.328,3
60.07,2.05,2,0.228,3
35.24,12.7,2,0.119,0
21.01,0.3,1,0.043,2
216.45,1.79,2,0.082,1
36.73,16.9,4,0.158,0
43.36,3.07,2,0.426,3
155.8,2.06,1,0.045,1
41.4,16.76,3,0.044,0
59.49,2.88,2,0.337,3
26.35,13.73,2,0.08,0
26.54,3.1,2,0.366,3
45.0,3.43,1,0.334,3
47.53,3.42,2,0.441,3
55.92,2.25,2,0.311,3
38.34,2.42,2,0.335,3
35.33,14.33,4,0.143,0
8.64,0.83,1,0.007,2
219.22,3.16,2,0.095,1
49.82,1.71,2,0.264,3
19.36,3.54,2,0.255,3
243.19,1.53,2,0.047,1
159.59,1.97,2,0.044,1
47.06,4.07,2,0.329,3
23.14,0.77,1,0.0,2
160.55,2.29,2,0.032,1
41.93,2.41,2,0.409,3
22.4,1.5,1,0.002,2
160.74,1.75,1,0.04,1
166.84,1.63,3,0.075,1
216.41,1.91,1,0.083,1
23.57,1.14,1,0.004,2
19.47,1.45,1,0.033,2
192.84,2.29,2,0.077,1
20.14,14.27,4,0.101,0
196.3,1.99,3,0.017,1
198.63,1.78,2,0.071,1
171.72,2.78,2,0.027,1
28.0,11.17,3,0.128,0
31.44,10.76,3,0.098,0
47.28,10.79,4,0.126,0
220.45,2.71,2,0.019,1
183.91,1.17,2,0.05,1
31.54,3.66,1,0.377,3
49.85,3.56,2,0.276,3
228.93,1.91,2,0.101,1
43.84,2.44,3,0.352,3
41.38,1.86,2,0.287,3
247.47,2.22,2,0.047,1
221.5,2.42,3,0.059,1
16.77,1.41,1,0.029,2
192.3,2.12,2,0.11,1
33.26,4.78,2,0.266,3
39.29,2.8,3,0.35,3
64.03,0.74,2,0.336,3
179.87,2.65,2,0.051,1
28.15,14.3,3,0.121,0
142.98,2.41,2,0.04,1
42.33,3.32,2,0.327,3
36.64,1.49,1,0.021,2
22.27,4.57,2,0.199,3
28.94,0.74,1,0.0,2
246.31,1.46,2,0.06,1
163.35,2.72,3,0.049,1
193.11,2.13,1,0.068,1
200.02,1.88,2,0.057,1
147.84,1.07,3,0.071,1
210.74,1.72,2,0.05,1
28.4,3.5,3,0.412,3
191.76,1.57,2,0.066,1
40.63,8.82,3,0.107,0
42.12,14.05,3,0.135,0
214.78,2.09,3,0.071,1
219.6,1.39,2,0.011,1
38.54,14.26,3,0.11,0
41.35,15.14,2,0.083,0
28.21,11.02,3,0.068,0
44.58,3.26,2,0.419,3
56.34,3.25,2,0.362,3
33.71,11.48,3,0.097,0
38.51,3.09,2,0.407,3
35.69,13.03,4,0.151,0
20.65,1.57,1,0.033,2
31.31,9.17,3,0.13,0
163.07,1.61,3,0.076,1
148.99,1.81,2,0.074,1
193.32,2.85,2,0.048,1
39.84,3.56,2,0.25,3
26.04,13.54,4,0.075,0
41.99,2.14,2,0.331,3
26.56,8.67,3,0.101,0
28.25,8.87,2,0.152,0
49.72,13.27,3,0.075,0
46.68,1.98,3,0.272,3
260.14,2.23,2,0.028,1
30.86,2.89,1,0.217,2
43.67,15.87,3,0.108,0
39.38,9.33,4,0.167,0
22.78,9.76,2,0.127,0
35.21,3.87,2,0.441,3
158.17,3.02,2,0.075,1
31.7,16.47,2,0.115,0
27.05,15.47,3,0.107,0
203.13,2.18,2,0.0,1
40.66,1.57,2,0.272,3
41.57,11.27,3,0.16,0
35.16,14.06,2,0.106,0
47.67,2.51,2,0.313,3
25.05,1.31,1,0.073,2
44.75,15.24,3,0.02,0
42.49,4.39,2,0.397,3
44.8,3.55,1,0.351,3
49.28,2.03,1,0.349,3
43.0,10.64,4,0.059,0
46.1,9.22,2,0.127,0
154.61,1.77,2,0.051,1
43.61,3.47,2,0.437,3
226.25,2.27,3,0.025,1
43.8,3.17,2,0.432,3
36.8,2.92,2,0.315,3
50.46,2.2,1,0.371,3
163.85,2.4,2,0.032,1
218.67,2.41,3,0.072,1
228.42,1.84,2,0.055,1
11.11,1.3,2,0.025,2
25.54,3.27,2,0.328,3
16.53,1.15,1,0.019,2
193.19,1.56,2,0.0,1
214.37,1.56,2,0.053,1
46.82,3.68,1,0.344,3
59.46,13.23,5,0.105,0
187.93,2.02,3,0.061,1
41.21,11.52,3,0.127,0
187.1,2.3,3,0.1,1
185.2,2.94,2,0.036,1
180.77,1.4,2,0.09,1
18.76,0.94,1,0.04,2
43.65,2.82,3,0.338,3
36.59,16.14,2,0.113,0
39.89,2.31,2,0.368,3
22.52,0.78,2,0.06,2
204.88,1.83,2,0.048,1
43.7,11.86,4,0.121,0
186.37,1.31,2,0.0,1
136.85,1.9,2,0.039,1
42.39,11.41,3,0.15,0
33.87,1.94,2,0.404,3
182.53,1.99,2,0.066,1
21.67,1.03,1,0.032,2
31.34,1.31,1,0.043,2
27.04,0.86,1,0.025,2
212.91,0.67,2,0.014,1
42.66,4.51,3,0.297,3
205.92,1.89,2,0.08,1
233.76,2.2,3,0.097,1
42.91,4.23,2,0.199,3
185.39,1.49,2,0.032,1
50.77,3.97,3,0.353,3
160.77,1.81,1,0.051,1
219.69,2.42,2,0.12,1
32.32,15.33,2,0.105,0
42.88,2.13,2,0.299,3
42.31,8.76,4,0.108,0
183.36,1.34,1,0.004,1
118.77,2.75,2,0.066,1
37.21,11.28,4,0.104,0
183.63,1.76,2,0.072,1
35.47,14.22,2,0.125,0
45.87,2.7,3,0.375,3
31.7,0.4,1,0.023,2
23.23,12.39,3,0.063,0
62.9,3.6,2,0.199,3
17.96,1.23,2,0.027,2
47.16,2.69,3,0.261,3
20.96,1.27,1,0.018,2
227.16,0.94,2,0.009,1
38.07,5.12,3,0.132,0
205.75,2.14,2,0.048,1
27.57,0.86,1,0.045,2
200.75,1.41,2,0.018,1
38.76,11.17,3,0.092,0
17.22,1.83,1,0.0,2
22.57,14.89,3,0.052,0
24.79,1.28,1,0.037,2
194.78,2.83,3,0.044,1
24.71,1.6,1,0.023,2
45.65,4.21,2,0.287,3
158.09,2.99,2,0.003,1
219.64,2.91,3,0.073,1
191.19,2.4,2,0.108,1
196.94,2.25,2,0.043,1
153.56,1.02,1,0.058,1
40.1,2.17,2,0.335,3
52.54,2.87,2,0.413,3
231.02,2.98,1,0.047,1
44.94,4.17,2,0.214,3
235.37,1.76,2,0.059,1
31.24,10.48,2,0.094,0
32.96,10.15,3,0.057,0
42.76,3.23,2,0.442,3
41.81,3.91,2,0.359,3
47.35,3.14,2,0.402,3
26.98,11.53,3,0.144,0
134.61,2.1,1,0.059,1
21.22,1.49,1,0.017,2
34.68,13.49,3,0.077,0
43.16,1.76,2,0.423,3
175.65,1.52,3,0.051,1
35.49,12.19,4,0.1,0
34.54,9.41,3,0.084,0
51.82,3.27,2,0.274,3
51.87,1.98,3,0.38,3
181.51,2.39,3,0.028,1
30.59,12.81,2,0.065,0
42.3,3.14,2,0.192,3
158.47,2.39,2,0.05,1
40.94,2.83,2,0.296,3
19.43,0.73,1,0.038,2
185.35,2.87,2,0.038,1
38.57,11.96,3,0.114,0
52.4,3.47,1,0.441,3
40.2,9.31,2,0.13,0
204.91,3.05,2,0.022,1
23.9,1.34,1,0.04,2
203.09,2.57,2,0.043,1
235.88,1.87,3,0.078,1
33.54,7.78,3,0.121,0
203.66,1.24,3,0.012,1
31.21,9.94,3,0.058,0
38.43,4.95,2,0.362,3
24.02,11.08,3,0.127,0
21.16,0.53,1,0.035,2
44.49,13.49,2,0.083,0
26.49,13.66,2,0.14,0
32.8,2.39,2,0.491,3
41.44,11.26,1,0.091,2
41.36,3.82,1,0.324,3
46.41,1.93,1,0.493,3
23.16,0.58,1,0.0,2
42.25,3.68,2,0.302,3
35.19,12.74,3,0.088,0
205.47,2.11,2,0.063,1
218.06,2.01,1,0.0,1
20.32,1.15,1,0.038,2
19.74,1.25,1,0.033,2
217.44,2.38,1,0.06,1
37.42,10.3,4,0.095,0
176.19,2.37,1,0.052,1
184.39,2.26,2,0.001,1
32.58,1.55,1,0.038,2
40.56,1.29,2,0.418,3
31.34,3.74,3,0.178,3
45.82,3.63,2,0.273,3
169.12,1.33,2,0.068,1
141.06,2.31,2,0.045,1
42.25,10.51,4,0.107,0
26.98,14.4,2,0.08,0
27.9,3.58,2,0.586,3
41.83,13.92,3,0.107,0
36.96,10.03,4,0.0,0
32.36,14.85,3,0.051,0
41.63,4.11,3,0.272,3
50.11,3.65,2,0.301,3
46.69,15.81,4,0.075,0
20.68,0.84,1,0.014,2
197.36,2.15,3,0.066,1
16.99,0.87,1,0.019,2
32.0,11.56,3,0.13,0
36.75,10.34,2,0.109,0
32.83,3.98,2,0.404,3
22.52,1.19,1,0.017,2
26.17,1.28,1,0.012,2
23.18,0.5,1,0.035,2
37.89,4.25,2,0.176,3
23.35,10.26,4,0.106,0
37.4,12.36,4,0.008,0
28.45,0.68,1,0.007,2
198.17,2.35,2,0.09,1
58.42,2.41,2,0.225,3
169.33,2.65,2,0.068,1
193.27,2.53,3,0.02,1
24.15,1.28,1,0.023,2
197.38,3.02,2,0.054,1
25.57,3.11,2,0.248,3
41.48,1.13,1,0.013,2
39.03,11.82,3,0.141,0
191.35,1.93,3,0.081,1
49.35,2.23,2,0.257,3
35.01,4.26,1,0.245,3
164.12,2.23,3,0.073,1
203.46,1.87,2,0.002,1
172.95,1.42,2,0.04,1
44.94,4.07,1,0.31,3
191.73,2.3,1,0.048,1
232.37,2.35,2,0.07,1
40.63,3.86,2,0.409,3
46.94,10.34,2,0.104,0
51.92,3.29,3,0.284,3
48.12,2.0,2,0.196,3
26.67,9.21,2,0.028,0
243.82,1.72,1,0.076,1
166.82,2.13,2,0.118,1
44.32,13.82,2,0.129,0
30.87,2.35,2,0.415,3
27.1,13.77,4,0.162,0
20.08,9.82,2,0.131,0
36.9,12.09,3,0.021,0
35.4,2.55,3,0.3,3
30.31,0.94,1,0.026,2
19.14,1.31,1,0.022,2
37.79,12.12,2,0.04,0
114.36,3.28,1,0.047,2
45.51,12.2,4,0.111,0
48.45,3.26,1,0.286,3
26.22,16.15,4,0.145,0
43.42,12.53,3,0.144,0
36.44,11.91,2,0.136,0
236.91,2.09,2,0.025,1
202.77,3.46,2,0.04,1
40.7,9.65,4,0.157,0
47.31,10.28,3,0.035,0
37.61,3.43,2,0.332,3
43.63,3.71,1,0.343,3
36.1,12.14,3,0.07,0
41.92,1.86,1,0.325,3
203.42,0.83,2,0.064,1
40.02,3.87,2,0.359,3
29.89,14.73,4,0.09,0
220.93,1.68,1,0.055,1
24.51,1.75,2,0.0,2
193.57,1.68,1,0.051,1
246.83,2.72,3,0.062,1
23.97,2.82,2,0.421,3
182.62,2.14,2,0.095,1
43.14,2.24,2,0.283,3
166.75,1.85,2,0.051,1
16.68,11.9,3,0.013,0
28.67,10.9,3,0.123,0
31.65,11.15,5,0.108,0
30.97,10.46,2,0.135,0
171.48,1.51,1,0.031,1
213.45,1.85,2,0.078,1
29.48,1.33,1,0.042,2
25.55,1.35,1,0.018,2
27.86,1.03,1,0.021,2
48.79,2.93,1,0.283,3
30.41,10.79,3,0.046,0
42.97,3.41,2,0.396,3
159.39,1.79,2,0.03,1
28.11,1.12,2,0.013,2
37.44,13.12,2,0.068,0
25.14,11.57,3,0.141,0
46.15,3.32,2,0.324,3
37.46,2.39,2,0.476,3
33.97,17.07,4,0.078,0
35.21,2.61,2,0.275,3
148.55,1.99,2,0.047,1
211.14,2.6,3,0.07,1
29.98,13.44,3,0.062,0
46.83,3.32,2,0.299,3
55.79,3.77,2,0.305,3
42.62,2.1,2,0.418,3
178.58,2.2,1,0.019,1
39.15,2.93,2,0.339,3
25.26,1.02,1,0.0,2
23.06,16.96,4,0.153,0
187.9,1.31,2,0.057,1
193.28,2.03,3,0.096,1
212.21,3.26,1,0.091,1
238.33,1.46,2,0.056,1
215.44,1.72,3,0.051,1
41.61,4.09,2,0.417,3
29.0,10.58,3,0.157,0
181.27,3.85,2,0.064,1
48.22,9.93,4,0.116,0
211.24,1.81,2,0.022,1
25.48,3.3,2,0.353,3
44.46,16.06,3,0.053,0
232.86,2.2,2,0.031,1
30.08,3.14,2,0.341,3
28.05,0.88,1,0.018,2
27.02,0.68,2,0.012,2
46.21,1.72,2,0.476,3
18.46,1.25,1,0.012,2
177.86,1.39,4,0.087,1
255.97,2.87,3,0.03,1
34.43,9.37,3,0.026,0
19.96,1.33,1,0.006,2
27.43,1.05,1,0.043,2
26.58,9.09,3,0.123,0
27.57,13.75,4,0.112,0
55.54,2.5,2,0.216,3
204.15,1.99,1,0.077,1
23.38,0.67,1,0.016,2
51.35,13.79,1,0.135,0
52.68,3.66,2,0.445,3
36.1,13.35,3,0.103,0
199.39,2.04,2,0.024,1
25.12,0.34,1,0.012,2
26.08,1.63,1,0.029,2
191.74,1.07,2,0.117,1
25.46,10.91,1,0.072,2
137.74,2.4,1,0.013,1
23.77,1.46,1,0.003,2
214.2,1.75,2,0.046,1
41.27,3.14,1,0.453,3
164.97,2.25,1,0.035,1
186.45,2.39,3,0.08,1
178.1,1.82,2,0.036,1
30.35,0.2,1,0.041,2
23.34,12.01,3,0.1,0
212.15,1.69,3,0.032,1
206.95,2.89,2,0.044,1
24.47,0.85,1,0.026,2
23.55,12.23,3,0.132,0
198.39,1.72,1,0.033,1
31.47,11.16,2,0.054,0
45.47,2.25,2,0.337,3
44.12,1.23,1,0.313,3
235.01,2.84,2,0.017,1
245.47,0.82,1,0.062,1
181.73,1.44,2,0.018,1
32.67,10.21,2,0.079,0
199.15,1.53,2,0.027,1
227.44,1.46,3,0.045,1
46.51,3.34,2,0.332,3
221.35,1.67,1,0.037,1
178.38,2.29,2,0.054,1
41.48,12.0,2,0.131,0
56.93,3.27,3,0.197,3
13.25,0.7,1,0.038,2
13.58,1.94,1,0.045,2
44.97,1.54,2,0.473,3
28.57,9.79,3,0.057,0
33.51,11.57,2,0.11,0
183.01,2.54,1,0.077,1
174.36,2.52,3,0.095,1
22.69,0.47,1,0.017,2
35.3,1.18,1,0.005,2
28.09,1.23,1,0.027,2
36.61,14.34,3,0.068,0
31.3,0.61,1,0.057,2
20.74,13.27,4,0.14,0
34.04,1.23,2,0.015,2
43.73,3.4,1,0.298,3
175.01,1.72,3,0.048,1
197.17,1.53,3,0.04,1
45.06,1.38,1,0.274,3
49.06,2.34,2,0.336,3
159.54,2.86,2,0.065,1
176.38,2.12,1,0.048,1
35.28,0.93,1,0.039,2
214.17,1.7,2,0.028,1
21.44,1.39,1,0.026,2
28.62,1.08,1,0.003,2
29.22,9.69,3,0.111,0
197.77,1.97,2,0.088,1
48.21,11.71,2,0.068,0
29.24,13.44,4,0.12,0
15.8,0.95,1,0.038,2
228.48,2.11,2,0.043,1
190.9,1.36,1,0.0,1
235.39,2.15,2,0.07,1
29.02,16.48,1,0.055,0
173.17,2.33,2,0.111,1
225.49,2.63,2,0.031,1
19.88,0.31,1,0.0,2
47.02,2.2,3,0.182,3
193.22,1.05,3,0.057,1
234.77,1.87,3,0.05,1
262.48,1.97,2,0.111,1
216.9,2.89,2,0.034,1
35.97,3.24,2,0.334,3
166.0,1.67,2,0.051,1
191.86,2.17,1,0.084,1
190.73,2.67,3,0.035,1
181.03,2.51,2,0.048,1
43.58,2.07,3,0.207,3
33.11,0.74,2,0.029,2
30.74,12.82,3,0.145,0
36.89,3.85,3,0.283,3
212.98,0.97,2,0.068,1
26.84,14.22,2,0.075,0
16.24,1.64,2,0.0,2
259.5,1.59,2,0.05,1
51.78,4.0,3,0.394,3
32.38,10.76,4,0.0,0
218.0,1.6,1,0.0,1
19.57,1.2,1,0.003,2
24.01,0.95,1,0.025,2
186.92,2.28,3,0.063,1
48.99,2.64,1,0.387,3
21.66,0.81,2,0.03,2
209.07,3.03,1,0.002,1
49.45,4.09,2,0.36,3
234.72,2.02,1,0.037,1
23.24,1.24,1,0.019,2
165.77,0.59,2,0.088,1
42.1,14.51,2,0.087,0
160.19,1.68,2,0.042,1
34.34,3.96,1,0.392,3
49.7,12.09,3,0.1,0
52.26,3.58,3,0.223,3
43.99,2.4,2,0.469,3
57.06,10.78,3,0.091,0
40.34,14.17,3,0.04,0
46.36,2.43,1,0.338,3
31.73,14.16,3,0.067,0
148.07,2.73,2,0.002,1
38.16,15.52,4,0.077,0
50.45,10.32,3,0.027,0
29.89,9.56,2,0.102,0
199.02,0.2,1,0.088,1
40.83,10.45,3,0.138,0
36.38,3.29,1,0.327,3
46.37,4.19,2,0.306,3
28.98,2.38,3,0.336,3
18.6,1.78,1,0.0,2
209.05,1.76,3,0.064,1
49.4,2.61,2,0.442,3
22.38,0.71,1,0.0,2
20.63,0.55,1,0.03,2
186.94,1.78,2,0.052,1
40.04,2.51,3,0.27,3
191.84,1.24,2,0.052,1
65.48,3.52,2,0.36,3
241.79,1.79,2,0.028,1
45.83,3.34,3,0.376,3
251.4,1.79,3,0.09,1
38.29,2.24,2,0.307,3
50.46,3.03,2,0.392,3
23.83,1.35,2,0.013,2
36.97,4.77,2,0.348,3
31.63,11.54,3,0.124,0
25.58,1.27,1,0.0,2
36.66,16.31,3,0.087,0
188.24,2.56,1,0.095,1
50.37,2.33,2,0.392,3
45.31,4.06,3,0.262,3
214.45,1.91,1,0.037,1
40.74,2.81,2,0.337,3
20.44,0.98,1,0.056,2
202.58,2.6,2,0.067,1
36.81,1.98,2,0.419,3
49.85,2.55,2,0.222,3
56.53,3.15,3,0.389,3
22.61,3.57,2,0.264,3
43.81,9.87,1,0.112,2
204.03,1.78,2,0.044,1
201.99,1.54,3,0.041,1
192.45,2.01,2,0.037,1
24.94,3.19,2,0.284,3
41.76,13.7,3,0.106,0
194.86,1.52,2,0.073,1
40.35,11.97,3,0.038,0
28.38,1.38,1,0.02,2
6.82,1.18,1,0.038,2
18.33,1.03,1,0.046,2
44.48,3.13,2,0.306,3
21.75,1.03,1,0.01,2
34.45,3.2,2,0.301,3
40.12,8.95,4,0.186,0
16.97,1.27,1,0.042,2
37.37,13.28,3,0.177,0
222.65,2.73,2,0.044,1
43.49,12.86,4,0.123,0
160.53,2.27,2,0.023,1
168.74,1.55,2,0.051,1
15.39,1.09,1,0.0,2
207.38,3.6,2,0.034,1
38.23,10.47,3,0.074,0
82.66,1.66,2,0.081,2
34.12,1.97,2,0.422,3
25.68,1.49,1,0.024,2
162.36,1.52,2,0.083,1
130.04,1.76,1,0.085,2
193.36,1.22,1,0.05,1
44.25,14.23,3,0.123,0
43.02,1.69,2,0.404,3
32.91,7.53,3,0.002,0
182.7,0.95,2,0.115,1
245.5,1.45,2,0.015,1
40.96,14.09,2,0.098,0
37.95,3.21,2,0.351,3
31.15,13.19,1,0.129,0
44.11,13.19,2,0.071,0
32.53,0.59,1,0.008,2
13.3,1.15,1,0.01,2
53.74,4.26,1,0.356,3
31.88,10.19,4,0.095,0
40.19,13.89,2,0.118,0
27.66,12.31,2,0.021,0
40.28,2.83,2,0.379,3
44.79,14.39,4,0.1,0
56.54,2.28,2,0.315,3
62.76,1.49,2,0.279,3
58.43,2.0,2,0.285,3
186.92,3.23,2,0.032,1
35.85,4.56,2,0.387,3
36.88,15.1,4,0.072,0
198.03,2.65,1,0.079,1
42.6,12.44,2,0.14,0
29.01,0.71,1,0.024,2
216.85,2.17,1,0.001,1
37.01,10.85,3,0.064,0
22.17,1.39,2,0.017,2
41.53,1.47,2,0.41,3
24.2,0.92,1,0.023,2
162.46,2.46,2,0.041,1
179.91,2.14,3,0.079,1
119.19,1.31,1,0.041,2
216.1,2.3,1,0.055,1
12.64,0.91,1,0.017,2
38.69,3.71,2,0.377,3
40.99,14.22,4,0.096,0
173.86,2.34,1,0.033,1
22.27,4.25,3,0.335,3
31.64,13.55,3,0.131,0
36.43,10.32,2,0.122,0
34.32,11.83,2,0.061,0
33.6,17.38,2,0.064,0
130.01,3.06,1,0.023,2
36.55,10.84,3,0.117,0
221.47,2.19,2,0.055,1
30.85,10.09,4,0.086,0
184.73,1.96,1,0.078,1
37.74,2.77,1,0.399,3
30.84,3.69,2,0.362,3
29.83,1.2,1,0.0,2
39.85,12.72,4,0.067,0
16.97,0.65,1,0.008,2
23.49,19.15,3,0.192,0
27.91,2.27,2,0.147,2
240.67,2.22,3,0.022,1
33.17,2.13,2,0.376,3
207.95,1.62,1,0.0,1
27.49,1.09,1,0.035,2
36.83,13.2,3,0.125,0
41.59,14.29,2,0.081,0
153.17,1.71,2,0.036,1
22.87,1.47,1,0.041,2
180.79,1.76,2,0.071,1
177.52,2.23,3,0.056,1
192.11,1.23,3,0.02,1
33.18,12.57,2,0.023,0
34.63,11.63,4,0.093,0
197.94,1.69,2,0.021,1
25.43,8.45,4,0.154,0
52.04,14.81,4,0.08,0
202.66,3.29,2,0.033,1
186.61,2.19,2,0.058,1
51.32,3.61,2,0.321,3
31.59,11.94,3,0.165,0
40.0,9.15,2,0.01,0
187.38,1.72,1,0.074,1
45.63,2.89,2,0.403,3
41.93,15.48,4,0.08,0
52.96,2.37,1,0.438,3
53.61,1.87,2,0.44,3
34.3,1.65,1,0.003,2
29.53,1.24,1,0.025,2
193.41,1.78,3,0.003,1
34.62,13.26,2,0.079,0
226.79,2.72,3,0.074,1
42.7,2.93,1,0.314,3
49.88,2.53,2,0.297,3
14.61,13.85,4,0.117,0
57.96,4.29,2,0.326,3
39.84,3.71,2,0.325,3
47.09,4.35,3,0.406,3
48.98,2.27,2,0.341,3
37.3,4.42,2,0.248,3
25.89,11.32,2,0.101,0
196.34,1.96,3,0.031,1
27.93,15.25,4,0.067,0
248.49,2.31,2,0.021,1
23.97,17.51,4,0.076,0
47.94,3.45,2,0.31,3
33.74,12.77,2,0.055,0
23.82,8.81,3,0.059,0
208.79,1.93,2,0.058,1
38.91,13.35,3,0.035,0
234.64,3.01,1,0.068,1
43.92,2.55,3,0.514,3
16.55,0.87,1,0.044,2
40.08,9.73,3,0.068,0
168.25,2.69,1,0.084,1
19.43,1.25,1,0.021,2
34.89,11.64,2,0.069,0
210.94,1.82,3,0.024,1
40.14,3.68,1,0.311,3
217.01,1.07,2,0.053,1
39.76,15.2,5,0.104,0
50.81,7.08,3,0.131,0
30.53,11.7,3,0.133,0
25.64,7.6,3,0.066,0
191.82,2.16,2,0.001,1
63.2,2.75,2,0.267,3
24.55,1.52,1,0.004,2
130.43,2.32,1,0.029,2
34.37,11.99,4,0.068,0
25.86,10.2,3,0.061,0
167.78,2.92,2,0.043,1
28.66,0.9,1,0.048,2
39.29,14.01,3,0.106,0
225.73,1.36,2,0.052,1
22.91,0.44,1,0.02,2
19.15,12.39,3,0.1,0
23.63,1.45,1,0.045,2
164.98,1.66,2,0.057,1
191.5,1.84,2,0.055,1
38.0,8.94,3,0.148,0
219.81,2.52,1,0.017,1
40.68,2.21,2,0.457,3
228.97,2.53,3,0.05,1
38.94,3.16,3,0.143,3
48.26,3.47,2,0.292,3
203.48,2.18,3,0.062,1
48.94,11.73,2,0.123,0
121.48,1.02,2,0.052,1
37.45,8.28,3,0.022,0
46.29,11.8,2,0.069,0
40.2,2.67,3,0.293,3
165.71,1.72,2,0.058,1
219.46,1.22,3,0.0,1
170.99,2.56,2,0.06,1
202.08,0.62,3,0.026,1
224.82,1.75,1,0.046,1
40.56,13.9,2,0.124,0
253.13,2.26,3,0.042,1
27.19,1.17,1,0.032,2
208.46,2.66,2,0.054,1
28.62,15.28,4,0.079,0
28.69,7.5,3,0.088,0
36.91,1.72,1,0.0,2
37.55,1.39,2,0.337,3
50.93,12.26,2,0.097,0
33.43,8.29,3,0.131,0
29.61,2.23,1,0.029,2
193.07,1.85,3,0.043,1
33.43,10.68,3,0.117,0
232.69,1.47,2,0.047,1
208.69,2.28,2,0.079,1
37.32,10.26,4,0.157,0
51.6,2.64,1,0.309,3
220.3,2.15,2,0.047,1
199.53,2.06,1,0.048,1
54.82,3.75,2,0.438,3
170.04,1.93,3,0.043,1
31.67,2.92,2,0.314,3
243.6,2.54,2,0.027,1
34.75,10.11,3,0.024,0
23.2,1.39,1,0.031,2
49.38,3.99,1,0.553,3
54.41,2.24,2,0.474,3
22.37,0.68,1,0.04,2
42.79,2.06,2,0.373,3
34.76,0.78,1,0.019,2
30.82,18.23,3,0.071,0
50.96,3.7,1,0.393,3
205.77,2.35,2,0.037,1
29.19,1.35,1,0.0,2
168.6,1.91,2,0.067,1
48.27,3.1,2,0.396,3
48.75,2.7,1,0.431,3
209.91,1.72,2,0.049,1
36.31,8.98,2,0.109,0
18.33,0.94,1,0.02,2
167.91,1.76,1,0.016,1
24.97,0.34,1,0.032,2
55.12,2.92,1,0.303,3
32.02,12.79,4,0.124,0
215.73,2.01,2,0.0,1
33.36,3.86,1,0.323,3
239.82,2.46,2,0.0,1
37.2,4.14,1,0.379,3
18.1,17.1,3,0.148,0
35.13,15.65,3,0.059,0
20.75,1.04,1,0.0,2
235.27,1.24,2,0.071,1
20.31,11.24,3,0.089,0
243.03,1.78,1,0.114,1
34.64,0.33,1,0.026,2
43.17,12.12,3,0.071,0
44.62,4.85,2,0.412,3
39.11,10.82,3,0.041,0
44.11,3.51,1,0.359,3
201.93,2.04,2,0.02,1
24.63,13.12,4,0.091,0
196.57,2.64,2,0.095,1
32.63,1.54,1,0.044,2
28.97,14.28,4,0.143,0
36.87,13.26,4,0.072,0
44.01,2.77,2,0.514,3
40.83,3.52,2,0.385,3
39.13,15.65,3,0.113,0
25.14,10.22,3,0.156,0
38.27,2.63,1,0.398,3
224.15,1.51,2,0.039,1
50.51,3.72,2,0.232,3
40.97,2.93,1,0.248,3
19.13,0.5,1,0.056,2
37.94,11.33,4,0.139,0
45.5,3.39,2,0.429,3
40.85,12.88,4,0.059,0
30.61,1.29,1,0.455,3
154.11,2.49,2,0.09,1
28.3,13.64,3,0.176,0
32.11,14.04,2,0.057,0
43.08,4.79,2,0.479,3
237.74,1.01,3,0.059,1
62.79,1.74,2,0.368,3
32.55,1.21,1,0.0,2
27.39,10.17,3,0.059,0
62.19,2.13,2,0.45,3
43.12,16.91,3,0.062,0
35.91,0.69,1,0.049,2
208.64,2.28,1,0.076,1
49.74,3.37,3,0.312,3
39.59,10.9,3,0.103,0
201.13,1.92,2,0.062,1
45.29,13.92,4,0.089,0
40.01,16.37,3,0.125,0
37.47,2.62,1,0.274,3
35.71,2.53,2,0.28,3
38.69,2.89,2,0.293,3
26.1,1.11,1,0.016,2
17.42,0.46,1,0.021,2
56.89,3.94,2,0.321,3
217.83,2.9,3,0.025,1
191.72,1.79,2,0.07,1
185.48,1.95,1,0.027,1
20.85,10.54,3,0.123,0
192.63,2.07,3,0.012,1
53.24,3.08,2,0.274,3
196.76,3.28,2,0.067,1
38.38,12.15,3,0.102,0
215.87,2.99,2,0.086,1
34.45,2.95,3,0.419,3
168.05,2.79,2,0.005,1
40.05,7.73,2,0.099,0
53.53,3.04,2,0.21,3
49.15,1.95,2,0.316,3
123.93,1.78,1,0.064,2
41.44,11.62,3,0.044,0
10.72,12.1,2,0.092,0
195.16,2.26,2,0.027,1
23.5,13.95,4,0.149,0
37.25,12.11,3,0.149,0
145.95,2.65,2,0.016,1
23.32,8.99,3,0.054,0
46.52,2.96,1,0.402,3
55.35,3.08,1,0.515,3
31.5,0.76,1,0.006,2
176.17,2.04,2,0.009,1
31.97,13.22,3,0.117,0
211.47,3.04,1,0.089,1
212.06,2.47,1,0.037,1
19.4,0.94,1,0.04,2
183.96,2.56,2,0.074,1
36.01,1.52,2,0.332,3
53.72,2.81,1,0.361,3
46.37,10.23,3,0.029,0
40.75,10.25,4,0.129,0
37.04,16.79,3,0.136,0
26.87,0.93,2,0.02,2
230.5,2.27,1,0.031,1
48.91,11.75,2,0.092,0
30.65,10.09,4,0.114,0
23.69,14.09,5,0.092,0
27.28,12.51,3,0.084,0
42.78,2.69,1,0.273,3
197.45,1.41,2,0.014,1
40.96,3.36,2,0.46,3
219.96,2.48,1,0.058,1
23.59,1.42,2,0.031,2
34.81,12.47,2,0.08,0
39.67,14.75,3,0.042,0
40.62,13.49,2,0.147,0
38.24,9.13,3,0.121,0
48.89,2.15,2,0.318,3
30.71,0.77,1,0.055,2
38.27,9.45,3,0.058,0
54.42,3.7,2,0.287,3
206.78,2.03,2,0.043,1
37.23,14.13,4,0.072,0
28.41,1.79,1,0.062,2
36.05,2.51,3,0.419,3
43.14,2.16,2,0.321,3
31.55,0.92,2,0.028,2
49.09,3.15,2,0.383,3
26.81,0.81,1,0.03,2
54.65,2.15,3,0.444,3
44.69,3.84,3,0.212,3
34.5,1.54,1,0.02,2
50.01,2.22,3,0.371,3
190.77,0.5,2,0.015,1
254.71,2.95,3,0.032,1
35.31,1.17,1,0.0,2
49.76,12.93,2,0.067,0
193.49,2.42,2,0.032,1
192.86,2.86,2,0.029,1
46.77,3.62,2,0.332,3
188.61,2.3,2,0.045,1
27.74,10.51,3,0.052,0
27.57,0.66,1,0.011,2
241.03,2.15,2,0.032,1
54.68,1.51,3,0.313,3
55.41,2.97,2,0.288,3
224.88,1.64,2,0.083,1
21.1,2.5,2,0.398,3
47.1,2.57,2,0.305,3
36.46,3.81,2,0.325,3
37.15,11.78,4,0.055,0
241.41,2.45,2,0.042,1
22.85,0.53,1,0.0,2
51.89,2.2,4,0.396,3
54.93,2.73,1,0.362,3
34.65,9.16,3,0.118,0
29.34,1.68,1,0.035,2
25.21,0.93,1,0.0,2
30.32,14.13,5,0.129,0
28.86,7.7,3,0.083,0
53.73,3.8,2,0.34,3
29.39,11.97,2,0.056,0
12.42,0.98,1,0.046,2
136.15,2.44,2,0.101,1
252.36,0.97,3,0.065,1
188.4,1.79,3,0.106,1
16.78,0.22,1,0.031,2
33.49,14.97,3,0.085,0
34.37,13.62,3,0.081,0
46.65,12.03,2,0.104,0
36.16,12.25,3,0.063,0
32.38,8.85,3,0.154,0
20.71,1.48,1,0.037,2
173.52,1.93,2,0.056,1
21.57,12.23,4,0.087,0
35.32,3.51,3,0.363,3
33.69,1.71,1,0.206,2
57.93,2.13,2,0.293,3
61.25,3.73,2,0.319,3
47.75,12.07,2,0.09,0
198.55,2.1,2,0.04,1
27.06,15.6,2,0.117,0
52.94,2.09,2,0.328,3
33.1,12.84,4,0.11,0
215.99,0.78,1,0.02,1
47.22,3.85,2,0.262,3
251.07,1.6,2,0.033,1
160.19,1.76,2,0.097,1
17.96,0.69,1,0.027,2
208.34,2.15,2,0.061,1
39.54,3.64,2,0.28,3
49.03,3.46,2,0.388,3
49.23,2.6,1,0.329,3
222.38,1.64,2,0.072,1
24.15,1.16,2,0.029,2
20.62,0.98,1,0.007,2
249.69,2.97,2,0.066,1
226.69,1.68,1,0.052,1
35.95,9.51,2,0.08,0
26.93,1.6,2,0.018,2
226.76,1.41,2,0.103,1
66.08,3.37,2,0.327,3
36.89,3.9,2,0.469,3
40.27,10.48,4,0.072,0
41.84,3.31,2,0.397,3
236.8,0.23,3,0.09,1
184.3,3.4,2,0.041,1
35.9,10.69,2,0.127,0
34.66,10.75,3,0.045,0
218.21,1.58,2,0.056,1
56.12,2.28,3,0.31,3
30.71,1.19,1,0.039,2
189.9,2.5,2,0.08,1
43.01,4.09,1,0.289,3
180.3,2.49,2,0.057,1
23.88,0.69,1,0.064,2
46.32,12.11,3,0.094,0
30.96,10.06,3,0.163,0
38.03,6.48,3,0.061,0
21.41,0.6,1,0.033,2
38.0,17.96,4,0.101,0
43.0,12.32,3,0.132,0
53.86,3.67,2,0.35,3
200.72,1.71,2,0.055,1
188.3,2.45,2,0.044,1
28.56,1.09,1,0.022,2
29.02,12.75,2,0.037,0
163.84,2.71,2,0.021,1
240.56,2.04,1,0.059,1
46.21,4.32,2,0.383,3
24.5,14.59,2,0.146,0
54.0,2.68,2,0.243,3
48.5,2.4,2,0.319,3
40.31,10.04,2,0.105,0
46.97,3.41,2,0.175,3
141.34,2.38,2,0.039,1
48.94,2.99,2,0.393,3
47.16,11.46,3,0.127,0
195.47,2.76,2,0.052,1
24.94,0.78,1,0.052,2
238.76,2.45,1,0.059,1
46.9,12.84,5,0.139,0
47.55,2.43,2,0.305,3
211.87,2.66,2,0.057,1
27.66,14.12,1,0.094,0
227.58,1.48,2,0.057,1
54.44,16.56,3,0.187,0
30.89,1.31,1,0.005,2
243.32,2.44,3,0.057,1
189.36,1.84,2,0.029,1
181.61,2.5,2,0.076,1
35.02,0.2,1,0.038,2
45.26,2.38,1,0.417,3
36.54,15.21,3,0.128,0
35.29,1.5,1,0.017,2
31.21,2.07,2,0.383,3
52.38,3.76,2,0.289,3
178.94,3.24,1,0.071,1
164.94,2.12,1,0.063,1
32.05,11.85,4,0.145,0
51.94,2.28,2,0.224,3
12.07,0.2,1,0.069,2
214.36,2.37,2,0.046,1
160.69,2.1,2,0.046,1
67.9,3.6,2,0.265,3
173.1,1.26,2,0.065,1
21.89,0.2,1,0.037,2
184.12,1.98,2,0.056,1
33.75,1.07,2,0.037,2
30.75,14.93,4,0.093,0
35.53,13.27,2,0.091,0
28.57,1.95,2,0.496,3
32.44,12.33,5,0.147,0
206.32,1.73,3,0.028,1
35.66,12.59,3,0.054,0
278.59,2.2,2,0.075,1
26.37,1.25,1,0.034,2
55.79,2.93,2,0.279,3
21.38,0.8,1,0.0,2
39.7,2.45,2,0.333,3
29.42,0.72,1,0.035,2
39.66,3.85,2,0.262,3
65.38,3.63,2,0.429,3
31.41,1.67,1,0.0,2
243.0,1.45,2,0.001,1
164.73,2.16,2,0.008,1
40.99,9.58,2,0.141,0
28.98,3.82,3,0.374,3
63.32,3.81,2,0.364,3
45.27,3.1,2,0.453,3
37.06,13.3,1,0.129,0
164.39,1.72,1,0.018,1
30.94,8.94,4,0.094,0
40.63,14.14,3,0.053,0
190.46,1.98,2,0.044,1
12.2,1.89,1,0.43,3
30.2,3.14,2,0.397,3
34.13,0.85,1,0.032,2
46.89,2.63,2,0.312,3
34.3,2.63,2,0.37,3
34.23,10.36,4,0.091,0
32.1,14.39,4,0.184,0
126.67,2.27,2,0.0,1
37.0,2.82,2,0.23,3
75.66,2.95,2,0.401,3
50.8,2.95,2,0.293,3
52.34,13.09,3,0.149,0
29.52,11.4,4,0.145,0
210.67,1.81,2,0.095,1
31.19,6.83,3,0.066,0
56.46,4.07,3,0.409,3
19.82,1.17,1,0.016,2
25.15,1.58,1,0.048,2
193.65,1.75,1,0.062,1
15.35,0.58,1,0.0,2
221.84,2.29,2,0.051,1
25.97,0.69,1,0.007,2
30.16,8.01,3,0.148,0
55.68,3.51,2,0.379,3
195.91,3.23,1,0.068,1
196.81,2.12,2,0.051,1
58.73,7.78,3,0.102,0
224.32,1.09,2,0.055,1
155.27,3.08,3,0.086,1
45.28,12.22,4,0.102,0
25.56,0.28,1,0.002,2
39.39,12.27,3,0.107,0
30.15,12.43,2,0.074,0
149.0,2.83,2,0.078,1
19.0,8.05,3,0.112,0
43.22,16.88,2,0.114,0
49.42,2.52,2,0.465,3
37.83,12.46,4,0.094,0
36.12,6.68,4,0.158,0
19.43,1.15,1,0.026,2
275.31,1.79,2,0.014,1
200.73,2.14,2,0.094,1
55.75,11.71,3,0.156,0
24.32,1.37,1,0.043,2
35.5,1.15,1,0.036,2
37.32,12.12,3,0.113,0
54.38,4.53,3,0.073,0
29.2,12.03,2,0.157,0
13.65,0.88,1,0.0,2
171.98,2.28,1,0.083,1
165.76,0.44,1,0.02,1
29.83,2.14,3,0.454,3
187.93,1.78,3,0.063,1
24.7,1.39,1,0.008,2
191.06,1.48,1,0.039,1
181.8,2.38,1,0.005,1
26.51,0.73,1,0.017,2
35.95,13.28,2,0.079,0
191.01,2.01,2,0.054,1
18.97,0.2,2,0.023,2
34.09,11.23,5,0.058,0
26.53,13.38,3,0.083,0
30.13,1.25,1,0.0,2
24.36,3.06,2,0.362,3
40.01,1.3,3,0.602,3
170.99,2.72,3,0.052,1
41.77,9.06,3,0.04,0
144.83,2.15,1,0.033,1
24.66,7.27,3,0.137,0
41.29,2.38,2,0.389,3
30.33,11.88,4,0.146,0
39.01,3.25,1,0.322,3
24.51,10.8,3,0.13,0
21.16,0.72,1,0.0,2
237.39,2.8,2,0.017,1
169.71,2.38,3,0.08,1
33.63,3.52,2,0.236,3
47.86,3.79,2,0.302,3
20.27,14.71,4,0.078,0
34.06,0.72,1,0.083,2
196.71,2.66,1,0.048,1
186.25,3.06,2,0.04,1
13.97,1.2,1,0.034,2
54.59,2.51,2,0.304,3
44.68,2.17,1,0.375,3
29.18,13.16,4,0.111,0
23.21,13.98,4,0.1,0
39.62,8.65,4,0.096,0
7.43,15.63,2,0.12,0
51.14,13.71,2,0.095,0
36.58,11.24,3,0.016,0
62.31,3.5,3,0.484,3
23.67,0.31,1,0.007,2
36.96,15.99,3,0.035,0
43.91,3.19,2,0.346,3
33.86,9.53,4,0.073,0
177.59,1.76,2,0.083,1
55.8,3.06,3,0.277,3
180.6,1.98,2,0.0,1
28.43,1.59,1,0.021,2
43.25,12.71,3,0.12,0
37.3,10.52,2,0.015,0
59.83,1.81,2,0.3,3
188.36,1.84,2,0.082,1
209.66,1.16,2,0.04,1
219.68,1.76,2,0.037,1
156.03,2.59,2,0.069,1
26.98,8.97,2,0.108,0
198.6,2.27,2,0.043,1
226.49,2.73,1,0.079,1
52.23,3.76,3,0.428,3
225.01,2.05,2,0.06,1
35.99,14.38,3,0.14,0
197.17,2.86,2,0.031,1
31.09,13.6,3,0.071,0
249.58,2.09,2,0.076,1
177.31,2.27,2,0.058,1
43.33,14.29,3,0.11,0
31.92,1.4,1,0.021,2
236.93,2.3,2,0.055,1
138.4,1.07,2,0.091,1
235.75,1.66,1,0.08,1
178.36,2.63,2,0.05,1
33.17,11.68,2,0.108,0
208.39,1.65,2,0.095,1
34.28,3.65,2,0.319,3
35.43,3.45,2,0.285,3
24.23,1.57,1,0.05,2
26.52,0.78,2,0.049,2
43.89,3.92,2,0.384,3
203.03,1.26,2,0.044,1
26.78,11.6,4,0.054,0
31.51,12.35,3,0.009,0
33.5,3.11,2,0.392,3
175.29,1.57,2,0.105,1
109.44,1.52,3,0.068,1
62.84,3.0,2,0.283,3
33.66,0.38,1,0.046,2
33.91,2.94,1,0.377,3
213.99,1.42,2,0.052,1
48.55,3.86,2,0.373,3
210.94,1.44,2,0.01,1
43.98,3.97,3,0.238,3
20.12,1.47,1,0.0,2
38.84,12.65,2,0.07,0
28.44,0.65,1,0.03,2
35.94,10.28,3,0.078,0
34.16,2.68,2,0.411,3
29.17,14.5,4,0.119,0
43.49,7.68,4,0.167,0
42.96,12.71,3,0.049,0
35.51,13.35,3,0.205,0
239.42,1.18,2,0.035,1
205.66,2.6,3,0.018,1
231.75,1.56,3,0.076,1
207.86,1.77,1,0.041,1
184.97,1.21,2,0.065,1
37.41,2.42,2,0.23,3
184.05,1.21,2,0.017,1
39.74,12.39,3,0.058,0
17.02,0.8,1,0.019,2
242.52,2.24,2,0.093,1
29.0,15.69,4,0.088,0
165.95,1.86,1,0.003,1
32.84,8.28,2,0.055,0
49.09,1.74,2,0.334,3
23.76,0.77,1,0.023,2
219.15,1.51,1,0.042,1
166.2,2.18,2,0.065,1
39.88,1.3,1,0.015,2
237.74,1.92,1,0.085,1
190.79,3.65,2,0.06,1
33.74,0.71,1,0.045,2
33.92,15.18,3,0.143,0
22.14,1.91,2,0.292,3
143.6,1.18,1,0.031,1
210.03,1.48,2,0.01,1
55.95,15.29,2,0.143,0
42.54,3.74,2,0.361,3
36.22,9.49,1,0.079,2
43.45,10.61,4,0.142,0
38.91,3.29,3,0.417,3
247.81,1.15,3,0.04,1
28.26,0.83,1,0.029,2
216.18,1.63,2,0.109,1
38.53,3.89,2,0.391,3
148.64,1.28,3,0.013,1
53.49,4.2,1,0.379,3
179.15,3.35,1,0.05,1
31.12,11.54,4,0.058,0
34.97,3.67,3,0.36,3
42.94,4.06,3,0.388,3
45.72,3.06,2,0.455,3
27.78,14.71,3,0.099,0
22.93,10.03,3,0.009,0
34.38,12.8,3,0.144,0
16.81,15.59,3,0.148,0
192.45,2.22,2,0.014,1
44.48,6.8,3,0.089,0
25.76,10.64,3,0.098,0
36.27,14.7,5,0.101,0
201.04,2.42,2,0.081,1
38.52,2.93,2,0.299,3
201.67,2.03,2,0.079,1
43.33,3.91,2,0.28,3
199.92,1.68,1,0.023,1
201.82,0.74,2,0.053,1
44.74,3.77,3,0.33,3
35.36,8.63,3,0.047,0
57.46,3.65,2,0.345,3
54.89,3.04,3,0.351,3
37.76,15.86,2,0.094,0
164.86,2.7,2,0.068,1
36.07,13.1,3,0.075,0
44.78,3.8,1,0.484,3
40.47,12.97,4,0.112,0
206.2,2.75,1,0.035,1
65.58,3.23,2,0.498,3
24.55,1.16,1,0.06,2
42.54,2.22,3,0.458,3
187.47,2.38,1,0.025,1
31.61,10.35,3,0.065,0
34.5,12.56,2,0.09,0
205.22,1.65,3,0.0,1
209.47,2.44,1,0.069,1
32.33,3.73,2,0.314,3
45.96,3.68,1,0.379,3
24.42,10.94,3,0.174,0
17.42,0.62,1,0.013,2
36.9,12.34,2,0.099,0
21.42,13.39,3,0.1,0
176.14,2.23,1,0.078,1
233.32,2.04,2,0.053,1
155.39,2.15,2,0.034,1
33.2,2.17,2,0.516,3
37.45,16.89,5,0.183,0
34.83,0.67,1,0.006,2
34.96,9.53,1,0.14,2
35.78,3.13,2,0.325,3
208.74,1.52,2,0.0,1
59.12,2.62,2,0.348,3
27.54,15.46,2,0.001,0
28.73,10.98,3,0.088,0
212.39,2.53,2,0.027,1
192.82,1.01,1,0.08,1
164.19,1.92,1,0.013,1
57.68,2.2,1,0.213,2
21.61,5.83,3,0.112,0
29.26,9.9,4,0.094,0
27.95,0.49,1,0.009,2
225.86,1.84,2,0.0,1
208.69,1.74,2,0.028,1
51.15,3.04,2,0.413,3
23.59,16.37,3,0.091,0
191.58,2.03,2,0.081,1
41.37,3.19,2,0.482,3
154.3,1.6,2,0.092,1
46.31,3.59,2,0.434,3
45.79,13.6,3,0.093,0
34.94,10.58,3,0.131,0
15.0,0.79,1,0.025,2
47.16,3.06,2,0.285,3
29.24,1.35,2,0.014,2
36.66,15.88,3,0.093,0
38.92,7.99,4,0.086,0
37.33,3.65,2,0.41,3
36.2,3.89,3,0.081,0
21.29,0.8,1,0.032,2
37.74,12.36,2,0.14,0
248.04,2.46,2,0.056,1
186.02,1.35,1,0.088,1
184.04,2.47,3,0.032,1
54.58,2.38,2,0.439,3
22.73,1.12,1,0.027,2
46.88,3.24,2,0.459,3
33.9,11.65,3,0.056,0
38.21,3.83,2,0.377,3
31.0,0.69,1,0.028,2
207.62,2.37,3,0.09,1
36.95,15.65,2,0.111,0
193.4,1.81,3,0.045,1
37.17,0.48,1,0.017,2
218.44,1.55,2,0.074,1
42.67,13.14,2,0.064,0
47.8,2.09,1,0.271,3
18.35,0.68,1,0.016,2
193.41,2.14,1,0.032,1
35.02,16.95,3,0.113,0
41.59,10.64,3,0.113,0
31.68,2.53,2,0.27,3
147.09,2.27,2,0.054,1
52.84,3.02,2,0.299,3
35.95,11.25,4,0.044,0
38.26,11.37,3,0.111,0
38.71,1.1,1,0.316,3
34.4,3.16,2,0.318,3
216.58,2.23,4,0.037,1
186.66,2.12,2,0.02,1
46.0,1.89,2,0.236,3
202.64,1.85,2,0.0,1
223.06,1.74,1,0.067,1
42.0,2.44,1,0.338,3
26.53,13.48,3,0.055,0
40.2,9.52,4,0.042,0
39.11,12.18,3,0.12,0
55.49,2.36,2,0.361,3
41.01,14.69,3,0.143,0
35.61,9.16,3,0.037,0
35.32,13.32,3,0.031,0
40.37,2.87,1,0.326,3
18.1,12.55,3,0.135,0
31.23,2.23,2,0.484,3
35.68,7.71,2,0.096,0
207.23,2.19,2,0.013,1
219.21,2.3,2,0.052,1
26.77,1.4,1,0.001,2
39.49,3.79,2,0.459,3
253.76,1.18,2,0.026,1
35.81,4.48,2,0.3,3
35.52,1.39,1,0.017,2
41.29,3.94,2,0.361,3
22.98,7.46,4,0.101,0
39.47,11.2,3,0.092,0
55.83,3.34,3,0.295,3
36.25,10.51,3,0.118,0
160.56,2.06,2,0.021,1
30.67,16.63,3,0.072,0
160.34,0.82,3,0.05,1
36.83,9.91,3,0.108,0
35.45,0.93,2,0.405,3
43.91,10.64,4,0.135,0
26.49,15.69,3,0.092,0
25.46,1.88,1,0.027,2
24.07,0.2,1,0.0,2
32.44,2.37,2,0.342,3
29.51,1.53,1,0.025,2
206.2,2.56,1,0.042,1
210.01,2.21,2,0.055,1
27.22,0.62,1,0.015,2
48.78,2.26,2,0.265,3
21.95,1.05,1,0.038,2
190.05,1.5,1,0.036,1
273.69,0.89,1,0.062,1
24.23,11.0,2,0.108,0
12.04,1.09,1,0.004,2
33.69,13.36,3,0.099,0
210.57,2.53,1,0.052,1
34.89,11.31,3,0.095,0
25.8,1.01,1,0.036,2
39.46,1.1,2,0.339,3
32.09,4.11,2,0.44,3
155.09,1.52,2,0.092,1
21.5,14.7,3,0.162,0
165.97,2.22,2,0.062,1
61.69,3.38,1,0.451,3
28.5,9.79,2,0.097,0
58.29,3.12,2,0.423,3
265.49,2.03,1,0.074,1
51.31,2.93,1,0.5,3
37.61,9.78,3,0.161,0
219.11,1.76,3,0.03,1
43.56,2.62,2,0.307,3
8.09,0.77,1,0.0,2
243.6,1.85,3,0.068,1
51.14,2.88,2,0.268,3
203.36,2.69,2,0.04,1
162.55,2.7,1,0.113,1
42.71,2.63,2,0.299,3
33.88,15.87,2,0.148,0
26.3,10.13,2,0.043,0
24.01,1.39,1,0.04,2
26.02,1.17,2,0.016,2
33.53,2.38,2,0.371,3
55.18,3.99,2,0.448,3
33.97,1.62,1,0.048,2
180.32,1.81,2,0.033,1
12.59,1.34,1,0.016,2
47.66,4.16,1,0.359,3
35.99,13.22,4,0.078,0
48.65,4.19,3,0.389,3
192.47,2.05,2,0.085,1
47.88,3.43,2,0.491,3
27.75,12.26,3,0.091,0
50.13,3.91,1,0.441,3
31.88,11.03,4,0.049,0
31.13,2.74,2,0.381,3
209.09,1.0,2,0.009,1
49.62,2.39,2,0.404,3
239.11,1.84,2,0.106,1
47.06,3.57,2,0.393,3
56.89,3.56,2,0.241,3
172.11,1.62,1,0.066,1
41.08,10.42,4,0.105,0
22.09,13.25,3,0.124,0
26.55,10.62,3,0.164,0
165.7,2.36,3,0.034,1
31.11,12.19,2,0.127,0
55.32,3.7,3,0.295,3
35.25,3.68,2,0.195,3
187.96,1.67,2,0.055,1
226.92,2.57,2,0.0,1
29.45,11.54,4,0.04,0
13.37,1.34,1,0.017,2
211.1,3.33,3,0.008,1
17.61,1.74,1,0.028,2
45.62,2.15,2,0.47,3
34.3,15.87,3,0.079,0
41.81,14.01,3,0.06,0
228.2,1.5,2,0.019,1
38.77,4.83,1,0.238,3
27.35,1.2,2,0.006,2
44.19,2.48,2,0.305,3
18.78,0.62,1,0.03,2
26.32,13.62,5,0.11,0
50.43,2.46,2,0.32,3
189.08,1.76,2,0.055,1
47.96,1.66,2,0.229,3
39.28,2.32,2,0.441,3
47.05,1.02,1,0.013,2
45.12,13.48,3,0.075,0
22.84,9.09,3,0.148,0
39.47,15.4,4,0.14,0
196.97,1.66,2,0.059,1
198.58,2.56,2,0.018,1
35.55,13.36,3,0.097,0
192.85,1.51,2,0.031,1
243.22,1.74,4,0.03,1
26.61,11.86,3,0.056,0
276.39,2.37,2,0.027,1
11.9,0.69,1,0.012,2
42.03,3.54,2,0.535,3
24.66,13.47,1,0.054,0
40.41,17.03,3,0.109,0
31.54,11.96,3,0.07,0
43.82,2.78,3,0.465,3
49.22,2.7,2,0.26,3
182.14,2.79,2,0.141,1
201.45,1.68,2,0.086,1
33.41,11.91,3,0.087,0
52.68,13.8,2,0.065,0
53.27,2.06,2,0.219,3
35.23,11.12,3,0.08,0
36.59,7.38,3,0.099,0
221.16,1.84,1,0.042,1
242.41,2.25,2,0.09,1
30.88,0.86,1,0.0,2
44.96,3.05,2,0.301,3
190.95,1.52,3,0.059,1
195.29,3.33,3,0.01,1
18.29,15.5,3,0.128,0
28.02,8.36,2,0.055,0
37.33,13.93,3,0.093,0
188.71,0.67,2,0.115,1
253.94,2.54,2,0.039,1
165.79,2.58,3,0.028,1
24.44,11.31,4,0.08,0
203.89,2.12,2,0.042,1
41.54,12.38,1,0.132,0
171.33,2.31,2,0.074,1
29.33,3.78,1,0.362,3
175.08,3.02,3,0.003,1
207.65,1.53,2,0.06,1
204.99,1.82,2,0.012,1
38.96,3.27,2,0.376,3
33.56,0.61,1,0.012,2
257.54,1.46,1,0.057,1
41.01,11.15,4,0.039,0
57.01,2.79,1,0.341,3
176.15,2.18,3,0.016,1
22.86,13.11,4,0.081,0
35.2,10.29,4,0.05,0
42.89,2.14,2,0.288,3
39.67,1.88,2,0.209,3
55.48,3.97,1,0.286,3
27.36,2.58,2,0.415,3
158.85,1.69,3,0.038,1
43.35,3.03,2,0.537,3
22.95,1.22,1,0.0,2
50.81,2.47,2,0.291,3
46.07,15.53,2,0.119,0
41.96,3.41,1,0.304,3
38.92,13.06,2,0.108,0
32.73,3.03,2,0.299,3
12.1,0.87,1,0.031,2
46.72,1.37,2,0.358,3
205.06,0.76,2,0.067,1
40.63,13.4,2,0.048,0
33.35,1.6,1,0.026,2
39.54,3.12,2,0.339,3
181.54,2.29,3,0.065,1
224.41,2.22,1,0.027,1
206.62,0.7,2,0.02,1
23.09,1.12,1,0.04,2
208.14,1.81,1,0.079,1
219.03,2.72,2,0.069,1
15.73,1.2,1,0.042,2
182.12,1.44,1,0.039,1
134.8,1.53,2,0.063,1
36.9,13.53,4,0.062,0
190.25,2.09,2,0.098,1
8.27,0.58,1,0.051,2
61.92,4.21,2,0.432,3
58.51,3.84,2,0.383,3
50.19,4.47,2,0.224,3
33.04,14.0,3,0.161,0
189.91,2.08,2,0.043,1
55.94,2.83,2,0.358,3
215.67,0.99,2,0.107,1
30.15,0.63,1,0.025,2
221.91,1.0,3,0.07,1
20.53,1.07,2,0.0,2
161.23,1.58,3,0.021,1
22.67,0.91,1,0.043,2
43.87,9.8,3,0.081,0
21.07,1.3,1,0.04,2
226.29,1.41,2,0.015,1
178.57,1.07,2,0.061,1
201.94,1.26,1,0.0,1
173.56,1.53,2,0.014,1
52.56,2.83,2,0.328,3
34.46,10.82,2,0.077,0
228.31,1.3,3,0.029,1
33.78,10.59,2,0.089,0
46.96,2.6,1,0.4,3
37.22,8.68,3,0.121,0
47.52,4.03,2,0.303,3
29.08,0.81,1,0.03,2
205.18,1.95,2,0.074,1
225.45,1.52,2,0.05,1
40.6,2.34,2,0.238,3
51.52,2.83,2,0.292,3
16.2,0.98,1,0.023,2
41.31,2.49,2,0.212,3
27.24,10.64,2,0.105,0
52.74,11.24,3,0.022,0
45.25,14.0,3,0.081,0
261.49,1.54,2,0.0,1
34.96,3.18,2,0.381,3
34.34,10.45,2,0.109,0
215.87,1.67,2,0.046,1
31.39,1.65,2,0.331,3
29.63,14.54,3,0.102,0
44.53,14.06,3,0.095,0
15.55,0.48,1,0.0,2
30.42,0.88,1,0.015,2
42.36,4.66,3,0.553,3
43.26,10.27,3,0.128,0
39.18,13.39,4,0.113,0
22.23,1.29,1,0.006,2
217.4,1.51,2,0.097,1
45.22,9.6,2,0.098,0
57.03,1.92,3,0.365,3
48.85,3.85,2,0.353,3
49.51,3.8,3,0.262,3
24.5,3.29,3,0.169,3
34.79,13.76,2,0.053,0
28.92,2.05,2,0.221,3
182.51,1.85,2,0.067,1
47.38,3.26,1,0.432,3
39.42,4.92,3,0.404,3
35.18,2.48,2,0.393,3
148.25,3.17,2,0.063,1
37.96,9.21,3,0.1,0
179.57,2.91,2,0.076,1
31.12,0.81,1,0.014,2
25.54,4.08,2,0.389,3
31.97,3.43,2,0.494,3
39.06,11.54,2,0.115,0
243.55,2.52,3,0.074,1
49.73,13.35,2,0.081,0
40.36,3.55,3,0.272,3
44.98,15.4,3,0.072,0
30.14,10.39,2,0.017,0
21.54,1.25,1,0.028,2
34.31,7.75,4,0.064,0
35.22,1.62,2,0.424,3
37.39,15.34,4,0.042,0
31.52,12.03,3,0.137,0
45.54,8.9,3,0.118,0
45.82,16.12,3,0.168,0
22.33,1.06,1,0.021,2
190.65,1.14,2,0.067,1
255.02,2.05,3,0.021,1
47.5,2.89,2,0.368,3
41.46,13.87,3,0.149,0
25.8,1.8,1,0.0,2
25.03,14.05,2,0.132,0
163.86,3.94,3,0.035,1
38.44,12.62,4,0.095,0
43.02,2.47,2,0.404,3
15.6,1.1,1,0.024,2
43.19,13.65,4,0.115,0
209.27,1.65,1,0.072,1
20.05,1.81,1,0.033,2
43.4,16.67,3,0.073,0
36.2,13.72,4,0.068,0
32.54,10.93,2,0.131,0
58.8,4.19,2,0.3,3
48.36,4.19,2,0.536,3
30.22,14.7,3,0.071,0
180.04,2.37,2,0.001,1
36.11,12.8,2,0.148,0
42.14,2.58,2,0.169,3
46.96,13.3,3,0.084,0
228.64,2.61,2,0.032,1
35.23,0.52,2,0.025,2
49.13,11.72,3,0.076,0
45.68,2.61,2,0.444,3
209.28,1.98,3,0.0,1
141.22,1.0,3,0.015,1
29.44,12.41,4,0.023,0
27.61,2.47,2,0.419,3
39.98,13.57,3,0.12,0
64.47,4.43,2,0.254,3
25.95,1.96,1,0.045,2
273.39,1.85,1,0.0,1
176.64,3.17,3,0.07,1
26.05,9.24,4,0.037,0
47.54,10.87,3,0.139,0
45.27,2.64,2,0.379,3
32.8,13.12,2,0.144,0
46.46,3.26,2,0.441,3
234.0,2.29,1,0.001,1
29.82,13.55,3,0.138,0
44.39,12.58,4,0.153,0
22.43,12.42,3,0.08,0
182.48,1.8,1,0.09,1
219.08,2.41,2,0.049,1
33.08,3.85,2,0.09,2
183.08,0.84,2,0.0,1
27.78,1.21,1,0.025,2
45.85,2.42,2,0.316,3
241.34,2.2,2,0.049,1
24.32,0.59,1,0.017,2
35.87,7.53,3,0.1,0
41.62,7.46,4,0.139,0
55.51,2.4,2,0.323,3
29.64,13.07,2,0.021,0
199.15,1.76,3,0.113,1
45.8,4.35,2,0.359,3
30.11,9.42,2,0.055,0
244.16,1.48,2,0.013,1
28.3,11.04,4,0.135,0
180.24,2.68,3,0.046,1
26.95,12.48,3,0.101,0
29.77,9.61,3,0.162,0
25.83,3.93,2,0.327,3
27.9,0.89,2,0.009,2
20.28,0.97,1,0.026,2
250.69,1.44,2,0.059,1
24.28,11.16,2,0.105,0
222.47,1.79,1,0.042,1
26.99,9.35,2,0.081,0
147.6,1.24,2,0.058,1
49.19,2.53,2,0.349,3
174.04,2.95,1,0.067,1
139.27,3.64,1,0.039,1
24.75,1.72,1,0.03,2
64.58,3.6,2,0.396,3
31.71,2.39,2,0.224,3
34.19,16.73,3,0.16,0
21.03,0.74,1,0.038,2
27.65,15.19,3,0.068,0
56.59,1.91,2,0.311,3
18.94,0.8,1,0.042,2
34.79,12.05,3,0.089,0
35.43,11.5,4,0.077,0
232.04,2.96,1,0.06,1
42.8,17.88,3,0.061,0
37.91,3.53,2,0.301,3
201.48,1.98,2,0.042,1
220.36,2.53,3,0.011,1
44.48,2.21,2,0.448,3
22.25,8.95,4,0.109,0
35.08,3.25,2,0.44,3
36.01,12.2,4,0.073,0
17.04,0.93,1,0.014,2
29.03,2.96,3,0.398,3
22.98,11.08,2,0.118,0
53.48,2.18,2,0.279,3
179.38,1.41,3,0.049,1
25.76,1.23,1,0.0,2
30.18,10.2,4,0.088,0
222.93,2.67,2,0.073,1
30.42,0.79,1,0.0,2
41.16,12.57,2,0.139,0
26.74,11.6,2,0.062,0
47.01,3.35,2,0.373,3
159.29,0.59,2,0.013,1
198.65,2.53,1,0.054,1
43.47,15.4,2,0.168,0
172.54,1.76,1,0.125,1
38.62,7.3,3,0.153,0
199.9,2.5,2,0.105,1
29.96,11.55,3,0.039,0
177.74,2.31,2,0.068,1
152.14,1.83,2,0.047,1
46.62,10.46,3,0.075,0
26.47,1.29,1,0.053,2
26.84,10.36,4,0.15,0
206.42,2.76,3,0.065,1
222.92,2.88,3,0.072,1
35.09,15.65,2,0.103,0
129.83,1.49,2,0.001,1
23.3,0.52,1,0.024,2
24.94,16.23,2,0.128,0
44.1,9.6,2,0.067,0
45.58,9.25,4,0.116,0
54.8,3.03,2,0.336,3
182.16,2.22,2,0.03,1
49.27,2.76,1,0.435,3
247.09,1.71,2,0.063,1
30.77,2.43,3,0.219,3
16.7,1.42,1,0.026,2
34.71,1.21,1,0.016,2
41.89,2.25,2,0.486,3
251.92,1.91,2,0.012,1
48.92,12.76,2,0.12,0
49.84,12.77,3,0.08,0
22.03,11.1,2,0.098,0
223.66,2.94,2,0.077,1
66.75,2.04,2,0.429,3
39.63,2.37,2,0.253,3
50.95,2.3,2,0.337,3
195.5,1.7,2,0.024,1
20.99,9.35,1,0.084,2
24.74,9.98,3,0.122,0
201.55,2.01,2,0.021,1
202.06,2.62,2,0.05,1
190.9,1.48,2,0.1,1
221.26,2.24,1,0.016,1
35.71,0.76,1,0.034,2
169.94,1.9,1,0.091,1
19.1,1.77,1,0.042,2
44.19,12.07,2,0.072,0
20.59,1.32,1,0.015,2
33.45,0.95,1,0.03,2
41.08,11.19,4,0.083,0
197.99,2.92,2,0.043,1
74.13,3.08,1,0.448,3
245.26,2.25,2,0.026,1
36.48,7.94,2,0.1,0
25.46,0.8,1,0.008,2
43.34,3.26,2,0.315,3
21.85,2.27,1,0.33,3
25.33,2.09,2,0.461,3
178.2,2.33,3,0.077,1
40.32,2.86,2,0.272,3
182.85,1.44,2,0.095,1
31.9,2.24,2,0.442,3
43.44,4.05,2,0.453,3
46.39,10.72,1,0.084,2
26.71,0.85,1,0.042,2
199.61,1.86,1,0.0,1
188.6,1.9,2,0.054,1
167.42,1.89,3,0.042,1
30.78,10.82,3,0.036,0
36.55,14.15,2,0.088,0
127.03,2.42,3,0.041,1
23.79,9.49,2,0.094,0
47.9,3.0,2,0.378,3
29.34,0.79,2,0.0,2
51.22,2.26,2,0.493,3
200.06,2.22,2,0.055,1
41.94,3.19,1,0.377,3
151.9,2.72,2,0.079,1
224.68,2.24,1,0.047,1
170.54,2.02,2,0.05,1
26.15,12.76,3,0.108,0
33.84,3.1,1,0.216,2
222.78,1.46,2,0.075,1
27.13,15.11,3,0.119,0
25.59,0.73,1,0.016,2
227.37,0.88,3,0.035,1
26.12,1.7,1,0.02,2
225.56,2.14,3,0.011,1
225.69,3.35,3,0.049,1
25.11,9.93,3,0.04,0
248.59,2.75,1,0.036,1
175.73,2.09,2,0.0,1
30.81,10.2,3,0.097,0
19.23,1.12,1,0.021,2
216.34,2.03,2,0.09,1
25.99,1.07,1,0.042,2
210.42,2.55,2,0.098,1
192.7,2.02,3,0.047,1
28.78,9.65,4,0.019,0
21.85,0.33,1,0.039,2
27.76,14.73,3,0.067,0
37.93,13.54,3,0.119,0
24.33,10.0,4,0.111,0
22.14,1.65,1,0.032,2
30.62,0.99,1,0.006,2
32.43,12.23,4,0.115,0
52.16,3.32,2,0.116,2
55.97,2.49,2,0.383,3
37.49,8.51,3,0.0,0
205.03,1.82,3,0.02,1
42.37,4.33,2,0.32,3
194.35,1.64,2,0.008,1
52.55,2.38,2,0.243,3
42.41,2.75,1,0.342,3
241.37,2.26,2,0.054,1
16.07,0.67,1,0.0,2
35.14,12.4,2,0.248,0
24.35,0.46,1,0.02,2
195.05,2.4,2,0.0,1
27.06,8.46,3,0.092,0
33.52,3.14,1,0.251,3
26.75,9.82,1,0.101,2
59.95,2.99,2,0.389,3
210.38,1.92,2,0.059,1
58.57,2.34,2,0.31,3
52.34,2.35,2,0.43,3
23.59,12.74,2,0.085,0
37.59,1.48,1,0.027,2
33.41,8.33,3,0.087,0
59.72,3.85,3,0.24,3
18.43,0.71,1,0.042,2
198.72,1.86,1,0.046,1
45.34,1.97,1,0.32,3
42.79,1.99,2,0.375,3
49.26,3.37,2,0.318,3
180.12,2.98,2,0.043,1
27.28,0.39,1,0.034,2
53.35,9.91,3,0.079,0
33.77,3.51,2,0.221,3
37.79,2.79,2,0.337,3
208.38,1.76,2,0.031,1
168.91,1.75,2,0.077,1
34.3,17.28,2,0.115,0
180.85,3.49,1,0.064,1
31.17,0.89,1,0.024,2
222.95,2.04,1,0.007,1
241.84,2.87,3,0.0,1
33.05,1.17,1,0.012,2
49.45,3.1,2,0.354,3
30.91,8.52,3,0.042,0
187.73,2.34,3,0.048,1
31.89,1.68,1,0.079,2
254.03,2.57,2,0.085,1
140.76,2.2,2,0.033,1
225.25,2.03,1,0.003,1
28.55,0.62,1,0.0,2
29.21,10.82,3,0.11,0
219.43,1.55,3,0.026,1
236.99,1.37,2,0.051,1
181.88,2.69,1,0.008,1
46.8,3.04,2,0.327,3
38.74,3.27,2,0.437,3
59.16,2.16,2,0.468,3
24.73,2.85,2,0.349,3
219.23,2.38,1,0.083,1
39.45,11.01,3,0.074,0
29.84,1.19,1,0.074,2
60.52,3.58,2,0.321,3
37.92,0.7,2,0.336,3
166.04,2.55,2,0.054,1
36.09,3.48,2,0.319,3
220.3,1.62,1,0.086,1
152.47,1.66,1,0.034,1
215.42,2.04,2,0.064,1
19.19,1.28,2,0.048,2
229.83,2.08,3,0.047,1
198.73,2.36,1,0.045,1
33.6,2.87,2,0.279,3
41.94,2.16,2,0.297,3
157.43,2.32,2,0.036,1
187.76,2.28,2,0.065,1
214.33,1.91,2,0.001,1
32.82,10.69,4,0.163,0
202.34,1.79,2,0.049,1
217.88,2.98,2,0.0,1
184.86,2.5,2,0.0,1
54.83,4.3,3,0.341,3
23.38,1.4,1,0.089,2
40.4,12.73,3,0.091,0
27.84,8.74,2,0.108,0
226.15,1.41,2,0.047,1
32.26,13.48,2,0.177,0
41.1,3.0,2,0.205,3
19.74,1.01,1,0.018,2
228.45,1.94,3,0.023,1
32.84,14.53,3,0.114,0
51.41,14.13,4,0.04,0
41.95,3.0,3,0.482,3
35.85,3.28,2,0.266,3
49.07,3.49,2,0.357,3
29.09,9.9,3,0.142,0
42.43,3.19,2,0.38,3
66.04,2.36,2,0.238,3
38.16,11.31,3,0.004,0
222.76,1.95,1,0.063,1
27.43,0.87,1,0.026,2
40.77,2.49,2,0.418,3
191.67,2.67,2,0.025,1
248.44,1.82,3,0.037,1
56.58,2.16,1,0.457,3
16.86,0.88,1,0.005,2
41.34,14.01,3,0.073,0
175.69,3.4,2,0.042,1
61.44,3.3,2,0.3,3
208.07,1.8,2,0.019,1
35.74,12.9,2,0.167,0
163.35,2.07,2,0.043,1
35.71,1.0,1,0.0,2
62.19,11.31,3,0.075,0
64.96,2.94,3,0.411,3
34.53,13.2,5,0.05,0
41.55,11.09,4,0.133,0
212.48,1.72,1,0.037,1
33.98,12.2,4,0.136,0
33.39,1.17,1,0.012,2
37.8,4.54,2,0.32,3
36.76,14.61,2,0.075,0
181.51,2.41,2,0.066,1
21.69,0.76,1,0.023,2
193.25,0.29,2,0.058,1
27.93,13.28,4,0.054,0
217.26,1.58,2,0.022,1
184.0,1.45,2,0.014,1
35.77,14.09,2,0.108,0
57.72,3.95,2,0.345,3
230.24,2.84,3,0.023,1
33.4,2.94,2,0.376,3
48.52,13.7,3,0.106,0
40.84,12.26,3,0.095,0
35.5,12.78,3,0.073,0
28.42,8.95,3,0.086,0
201.12,2.62,2,0.023,1
213.07,1.83,2,0.037,1
15.04,1.11,2,0.0,2
148.25,2.68,2,0.023,1
36.34,18.53,3,0.13,0
200.91,2.07,1,0.081,1
24.76,12.41,4,0.123,0
165.59,1.94,2,0.048,1
49.64,2.18,3,0.508,3
211.56,2.29,1,0.087,1
48.02,2.26,2,0.309,3
199.87,1.91,2,0.021,1
24.42,13.58,3,0.143,0
41.01,8.48,2,0.089,0
28.84,13.36,2,0.032,0
33.77,14.55,2,0.049,0
202.67,2.65,3,0.064,1
29.85,14.82,4,0.09,0
27.35,12.04,3,0.096,0
48.55,10.81,3,0.081,0
15.66,1.12,1,0.011,2
199.96,2.09,2,0.039,1
32.13,9.67,2,0.155,0
181.75,2.06,2,0.111,1
230.1,2.31,2,0.043,1
197.61,2.12,1,0.086,1
25.38,4.79,3,0.4,3
33.31,6.44,2,0.155,3
200.17,2.03,2,0.005,1
37.85,1.13,1,0.053,2
43.2,14.33,3,0.13,0
200.06,1.78,2,0.031,1
22.86,0.88,1,0.012,2
22.88,0.73,1,0.022,2
36.0,11.05,3,0.162,0
276.51,1.37,2,0.111,1
210.79,1.41,2,0.035,1
45.14,2.27,2,0.41,3
37.29,5.34,3,0.217,3
48.42,3.63,2,0.394,3
36.05,15.26,4,0.159,0
48.54,10.93,2,0.145,0
224.97,1.38,2,0.052,1
44.18,2.15,3,0.281,3
29.01,0.99,1,0.018,2
26.28,0.75,1,0.015,2
37.42,2.17,2,0.4,3
20.57,0.66,1,0.002,2
45.22,14.97,3,0.087,0
25.45,1.37,2,0.013,2
165.57,1.81,2,0.075,1
23.64,0.84,1,0.036,2
57.53,1.6,1,0.275,3
24.84,9.91,3,0.118,0
30.15,1.97,1,0.01,2
42.84,2.79,2,0.353,3
9.95,1.82,1,0.033,2
170.01,1.43,2,0.021,1
237.54,1.45,2,0.038,1
133.58,2.63,2,0.08,1
35.46,3.12,3,0.3,3
25.88,0.62,1,0.023,2
24.95,9.73,4,0.082,0
21.95,12.5,3,0.111,0
41.11,2.45,2,0.483,3
207.69,2.73,2,0.054,1
25.4,1.77,1,0.005,2
21.56,9.0,3,0.067,0
17.03,1.14,2,0.015,2
43.97,3.02,2,0.329,3
50.73,3.2,3,0.253,3
33.5,10.72,3,0.1,0
230.36,2.2,2,0.06,1
184.06,2.73,3,0.056,1
44.99,3.93,2,0.336,3
46.61,11.66,4,0.167,0
30.89,0.48,2,0.0,2
39.22,11.91,3,0.109,0
26.31,1.67,1,0.016,2
219.42,1.96,2,0.037,1
47.96,1.86,1,0.273,3
23.19,1.73,1,0.014,2
38.86,12.1,3,0.1,0
30.17,10.74,3,0.108,0
201.94,2.49,3,0.077,1
45.54,3.26,2,0.418,3
259.13,2.52,2,0.039,1
45.87,12.35,4,0.095,0
47.86,11.87,3,0.081,0
40.03,13.25,4,0.173,0
248.31,1.99,3,0.053,1
10.7,0.96,1,0.011,2
251.69,2.34,3,0.086,1
42.4,2.04,1,0.377,3
35.82,9.24,2,0.145,0
32.92,2.14,1,0.0,2
12.25,0.76,1,0.0,2
168.69,1.57,2,0.011,1
190.42,1.82,2,0.062,1
180.15,2.51,2,0.087,1
227.28,0.83,2,0.128,1
45.99,2.74,2,0.435,3
32.7,11.78,5,0.149,0
44.04,2.48,2,0.402,3
29.53,11.51,3,0.036,0
211.61,1.83,1,0.04,1
48.81,3.34,2,0.341,3
20.22,1.23,1,0.071,2
38.47,10.53,3,0.093,0
209.24,2.18,2,0.067,1
25.41,15.95,2,0.091,0
16.75,1.18,1,0.003,2
226.54,2.45,2,0.048,1
43.0,9.76,3,0.101,0
20.58,1.43,1,0.0,2
29.52,0.6,1,0.0,2
35.68,3.28,1,0.407,3
211.41,2.33,2,0.068,1
183.68,1.82,2,0.068,1
178.56,1.59,1,0.027,1
34.96,14.29,4,0.067,0
42.16,16.14,4,0.058,0
37.49,10.97,3,0.097,0
163.83,1.73,1,0.077,1
23.58,1.53,1,0.001,2
207.87,2.46,3,0.039,1
38.62,13.33,2,0.07,0
27.0,5.53,2,0.125,2
41.28,3.79,3,0.401,3
23.92,11.43,5,0.184,0
42.11,13.51,3,0.041,0
16.68,9.2,3,0.016,0
56.53,3.84,2,0.407,3
30.75,1.1,1,0.016,2
46.53,12.71,3,0.085,0
40.67,18.85,4,0.077,0
38.78,12.67,2,0.087,0
34.97,11.74,1,0.136,0
34.25,12.38,4,0.166,0
48.18,2.33,2,0.242,3
258.42,1.91,2,0.072,1
40.61,1.76,2,0.465,3
208.44,2.76,2,0.048,1
20.66,1.35,1,0.051,2
47.81,1.92,2,0.257,3
17.55,1.75,1,0.009,2
59.42,2.06,3,0.265,3
39.64,10.65,3,0.086,0
41.58,11.48,1,0.028,2
31.98,11.96,3,0.05,0
46.22,1.73,2,0.296,3
204.42,2.5,3,0.043,1
22.71,2.79,2,0.416,3
50.04,3.11,2,0.167,3
53.74,4.24,3,0.301,3
52.54,3.23,2,0.356,3
186.48,1.44,3,0.053,1
42.57,3.64,2,0.267,3
30.68,6.58,3,0.067,0
15.48,1.28,1,0.005,2
182.82,3.23,2,0.081,1
27.54,11.81,2,0.085,0
210.69,2.48,1,0.053,1
42.89,2.17,2,0.267,3
238.68,1.6,1,0.064,1
44.29,2.98,3,0.28,3
205.17,2.02,3,0.021,1
207.61,1.36,2,0.068,1
37.15,11.44,2,0.062,0
35.14,9.84,4,0.109,0
47.88,12.49,3,0.125,0
239.18,3.81,2,0.022,1
222.8,2.42,3,0.055,1
169.05,2.46,3,0.068,1
59.71,2.92,2,0.261,3
34.3,3.42,2,0.45,3
38.14,9.66,2,0.138,0
231.48,1.13,2,0.033,1
39.09,10.17,3,0.068,0
41.82,12.67,3,0.125,0
17.51,2.01,2,0.315,3
34.69,12.41,2,0.127,0
27.61,1.05,2,0.055,2
53.87,2.52,2,0.384,3
155.93,2.47,2,0.095,1
45.8,13.27,3,0.125,0
56.6,3.4,2,0.297,3
21.91,1.4,1,0.028,2
194.01,2.17,2,0.045,1
43.48,3.54,1,0.497,3
39.8,3.44,2,0.477,3
35.99,2.96,3,0.299,3
195.32,2.99,3,0.049,1
40.8,3.41,2,0.469,3
38.78,13.03,3,0.125,0
42.81,3.23,2,0.39,3
47.64,3.54,2,0.318,3
60.67,3.79,2,0.283,3
37.95,13.28,2,0.076,0
167.58,1.99,1,0.069,1
235.41,1.77,2,0.027,1
41.9,15.09,4,0.08,0
56.34,9.64,4,0.112,0
39.77,3.9,1,0.329,3
25.58,10.68,2,0.062,0
165.1,1.33,1,0.081,1
39.29,3.22,2,0.248,3
45.98,2.02,2,0.334,3
40.41,2.88,3,0.381,3
149.86,2.33,1,0.067,1
215.91,3.17,2,0.046,1
206.93,1.34,3,0.084,1
40.15,1.85,2,0.235,3
52.0,2.78,2,0.351,3
32.59,6.74,4,0.059,0
182.89,3.46,3,0.074,1
35.49,0.82,1,0.002,2
45.42,3.2,1,0.412,3
202.65,2.39,3,0.044,1
25.92,11.66,2,0.139,0
233.29,1.53,2,0.093,1
49.44,3.17,2,0.358,3
45.87,1.94,1,0.443,3
50.31,3.17,1,0.39,3
43.83,12.94,4,0.085,0
33.01,1.2,1,0.031,2
39.82,13.94,2,0.105,0
196.41,2.32,3,0.021,1
52.81,4.08,2,0.415,3
229.69,1.37,3,0.041,1
26.68,1.14,1,0.022,2
182.91,3.05,3,0.032,1
31.74,3.15,3,0.418,3
23.73,0.87,1,0.0,2
31.51,11.85,4,0.115,0
39.52,16.3,3,0.046,0
23.52,16.32,3,0.149,0
43.01,3.89,2,0.332,3
25.31,1.19,1,0.015,2
28.14,10.69,2,0.096,0
46.92,2.36,1,0.282,3
50.06,1.93,2,0.408,3
133.46,1.53,1,0.094,1
188.06,1.84,3,0.057,1
21.64,1.16,1,0.032,2
31.82,13.3,4,0.156,0
201.35,2.34,2,0.062,1
222.37,2.06,2,0.055,1
42.79,7.14,2,0.138,0
48.81,14.11,2,0.169,0
7.39,11.25,1,0.084,2
229.97,2.05,2,0.033,1
31.84,17.19,2,0.121,0
145.93,2.38,2,0.0,1
20.66,1.06,1,0.005,2
49.32,2.87,2,0.339,3
52.68,3.99,2,0.526,3
21.35,0.35,1,0.014,2
13.03,1.05,1,0.023,2
224.98,1.73,2,0.064,1
29.78,1.6,1,0.0,2
43.0,1.61,2,0.324,3
34.99,2.9,2,0.453,3
209.32,2.06,1,0.019,1
43.52,2.68,2,0.235,3
29.08,1.11,2,0.038,2
179.62,2.19,3,0.052,1
41.74,2.31,2,0.431,3
199.3,3.01,2,0.04,1
19.8,1.08,1,0.0,2
191.42,1.94,1,0.063,1
31.0,9.46,3,0.105,0
181.52,1.4,2,0.058,1
37.6,14.59,3,0.133,0
24.91,13.68,4,0.144,0
40.43,12.14,4,0.105,0
198.2,3.49,2,0.039,1
28.06,1.38,2,0.054,2
162.2,1.59,2,0.063,1
39.39,3.66,2,0.568,3
35.77,2.74,2,0.38,3
33.42,11.47,2,0.104,0
183.64,3.02,2,0.016,1
173.37,2.48,1,0.003,1
34.82,12.23,3,0.147,0
29.11,11.33,2,0.072,0
35.18,14.35,4,0.135,0
33.58,3.91,2,0.272,3
209.87,2.02,1,0.023,1
39.38,4.47,3,0.215,3
57.36,3.06,2,0.297,3
212.38,1.2,2,0.03,1
29.71,0.69,1,0.0,2
50.52,3.41,2,0.418,3
28.45,17.61,4,0.17,0
39.54,12.55,3,0.189,0
27.08,1.13,2,0.0,2
43.4,3.09,2,0.297,3
35.4,11.12,4,0.086,0
29.93,10.06,3,0.093,0
23.71,2.62,2,0.427,3
24.94,10.47,3,0.113,0
61.29,2.39,2,0.359,3
23.73,0.68,1,0.0,2
29.1,1.18,1,0.026,2
178.29,2.52,3,0.056,1
25.75,0.47,1,0.042,2
35.41,13.89,3,0.082,0
51.58,3.03,2,0.228,3
29.35,10.76,2,0.125,0
41.93,13.42,2,0.126,0
29.74,0.8,1,0.079,2
20.92,1.32,1,0.0,2
37.43,3.74,2,0.422,3
206.48,2.24,3,0.057,1
43.63,1.83,2,0.296,3
21.08,12.28,4,0.101,0
48.94,1.48,2,0.471,3
34.07,2.78,1,0.309,3
43.66,16.32,2,0.121,0
221.31,1.34,1,0.048,1
28.16,17.03,2,0.068,0
62.84,3.3,3,0.332,3
16.13,0.82,1,0.061,2
59.03,1.85,1,0.461,3
147.82,2.27,2,0.041,1
22.99,1.16,1,0.018,2
229.95,1.4,2,0.033,1
208.96,1.86,2,0.121,1
37.18,9.41,4,0.031,0
39.0,2.87,2,0.453,3
47.86,3.16,2,0.53,3
204.2,1.29,3,0.029,1
23.91,0.96,1,0.046,2
25.71,11.24,3,0.12,0
32.56,11.01,3,0.147,0
34.75,8.67,3,0.063,0
193.22,2.16,1,0.063,1
33.83,10.81,2,0.062,0
29.76,1.05,1,0.011,2
17.61,1.16,1,0.019,2
187.1,1.55,2,0.092,1
173.34,2.31,2,0.045,1
30.95,15.13,4,0.126,0
23.71,12.95,3,0.087,0
43.61,3.14,3,0.268,3
227.06,1.67,2,0.025,1
15.1,1.08,1,0.0,2
43.51,4.12,2,0.309,3
38.65,4.74,1,0.304,3
27.68,1.17,1,0.0,2
63.51,1.78,2,0.466,3
38.08,2.61,3,0.261,3
52.68,3.93,2,0.366,3
21.24,0.58,2,0.037,2
41.27,3.36,2,0.258,3
22.12,0.6,2,0.019,2
22.86,0.74,1,0.003,2
34.79,10.8,3,0.103,0
214.59,2.37,2,0.074,1
55.45,3.02,3,0.284,3
20.71,0.56,1,0.051,2
174.14,2.26,2,0.059,1
231.94,2.23,2,0.046,1
44.75,3.32,2,0.284,3
31.4,1.33,1,0.014,2
46.91,13.23,4,0.059,0
163.3,1.76,2,0.055,1
36.27,14.36,1,0.089,0
46.51,4.08,1,0.507,3
28.23,2.87,3,0.279,3
29.24,4.05,2,0.265,3
224.16,1.76,2,0.069,1
26.74,0.65,1,0.017,2
26.37,0.87,1,0.0,2
35.05,12.6,3,0.055,0
36.08,0.86,1,0.026,2
34.65,2.84,2,0.435,3
28.23,0.53,2,0.02,2
42.84,3.3,2,0.351,3
57.56,2.68,2,0.482,3
48.74,3.42,2,0.299,3
211.77,1.5,3,0.06,1
201.9,1.86,2,0.098,1
38.99,2.02,2,0.41,3
46.88,13.49,5,0.076,0
32.61,14.09,2,0.094,0
223.73,1.58,3,0.011,1
20.79,1.14,2,0.021,2
202.66,2.05,3,0.069,1
20.18,1.4,1,0.029,2
31.01,9.91,3,0.095,0
34.9,1.08,1,0.032,2
51.32,14.94,4,0.094,0
25.44,10.58,4,0.1,0
30.78,11.76,2,0.042,0
208.16,2.02,2,0.031,1
60.11,2.96,2,0.428,3
40.28,13.75,3,0.082,0
65.95,2.87,2,0.37,3
32.99,10.74,4,0.131,0
42.28,15.23,3,0.123,0
54.96,3.79,3,0.347,3
39.99,13.48,1,0.053,0
28.32,1.23,1,0.037,2
50.63,14.88,5,0.15,0
35.7,10.4,4,0.077,0
178.94,2.91,3,0.037,1
25.75,0.91,1,0.017,2
43.74,12.6,3,0.071,0
26.22,1.53,1,0.0,2
271.01,1.99,1,0.005,1
30.73,10.47,4,0.105,0
215.12,2.87,2,0.102,1
33.11,3.85,3,0.281,3
34.83,14.75,3,0.148,0
182.46,2.23,1,0.075,1
43.24,12.32,4,0.162,0
177.63,1.58,2,0.014,1
196.7,0.84,3,0.063,1
232.26,2.52,3,0.073,1
39.32,1.51,3,0.31,3
218.71,1.74,2,0.05,1
17.64,15.26,3,0.133,0
189.08,2.84,1,0.097,1
25.17,12.85,3,0.093,0
243.04,1.19,1,0.066,1
21.0,3.39,2,0.402,3
275.95,2.03,2,0.035,1
28.36,0.64,1,0.0,2
233.3,1.31,2,0.082,1
199.1,2.43,3,0.025,1
53.55,2.9,2,0.457,3
58.97,2.89,2,0.424,3
37.36,6.64,2,0.103,2
211.63,2.49,2,0.007,1
249.23,1.45,2,0.007,1
48.55,12.24,3,0.138,0
298.15,3.05,3,0.062,1
176.08,2.1,2,0.0,1
199.35,1.53,3,0.035,1
46.37,2.95,2,0.336,3
214.87,2.11,2,0.062,1
58.51,3.67,2,0.422,3
24.52,1.61,1,0.0,2
14.26,1.93,1,0.019,2
24.64,0.67,1,0.027,2
24.03,1.07,1,0.01,2
217.77,3.06,1,0.031,1
14.93,9.94,4,0.119,0
54.01,2.4,3,0.342,3
226.63,1.42,1,0.083,1
48.83,2.81,3,0.251,3
49.84,2.78,1,0.205,2
48.37,13.87,2,0.094,0
168.47,2.41,1,0.001,1
12.86,3.22,1,0.402,3
38.32,9.96,3,0.034,0
224.57,1.32,1,0.077,1
56.59,3.34,2,0.306,3
55.77,2.93,1,0.291,3
29.01,17.38,3,0.102,0
32.25,14.18,2,0.107,0
25.39,0.66,1,0.017,2
37.2,3.87,2,0.312,3
23.16,12.82,4,0.131,0
248.89,2.49,3,0.026,1
195.23,1.28,2,0.055,1
23.21,15.07,1,0.116,0
56.95,3.54,2,0.38,3
27.08,12.62,4,0.141,0
157.05,1.78,2,0.09,1
43.94,3.04,1,0.346,3
26.73,1.31,1,0.0,2
198.96,0.39,2,0.051,1
29.33,0.82,1,0.024,2
54.04,2.37,2,0.356,3
46.45,2.1,2,0.296,3
40.4,11.34,4,0.122,0
37.02,14.76,3,0.062,0
32.82,10.39,3,0.09,0
223.32,0.88,1,0.102,1
23.36,1.59,1,0.0,2
212.62,2.02,1,0.055,1
48.6,9.38,3,0.083,0
53.66,3.78,2,0.427,3
51.01,3.68,2,0.4,3
207.61,0.8,2,0.11,1
16.91,0.86,1,0.038,2
41.14,7.96,3,0.091,0
184.47,1.53,2,0.035,1
175.63,2.66,2,0.05,1
207.14,2.68,2,0.047,1
21.01,1.51,1,0.0,2
284.69,1.73,1,0.078,1
29.19,6.65,2,0.107,2
39.69,3.71,2,0.349,3
22.21,10.92,2,0.103,0
25.27,12.45,2,0.03,0
208.04,1.85,1,0.071,1
170.3,2.0,1,0.033,1
182.15,1.78,3,0.061,1
45.9,2.24,2,0.325,3
35.75,11.17,3,0.064,0
256.0,1.82,3,0.104,1
47.37,3.03,2,0.451,3
222.93,1.96,1,0.107,1
27.01,11.33,3,0.157,0
163.83,2.4,2,0.074,1
43.53,10.34,3,0.135,0
23.52,0.25,1,0.034,2
218.91,1.73,2,0.044,1
44.18,3.07,2,0.385,3
44.5,1.71,2,0.261,3
250.5,1.85,3,0.053,1
33.46,9.94,2,0.145,0
31.14,1.62,1,0.025,2
54.85,4.13,1,0.31,3
204.37,1.66,2,0.092,1
28.89,16.98,4,0.123,0
190.77,1.56,2,0.072,1
43.14,13.53,4,0.0,0
65.41,1.98,3,0.362,3
32.56,11.01,3,0.057,0
43.37,3.27,3,0.319,3
31.99,3.59,3,0.356,3
171.1,2.4,2,0.041,1
31.66,10.6,3,0.056,0
203.93,2.14,3,0.047,1
181.57,0.97,2,0.073,1
53.97,3.16,1,0.321,3
38.18,0.88,2,0.479,3
46.13,3.22,3,0.456,3
43.58,2.46,2,0.41,3
31.36,1.0,1,0.014,2
43.34,4.06,3,0.368,3
26.75,0.26,2,0.032,2
44.4,2.12,2,0.43,3
164.28,3.41,3,0.004,1
29.24,4.03,2,0.289,3
173.51,3.24,2,0.109,1
52.72,3.74,2,0.319,3
50.87,6.54,3,0.04,0
36.14,9.69,3,0.182,0
201.35,2.26,3,0.026,1
47.15,3.05,2,0.395,3
56.71,11.88,4,0.068,0
238.74,1.79,2,0.026,1
151.49,1.62,2,0.002,1
162.8,1.91,2,0.031,1
194.18,3.51,2,0.033,1
53.07,3.08,2,0.348,3
31.59,12.11,4,0.089,0
26.91,2.17,2,0.497,3
151.41,1.96,2,0.024,1
16.25,11.22,4,0.135,0
209.32,0.22,1,0.024,1
256.52,1.71,3,0.048,1
31.01,9.51,2,0.062,0
49.43,3.16,2,0.407,3
26.54,12.97,3,0.14,0
33.99,0.66,1,0.024,2
36.75,10.98,3,0.089,0
41.05,16.1,2,0.084,0
35.45,12.14,1,0.066,0
32.05,0.37,1,0.0,2
217.46,2.19,3,0.047,1
52.03,3.07,2,0.397,3
23.6,13.86,3,0.022,0
177.58,2.66,2,0.076,1
16.26,1.42,1,0.013,2
26.36,0.54,2,0.031,2
24.7,13.17,3,0.111,0
48.55,3.39,3,0.355,3
27.53,8.64,3,0.068,0
168.93,1.48,2,0.096,1
35.69,3.23,2,0.508,3
32.48,2.93,2,0.368,3
38.14,11.88,3,0.084,0
17.55,0.88,2,0.012,2
20.09,1.46,1,0.015,2
51.76,2.79,2,0.39,3
19.18,0.2,1,0.017,2
34.66,12.51,2,0.066,0
183.09,1.26,2,0.073,1
207.99,1.62,1,0.115,1
29.62,10.61,2,0.126,0
208.84,2.21,2,0.067,1
188.94,2.36,2,0.027,1
27.46,1.2,1,0.016,2
32.77,14.35,4,0.068,0
25.12,9.03,3,0.116,0
46.96,16.51,4,0.072,0
24.4,0.88,1,0.048,2
28.63,3.7,2,0.218,3
29.75,15.2,1,0.133,0
57.43,3.74,2,0.415,3
34.37,14.14,3,0.072,0
46.31,1.92,2,0.39,3
19.09,1.3,1,0.012,2
47.79,3.37,1,0.311,3
137.31,1.79,2,0.0,1
26.4,11.99,4,0.116,0
31.15,13.97,3,0.065,0
179.24,3.17,2,0.056,1
214.31,2.91,2,0.028,1
196.43,1.08,3,0.011,1
40.37,3.49,2,0.276,3
202.26,1.81,2,0.063,1
33.79,16.16,3,0.078,0
49.37,1.79,2,0.312,3
51.46,3.99,2,0.478,3
55.41,1.38,2,0.425,3
39.5,3.26,2,0.481,3
31.78,0.78,1,0.015,2
23.82,1.24,1,0.018,2
148.19,2.12,2,0.049,1
19.63,1.34,1,0.012,2
221.99,2.94,2,0.097,1
23.34,1.18,1,0.04,2
185.69,2.01,1,0.028,1
24.95,0.92,1,0.03,2
33.74,0.2,1,0.008,2
212.41,2.59,3,0.05,1
57.27,2.92,2,0.343,3
45.02,2.81,2,0.385,3
40.98,14.4,4,0.042,0
26.48,12.73,3,0.106,0
206.89,1.56,1,0.013,1
35.05,14.28,3,0.119,0
216.96,2.09,1,0.092,1
20.81,0.78,1,0.006,2
34.9,12.74,2,0.104,0
30.98,3.81,2,0.318,3
40.42,2.12,2,0.217,3
50.76,3.59,2,0.459,3
182.53,1.47,1,0.044,1
43.22,10.34,1,0.044,2
43.35,4.78,1,0.371,3
191.85,2.15,2,0.018,1
213.03,2.09,3,0.054,1
24.31,1.18,1,0.036,2
58.87,1.76,3,0.439,3
48.16,3.32,2,0.303,3
37.5,10.6,2,0.124,0
246.25,2.77,2,0.063,1
38.86,11.53,3,0.059,0
24.87,0.71,1,0.035,2
47.16,11.4,4,0.039,0
205.86,1.79,2,0.064,1
182.57,1.28,2,0.012,1
168.97,2.04,3,0.057,1
230.08,2.73,2,0.048,1
182.83,2.23,2,0.066,1
198.27,2.73,4,0.079,1
19.84,0.44,1,0.039,2
33.81,1.0,1,0.0,2
37.93,2.31,2,0.435,3
187.5,2.41,1,0.025,1
38.53,4.16,3,0.383,3
40.72,7.87,2,0.064,0
20.07,1.08,1,0.0,2
34.27,8.21,4,0.05,0
20.31,1.42,1,0.068,2
198.14,1.87,2,0.069,1
184.66,1.68,3,0.027,1
30.12,0.8,1,0.019,2
258.55,1.62,2,0.098,1
53.19,3.22,2,0.362,3
205.52,2.62,2,0.0,1
26.5,9.66,2,0.203,0
218.08,0.66,2,0.061,1
40.61,13.71,4,0.033,0
41.5,12.06,3,0.082,0
52.06,3.79,2,0.308,3
33.71,12.87,2,0.081,0
46.23,4.3,2,0.291,3
47.62,1.83,2,0.354,3
28.85,9.4,3,0.139,0
55.67,3.32,2,0.101,2
170.97,2.14,2,0.012,1
43.33,13.43,4,0.06,0
31.81,1.14,1,0.029,2
37.37,0.93,1,0.045,2
26.73,0.93,1,0.05,2
26.55,1.4,1,0.021,2
38.56,15.39,3,0.096,0
45.48,11.47,3,0.026,0
44.82,13.55,4,0.122,0
19.38,0.74,1,0.037,2
49.6,2.53,2,0.361,3
41.69,2.07,2,0.33,3
23.69,10.25,4,0.154,0
187.08,1.82,3,0.065,1
142.3,2.51,2,0.0,1
29.87,1.17,1,0.0,2
41.16,2.64,3,0.359,3
181.37,2.25,1,0.0,1
5.19,0.96,1,0.032,2
24.94,0.6,2,0.0,2
33.26,0.2,1,0.025,2
212.13,2.94,2,0.019,1
24.61,0.79,1,0.031,2
169.79,1.57,2,0.023,1
184.4,2.51,2,0.091,1
38.18,0.78,1,0.0,2
25.88,1.14,1,0.0,2
38.83,1.97,2,0.267,3
19.05,6.28,4,0.129,0
41.75,3.1,2,0.364,3
36.83,2.85,2,0.263,3
47.01,13.79,5,0.125,0
16.18,1.26,1,0.043,2
175.14,1.66,3,0.083,1
33.29,13.55,3,0.1,0
24.8,0.68,1,0.021,2
234.18,1.06,3,0.067,1
30.41,2.29,2,0.185,3
199.93,1.24,2,0.065,1
149.7,1.25,2,0.057,1
194.42,2.06,2,0.062,1
36.75,10.65,4,0.12,0
34.76,11.12,2,0.09,0
213.2,2.82,2,0.063,1
244.64,2.22,2,0.067,1
44.21,3.97,3,0.249,3
40.32,2.66,2,0.322,3
41.52,15.24,2,0.151,0
30.65,14.85,4,0.028,0
41.51,2.78,1,0.283,3
46.81,3.23,2,0.355,3
75.08,1.97,2,0.258,3
34.05,12.72,3,0.09,0
51.39,3.97,2,0.432,3
148.37,2.59,2,0.008,1
38.1,3.7,2,0.248,3
37.22,8.73,4,0.036,0
46.83,3.78,2,0.255,3
40.35,11.48,3,0.05,0
34.28,1.51,2,0.382,3
56.15,2.14,2,0.38,3
31.85,3.37,2,0.258,3
205.78,2.2,2,0.023,1
187.12,1.2,1,0.066,1
29.6,1.15,1,0.021,2
31.91,11.99,2,0.032,0
231.87,2.6,2,0.018,1
232.29,2.08,3,0.045,1
236.43,2.43,3,0.0,1
24.4,0.52,1,0.012,2
16.44,1.67,1,0.0,2
29.17,2.22,2,0.434,3
36.74,13.01,3,0.092,0
29.68,4.37,2,0.312,3
35.63,13.07,2,0.135,0
52.83,4.01,2,0.297,3
24.57,14.96,2,0.088,0
20.42,10.6,3,0.182,0
34.51,12.0,3,0.13,0
35.15,1.85,3,0.424,3
264.98,2.76,3,0.061,1
34.63,12.97,3,0.139,0
33.12,8.94,3,0.081,0
152.76,1.99,2,0.067,1
25.72,1.35,1,0.032,2
215.1,1.06,2,0.092,1
35.6,12.05,3,0.112,0
244.83,2.27,2,0.071,1
187.97,1.75,1,0.077,1
43.36,2.91,1,0.373,3
47.57,2.59,2,0.347,3
40.88,13.89,3,0.101,0
27.97,13.52,3,0.088,0
212.16,1.67,1,0.059,1
164.35,3.07,1,0.036,1
40.31,13.15,3,0.15,0
59.02,3.15,1,0.323,3
34.63,10.43,3,0.151,0
22.23,1.35,2,0.013,2
46.75,2.98,3,0.354,3
31.3,3.09,2,0.409,3
21.93,13.99,2,0.089,0
47.47,3.62,3,0.339,3
42.19,6.2,3,0.073,0
160.3,2.14,2,0.083,1
27.52,14.11,4,0.18,0
34.5,15.29,2,0.113,0
205.91,1.37,2,0.038,1
36.82,9.61,2,0.098,0
45.71,6.24,2,0.459,3
40.87,13.59,2,0.096,0
57.38,1.93,2,0.283,3
38.47,0.28,1,0.043,2
44.93,12.97,4,0.126,0
169.99,1.69,2,0.098,1
27.46,12.93,4,0.049,0
29.88,16.42,3,0.086,0
219.7,2.87,2,0.005,1
39.26,6.93,3,0.11,0
41.64,2.92,1,0.375,3
20.72,0.6,1,0.011,2
186.06,1.38,1,0.047,1
40.22,0.79,1,0.037,2
25.6,12.14,3,0.101,0
214.86,2.09,2,0.076,1
21.11,15.12,1,0.031,0
46.16,9.9,3,0.132,0
49.64,9.37,2,0.062,0
21.32,1.43,1,0.018,2
256.09,1.7,1,0.044,1
202.13,2.51,2,0.041,1
13.83,0.68,1,0.01,2
37.14,2.67,1,0.319,3
212.23,1.86,1,0.067,1
36.37,11.03,3,0.198,0
41.83,3.83,1,0.207,2
34.97,14.04,3,0.188,0
23.34,0.97,1,0.0,2
39.51,2.84,2,0.333,3
22.79,1.35,1,0.036,2
172.39,1.71,1,0.036,1
204.0,1.88,1,0.04,1
49.68,3.3,2,0.168,3
220.43,2.29,2,0.102,1
56.12,2.01,2,0.361,3
20.99,0.99,2,0.0,2
50.31,2.8,2,0.238,3
18.59,1.27,1,0.021,2
214.95,3.1,2,0.029,1
42.59,17.04,3,0.062,0
168.67,2.87,3,0.042,1
36.79,3.05,1,0.368,3
37.89,13.48,3,0.047,0
56.67,3.9,1,0.483,3
19.23,1.26,1,0.049,2
34.23,14.08,4,0.15,0
55.01,3.22,1,0.364,3
38.7,4.35,2,0.316,3
23.45,15.56,2,0.139,0
48.29,2.96,1,0.249,3
20.24,1.48,1,0.038,2
33.64,11.02,4,0.143,0
47.99,3.27,2,0.271,3
220.97,1.92,2,0.05,1
45.82,2.88,2,0.46,3
218.45,1.64,2,0.0,1
201.44,1.5,1,0.072,1
42.24,2.91,2,0.286,3
26.72,13.49,3,0.1,0
183.32,1.44,2,0.029,1
24.84,0.59,1,0.0,2
40.43,14.23,3,0.087,0
33.87,14.15,3,0.093,0
43.4,7.4,3,0.121,0
38.19,13.52,3,0.104,0
49.62,3.97,3,0.358,3
35.18,2.53,2,0.344,3
176.05,2.51,2,0.065,1
46.03,2.16,1,0.378,3
203.86,3.3,2,0.085,1
171.8,2.11,1,0.05,1
192.78,2.53,1,0.0,1
34.1,1.49,2,0.328,3
32.75,11.18,3,0.098,0
31.5,14.36,4,0.05,0
32.58,8.41,3,0.087,0
206.82,2.06,2,0.018,1
20.19,0.48,2,0.0,2
251.0,1.46,1,0.055,1
47.94,3.83,3,0.405,3
42.99,3.12,2,0.223,3
175.43,2.16,2,0.062,1
32.63,1.38,1,0.036,2
224.73,2.01,1,0.049,1
31.74,8.63,4,0.06,0
52.84,3.69,2,0.331,3
21.05,10.99,3,0.097,0
42.85,3.07,2,0.342,3
41.36,11.36,4,0.071,0
39.29,3.29,2,0.458,3
21.65,1.41,1,0.046,2
39.58,11.45,2,0.063,0
39.66,11.19,3,0.069,0
198.95,1.81,1,0.011,1
43.74,14.36,3,0.196,0
23.45,0.86,1,0.0,2
34.73,3.37,3,0.416,3
46.05,3.03,3,0.34,3
32.34,1.41,1,0.0,2
35.76,8.73,4,0.155,0
207.26,1.66,1,0.013,1
52.06,3.13,3,0.141,3
43.67,3.81,2,0.308,3
195.73,2.18,2,0.085,1
36.76,19.5,4,0.205,0
25.36,0.44,1,0.029,2
31.34,10.03,2,0.107,0
43.82,14.22,3,0.0,0
35.68,12.43,4,0.172,0
34.63,3.55,1,0.299,3
172.07,2.04,2,0.019,1
194.05,3.19,1,0.088,1
56.34,2.49,2,0.368,3
56.16,3.34,2,0.309,3
219.15,2.19,2,0.084,1
30.07,1.86,1,0.041,2
36.74,3.53,1,0.32,3
195.03,1.9,1,0.102,1
148.79,2.33,2,0.012,1
13.47,1.26,1,0.003,2
31.42,13.23,4,0.054,0
19.61,0.95,1,0.005,2
218.25,2.02,1,0.033,1
32.02,7.66,2,0.108,0
20.44,0.7,1,0.043,2
208.11,1.19,2,0.034,1
200.1,2.58,1,0.06,1
37.36,12.03,1,0.083,0
35.94,11.36,3,0.086,0
47.83,13.95,4,0.037,0
41.75,13.33,2,0.038,0
34.89,3.5,2,0.175,3
20.58,1.02,2,0.0,2
50.17,2.58,2,0.137,2
37.52,9.1,3,0.112,0
29.37,3.72,3,0.241,3
54.69,2.4,2,0.339,3
223.76,3.24,2,0.021,1
21.85,1.86,2,0.024,2
201.32,1.56,2,0.082,1
34.96,14.14,3,0.119,0
31.89,7.73,3,0.141,0
46.63,15.28,4,0.069,0
30.58,12.73,2,0.126,0
155.57,3.4,1,0.039,1
190.2,2.6,2,0.045,1
40.16,10.8,2,0.06,0
37.48,16.19,3,0.145,0
34.33,2.57,1,0.306,3
229.05,3.56,2,0.055,1
225.86,1.31,3,0.061,1
212.63,1.7,2,0.079,1
38.43,9.84,3,0.052,0
226.12,2.22,2,0.045,1
51.44,2.68,1,0.352,3
54.33,11.33,4,0.13,0
34.88,13.81,3,0.15,0
184.25,2.82,2,0.078,1
39.75,11.28,3,0.115,0
206.94,2.82,2,0.056,1
43.85,10.45,4,0.128,0
186.68,2.53,3,0.033,1
55.2,3.34,1,0.338,3
252.91,1.94,2,0.066,1
52.73,3.94,1,0.361,3
216.81,1.68,1,0.033,1
157.73,2.75,2,0.084,1
43.08,3.06,3,0.518,3
27.45,0.71,1,0.0,2
46.1,3.66,3,0.457,3
48.6,2.31,2,0.377,3
235.9,3.31,1,0.052,1
35.72,8.66,5,0.14,0
41.11,11.22,3,0.091,0
22.44,9.54,3,0.117,0
21.85,1.42,1,0.0,2
24.82,14.32,4,0.086,0
21.08,0.66,1,0.009,2
37.77,11.5,1,0.104,2
51.91,3.18,2,0.392,3
20.48,9.45,3,0.021,0
50.0,2.59,2,0.326,3
29.78,10.59,4,0.039,0
37.22,12.79,3,0.137,0
51.59,3.06,2,0.122,2
37.78,0.82,1,0.002,2
256.71,2.23,1,0.022,1
212.36,1.88,1,0.053,1
168.08,1.31,2,0.023,1
184.64,1.95,2,0.064,1
23.82,1.74,1,0.015,2
205.26,2.8,1,0.034,1
34.19,11.33,1,0.121,2
44.6,8.01,2,0.103,0
47.89,2.19,2,0.347,3
176.68,0.86,2,0.032,1
35.73,14.82,3,0.078,0
14.42,12.38,3,0.084,0
43.31,12.38,2,0.054,0
22.84,14.13,2,0.126,0
40.81,4.18,1,0.33,3
159.98,3.21,2,0.032,1
34.83,0.95,1,0.0,2
41.17,12.71,4,0.114,0
27.33,0.83,1,0.028,2
28.65,4.48,2,0.524,3
189.22,1.88,2,0.044,1
166.5,1.67,2,0.013,1
39.28,12.27,3,0.116,0
52.46,11.32,1,0.11,2
34.38,14.72,4,0.124,0
39.62,1.34,2,0.3,3
24.78,1.48,1,0.032,2
21.32,1.58,1,0.022,2
42.16,3.79,2,0.413,3
183.29,2.04,1,0.045,1
228.98,2.01,3,0.044,1
38.32,16.17,4,0.187,0
37.37,13.19,3,0.109,0
33.87,2.3,3,0.218,3
55.95,3.71,2,0.353,3
57.05,3.32,2,0.385,3
29.83,0.5,1,0.0,2
43.36,4.08,2,0.371,3
51.48,2.07,2,0.378,3
28.43,12.45,4,0.043,0
32.24,2.24,1,0.208,2
194.13,1.94,2,0.055,1
36.5,12.13,4,0.046,0
32.12,12.56,5,0.131,0
23.97,12.97,3,0.024,0
23.6,10.81,3,0.132,0
45.62,11.92,3,0.053,0
55.73,4.14,2,0.248,3
42.49,1.68,1,0.324,3
174.19,2.6,2,0.015,1
51.8,2.29,2,0.418,3
48.65,3.92,2,0.426,3
57.82,3.09,2,0.496,3
192.54,1.58,2,0.079,1
29.4,10.48,2,0.097,0
56.45,2.1,2,0.33,3
43.86,15.04,2,0.139,0
201.55,2.95,1,0.021,1
35.16,1.89,2,0.333,3
37.05,7.71,3,0.148,0
139.19,1.86,1,0.02,1
34.33,1.25,2,0.444,3
36.47,11.1,3,0.1,0
187.33,1.79,2,0.06,1
44.51,2.58,3,0.295,3
32.33,13.19,4,0.117,0
169.8,1.54,2,0.044,1
48.85,3.47,1,0.124,2
211.49,1.48,2,0.026,1
12.01,0.91,1,0.009,2
52.75,2.68,3,0.395,3
19.88,1.31,1,0.04,2
29.3,2.03,2,0.34,3
32.33,15.14,3,0.132,0
17.97,1.32,1,0.037,2
22.21,0.97,1,0.001,2
24.87,1.19,1,0.014,2
191.82,2.8,2,0.081,1
198.0,1.47,2,0.021,1
44.34,8.4,4,0.082,0
35.55,14.84,3,0.115,0
189.12,1.69,2,0.008,1
50.8,14.91,3,0.099,0
59.77,2.7,2,0.324,3
33.62,3.78,2,0.276,3
175.21,1.79,2,0.035,1
25.29,11.88,3,0.132,0
39.72,11.24,4,0.051,0
46.17,16.52,4,0.082,0
264.07,3.05,1,0.079,1
182.92,1.63,2,0.038,1
201.92,2.03,2,0.09,1
45.8,1.78,1,0.291,3
33.34,12.02,5,0.063,0
50.84,16.1,3,0.094,0
199.45,1.29,1,0.06,1
27.0,12.57,4,0.126,0
38.07,4.48,2,0.422,3
178.79,2.81,3,0.053,1
29.64,1.43,2,0.304,3
213.52,2.86,1,0.091,1
226.7,2.61,2,0.064,1
143.93,2.39,2,0.037,1
46.85,3.08,3,0.27,3
35.89,2.42,2,0.396,3
203.21,1.56,2,0.016,1
28.11,8.31,4,0.029,0
230.73,2.05,1,0.043,1
46.25,8.88,3,0.134,0
67.27,1.56,1,0.451,3
238.44,1.85,1,0.041,1
43.93,13.75,3,0.15,0
38.41,3.43,2,0.336,3
224.33,2.71,2,0.034,1
33.43,13.49,4,0.069,0
38.0,2.46,3,0.322,3
44.45,3.05,2,0.483,3
224.91,3.32,2,0.035,1
35.55,13.4,2,0.048,0
47.0,4.15,2,0.533,3
29.52,13.39,2,0.033,0
40.84,9.82,2,0.101,0
172.71,2.38,3,0.082,1
30.87,16.97,2,0.081,0
31.99,2.96,3,0.359,3
24.88,0.55,1,0.0,2
39.7,12.42,3,0.063,0
46.23,2.55,2,0.3,3
28.53,3.04,1,0.314,3
16.93,0.72,1,0.037,2
22.43,1.43,2,0.018,2
163.21,2.41,3,0.017,1
18.88,13.39,3,0.038,0
202.62,0.81,2,0.102,1
158.55,1.24,1,0.0,1
28.04,0.83,2,0.015,2
25.09,0.63,1,0.023,2
226.99,2.23,3,0.089,1
31.21,10.47,4,0.07,0
35.41,15.31,4,0.085,0
169.3,2.4,2,0.063,1
48.76,2.86,2,0.256,3
162.29,2.41,1,0.02,1
41.99,13.58,3,0.054,0
14.69,0.2,1,0.0,2
39.69,2.4,2,0.371,3
28.06,0.5,2,0.028,2
203.05,1.99,1,0.057,1
199.98,2.4,4,0.03,1
45.65,13.85,5,0.057,0
234.67,1.65,2,0.049,1
143.25,2.23,2,0.092,1
238.89,1.2,1,0.016,1
19.63,1.06,1,0.043,2
191.87,2.41,2,0.06,1
28.75,13.34,3,0.094,0
25.39,0.86,1,0.0,2
152.3,1.64,1,0.068,1
49.78,3.21,2,0.282,3
36.66,2.45,1,0.305,3
236.21,1.3,2,0.072,1
230.76,1.55,2,0.072,1
57.74,2.97,2,0.318,3
198.4,2.13,2,0.098,1
36.41,12.45,3,0.142,0
42.68,3.03,2,0.19,3
43.05,12.16,3,0.139,0
26.64,14.47,3,0.064,0
217.79,1.65,3,0.0,1
12.24,0.53,1,0.029,2
34.97,13.34,1,0.145,0
40.16,8.92,3,0.0,0
56.18,2.99,2,0.3,3
46.75,2.93,2,0.33,3
50.16,2.73,2,0.403,3
24.17,13.75,4,0.076,0
239.52,1.61,2,0.074,1
243.22,2.55,1,0.022,1
232.68,1.63,2,0.024,1
43.26,9.06,3,0.054,0
44.14,11.55,1,0.078,2
196.66,3.09,1,0.075,1
53.03,8.65,5,0.078,0
31.94,1.41,1,0.044,2
25.87,0.78,1,0.005,2
31.62,8.13,2,0.064,0
210.62,0.8,3,0.066,1
37.78,7.21,2,0.16,0
37.29,13.55,3,0.043,0
34.33,1.01,1,0.019,2
41.9,3.44,2,0.412,3
36.75,4.19,2,0.209,3
51.01,2.96,2,0.17,3
43.16,14.55,2,0.104,0
42.74,3.4,2,0.377,3
37.05,2.86,2,0.348,3
47.23,2.61,2,0.242,3
204.37,2.93,2,0.035,1
42.97,8.98,3,0.1,0
22.11,13.98,3,0.161,0
52.27,1.43,3,0.271,3
168.86,1.47,2,0.007,1
17.9,1.72,1,0.01,2
39.94,16.52,3,0.087,0
41.55,1.71,2,0.423,3
25.33,0.94,2,0.004,2
43.49,10.55,3,0.169,0
36.44,1.08,1,0.008,2
155.84,1.04,2,0.075,1
150.82,1.54,2,0.047,1
189.34,0.69,3,0.076,1
29.38,13.41,2,0.029,0
143.66,1.79,3,0.054,1
43.91,3.29,1,0.34,3
205.51,3.29,2,0.072,1
57.88,3.05,2,0.228,3
193.2,1.56,2,0.006,1
232.73,2.68,3,0.06,1
38.75,2.39,1,0.305,3
45.41,11.62,2,0.175,0
228.11,2.49,1,0.065,1
36.81,0.33,1,0.034,2
150.98,1.67,1,0.063,1
39.94,12.94,3,0.054,0
37.05,12.17,3,0.115,0
24.02,0.2,1,0.012,2
229.5,2.12,2,0.031,1
203.93,2.2,2,0.054,1
37.4,3.88,3,0.232,3
29.4,14.39,4,0.07,0
26.5,1.15,1,0.041,2
132.37,2.3,2,0.082,1
190.48,1.14,2,0.062,1
191.32,2.64,2,0.011,1
28.02,2.89,2,0.278,3
45.33,12.86,3,0.047,0
41.63,15.56,3,0.152,0
39.27,2.74,2,0.409,3
193.68,1.77,2,0.038,1
168.16,1.75,2,0.059,1
182.95,1.7,1,0.0,1
46.04,2.49,2,0.273,3
32.44,7.32,3,0.115,0
199.54,1.57,2,0.0,1
199.01,1.2,2,0.057,1
41.93,2.11,1,0.301,3
13.99,1.47,1,0.028,2
217.16,2.09,2,0.0,1
33.91,2.28,2,0.368,3
203.72,3.29,1,0.074,1
28.8,12.96,2,0.113,0
194.17,2.02,2,0.055,1
274.05,1.87,2,0.085,1
242.97,2.08,3,0.114,1
232.86,2.72,2,0.098,1
31.14,1.16,1,0.016,2
36.94,3.96,1,0.491,3
47.32,2.87,2,0.432,3
159.25,2.22,2,0.069,1
45.17,2.26,2,0.253,3
35.67,12.49,3,0.122,0
189.09,2.82,2,0.078,1
27.91,1.18,1,0.006,2
33.0,0.92,1,0.019,2
31.17,13.04,2,0.124,0
123.53,2.33,2,0.027,1
233.14,2.65,3,0.058,1
39.28,3.28,2,0.234,3
31.59,1.65,1,0.015,2
19.39,1.05,1,0.0,2
211.84,2.57,2,0.038,1
34.11,10.46,2,0.008,0
33.19,15.22,3,0.13,0
197.25,2.6,2,0.078,1
36.08,7.29,2,0.118,0
36.47,3.6,1,0.224,3
196.53,1.24,1,0.037,1
28.4,0.26,1,0.011,2
43.07,9.42,3,0.103,0
35.39,8.31,4,0.09,0
33.54,9.26,3,0.116,0
29.88,1.4,1,0.0,2
55.48,14.74,3,0.087,0
25.81,1.0,1,0.017,2
196.87,1.48,2,0.098,1
30.94,13.51,2,0.093,0
30.29,7.69,2,0.056,0
26.96,2.87,2,0.279,3
40.55,0.95,1,0.023,2
14.19,1.22,1,0.003,2
17.87,1.27,1,0.026,2
42.59,9.3,3,0.12,0
46.81,3.77,3,0.417,3
35.71,1.96,2,0.387,3
28.75,0.2,1,0.022,2
215.28,0.92,3,0.004,1
23.28,13.18,2,0.14,0
35.9,11.79,2,0.107,0
26.65,3.8,1,0.27,3
30.13,3.69,2,0.342,3
231.72,1.56,3,0.085,1
52.51,15.15,3,0.155,0
170.85,2.28,2,0.071,1
202.3,2.53,2,0.053,1
42.94,10.22,3,0.097,0
216.55,2.48,2,0.022,1
156.8,2.0,1,0.0,1
38.24,2.38,2,0.247,3
41.88,1.73,2,0.372,3
27.78,0.2,1,0.0,2
36.41,14.88,3,0.073,0
40.06,9.45,4,0.09,0
41.55,3.38,2,0.34,3
34.7,1.25,2,0.344,3
25.19,0.2,1,0.048,2
24.14,0.94,1,0.0,2
46.42,3.43,2,0.192,3
35.47,3.18,3,0.308,3
55.12,3.15,2,0.268,3
37.09,11.66,3,0.063,0
31.91,2.58,2,0.293,3
21.01,0.74,1,0.007,2
248.32,2.22,2,0.096,1
38.39,11.62,2,0.149,0
29.28,0.2,1,0.02,2
35.08,10.93,4,0.072,0
194.46,1.94,1,0.037,1
24.26,14.15,3,0.125,0
39.12,3.02,1,0.314,3
22.85,8.77,3,0.085,0
41.16,13.18,3,0.092,0
22.8,11.58,3,0.049,0
37.39,1.83,1,0.29,3
179.49,2.82,2,0.022,1
24.23,0.71,1,0.035,2
33.1,1.48,2,0.345,3
30.4,9.15,3,0.129,0
46.34,3.56,2,0.369,3
31.48,14.26,5,0.067,0
36.82,3.42,2,0.379,3
227.72,1.77,1,0.099,1
212.15,2.43,3,0.021,1
41.42,3.31,2,0.338,3
23.06,1.09,1,0.009,2
49.0,2.86,3,0.275,3
35.91,14.54,3,0.107,0
189.09,1.41,2,0.1,1
23.81,1.26,1,0.028,2
49.47,10.16,3,0.044,0
49.51,3.78,2,0.375,3
190.3,1.42,2,0.053,1
24.82,0.63,1,0.022,2
45.65,2.86,2,0.46,3
40.93,2.81,2,0.417,3
236.32,2.93,2,0.024,1
163.58,1.84,3,0.09,1
155.84,1.42,2,0.03,1
32.49,14.39,4,0.157,0
20.86,1.09,1,0.023,2
22.53,15.71,3,0.084,0
37.6,2.27,1,0.319,3
41.06,3.27,2,0.419,3
48.63,3.09,1,0.356,3
181.96,2.31,2,0.006,1
46.78,3.66,2,0.32,3
175.07,1.9,1,0.0,1
36.8,2.18,2,0.201,3
47.9,10.54,4,0.131,0
207.61,2.41,1,0.039,1
28.97,2.7,2,0.407,3
212.2,1.14,2,0.048,1
212.94,1.88,2,0.059,1
30.55,6.38,4,0.088,0
241.29,1.99,2,0.0,1
43.6,2.88,2,0.379,3
148.15,2.18,2,0.048,1
212.16,3.28,2,0.038,1
46.46,13.31,1,0.182,0
180.02,2.63,1,0.037,1
32.48,3.37,2,0.259,3
43.98,3.1,2,0.384,3
46.86,2.38,2,0.301,3
47.68,2.52,2,0.144,2
30.53,14.15,3,0.061,0
34.59,10.57,2,0.114,0
31.74,9.42,4,0.131,0
196.6,1.94,3,0.019,1
18.57,15.67,2,0.099,0
44.04,10.85,2,0.167,0
46.08,2.5,2,0.49,3
192.73,2.1,2,0.025,1
130.05,3.03,2,0.109,1
211.97,2.57,2,0.114,1
32.61,13.35,4,0.175,0
26.16,0.49,1,0.002,2
18.01,0.99,1,0.0,2
31.56,0.73,1,0.031,2
27.77,13.16,4,0.038,0
45.46,1.07,2,0.257,3
128.63,2.44,2,0.09,1
231.88,2.18,2,0.021,1
32.2,10.22,3,0.083,0
33.67,2.9,1,0.329,3
187.53,1.99,2,0.06,1
47.15,2.55,2,0.273,3
32.41,3.29,2,0.447,3
28.68,1.32,1,0.0,2
210.77,2.68,3,0.029,1
58.62,3.84,3,0.382,3
23.62,14.95,3,0.146,0
229.56,1.83,2,0.08,1
63.68,3.54,2,0.476,3
200.23,1.62,2,0.037,1
176.56,2.58,2,0.016,1
227.12,2.86,2,0.091,1
195.98,1.82,2,0.067,1
192.98,1.94,2,0.041,1
156.8,1.29,2,0.01,1
38.54,11.51,3,0.105,0
42.48,16.2,4,0.148,0
232.52,1.12,3,0.076,1
204.55,1.51,3,0.018,1
48.38,1.44,2,0.426,3
24.21,1.02,1,0.0,2
21.3,3.0,2,0.274,3
39.81,11.3,2,0.179,0
188.53,1.89,3,0.067,1
20.98,0.59,1,0.023,2
55.46,3.51,2,0.243,3
30.88,1.04,1,0.0,2
254.15,1.04,1,0.061,1
33.66,10.14,4,0.051,0
181.69,1.83,1,0.017,1
124.01,2.1,2,0.057,1
22.01,1.69,1,0.023,2
168.31,2.67,1,0.059,1
29.65,16.27,3,0.142,0
56.85,2.26,2,0.288,3
14.34,15.15,2,0.06,0
40.67,4.82,2,0.342,3
21.98,12.77,2,0.017,0
192.8,2.7,2,0.043,1
151.75,1.41,2,0.025,1
29.35,1.19,1,0.0,2
13.46,1.02,2,0.047,2
26.09,14.12,4,0.079,0
22.17,11.35,3,0.021,0
25.64,1.47,1,0.0,2
172.79,1.41,1,0.04,1
193.71,2.18,2,0.074,1
223.26,2.17,1,0.037,1
36.24,4.13,2,0.106,2
43.46,15.75,3,0.151,0
15.68,0.98,1,0.044,2
33.98,3.25,2,0.403,3
30.1,10.86,3,0.056,0
183.18,1.96,2,0.068,1
25.39,12.08,4,0.109,0
154.95,3.32,2,0.0,1
146.15,2.47,2,0.024,1
35.16,2.06,2,0.285,3
51.5,3.12,3,0.405,3
36.3,10.8,4,0.047,0
222.07,1.96,1,0.092,1
27.2,11.5,3,0.11,0
38.25,1.03,1,0.0,2
29.78,11.82,3,0.145,0
27.87,12.04,3,0.069,0
33.79,12.0,4,0.112,0
28.14,1.61,1,0.054,2
42.09,2.55,1,0.432,3
48.05,1.82,2,0.273,3
33.71,13.03,4,0.131,0
57.4,4.18,2,0.38,3
33.36,1.56,1,0.039,2
230.43,2.21,2,0.111,1
200.14,1.73,2,0.048,1
202.84,2.27,1,0.0,1
214.4,1.98,2,0.071,1
45.37,8.68,3,0.078,0
31.55,4.2,1,0.256,3
50.23,3.17,2,0.38,3
31.56,1.39,1,0.023,2
44.64,2.18,2,0.291,3
50.49,3.26,2,0.39,3
38.25,4.48,1,0.254,3
46.53,14.11,5,0.115,0
30.4,7.59,3,0.131,0
37.75,14.63,4,0.093,0
214.27,2.63,1,0.084,1
32.64,14.55,3,0.118,0
48.26,3.0,2,0.21,3
24.43,1.35,1,0.021,2
43.35,2.61,2,0.295,3
21.44,11.11,3,0.128,0
48.27,3.29,2,0.27,3
39.68,11.28,3,0.122,0
254.09,1.9,1,0.04,1
31.79,13.21,3,0.14,0
30.81,0.97,2,0.075,2
30.52,10.5,2,0.075,0
39.7,16.31,3,0.113,0
37.51,8.75,2,0.146,0
32.97,3.48,2,0.292,3
33.69,3.33,2,0.23,3
232.19,1.8,2,0.035,1
39.99,4.31,2,0.395,3
56.87,3.31,2,0.275,3
46.57,9.89,4,0.089,0
30.71,10.08,4,0.069,0
177.76,0.82,2,0.094,1
35.5,13.62,3,0.101,0
176.97,2.13,2,0.096,1
25.17,3.31,2,0.325,3
54.8,4.15,1,0.307,3
36.45,12.36,3,0.122,0
29.48,1.27,1,0.041,2
27.02,12.18,4,0.092,0
37.29,15.35,4,0.1,0
204.3,2.47,2,0.088,1
187.15,1.52,1,0.025,1
34.23,12.48,1,0.106,0
19.36,1.14,1,0.022,2
44.73,2.88,2,0.351,3
42.31,12.12,3,0.098,0
34.51,2.42,2,0.405,3
41.82,10.94,4,0.12,0
188.95,1.36,2,0.09,1
37.32,10.55,4,0.255,0
191.73,1.17,2,0.056,1
28.41,1.95,3,0.401,3
36.41,14.48,3,0.167,0
46.93,9.27,4,0.059,0
36.76,13.3,3,0.145,0
48.86,3.45,2,0.397,3
25.4,1.29,1,0.02,2
51.92,2.55,2,0.478,3
35.54,0.2,1,0.037,2
199.81,1.76,2,0.028,1
220.84,2.02,2,0.106,1
13.75,1.46,1,0.026,2
236.98,2.13,2,0.065,1
26.34,13.44,4,0.128,0
30.92,17.14,3,0.12,0
38.67,8.63,4,0.085,0
38.51,16.39,1,0.101,0
48.58,15.67,3,0.014,0
172.8,3.06,2,0.0,1
40.22,14.28,2,0.138,0
174.06,1.85,2,0.084,1
56.15,3.89,2,0.306,3
233.73,1.11,1,0.018,1
37.97,11.28,4,0.102,0
229.23,2.52,2,0.064,1
257.28,2.32,2,0.057,1
152.91,2.2,2,0.056,1
171.72,2.32,2,0.036,1
33.89,8.91,4,0.052,0
217.46,2.6,2,0.088,1
21.75,0.38,1,0.056,2
226.61,3.0,2,0.087,1
18.93,0.6,1,0.037,2
44.12,3.0,2,0.394,3
47.24,3.02,2,0.344,3
50.23,1.69,2,0.371,3
58.37,2.16,2,0.276,3
39.01,9.24,3,0.109,0
223.89,2.53,1,0.072,1
44.35,2.77,3,0.341,3
41.87,14.86,3,0.095,0
185.14,1.78,3,0.04,1
62.89,3.65,1,0.32,3
40.61,11.28,3,0.001,0
213.81,2.26,2,0.063,1
54.74,3.8,2,0.342,3
48.17,9.52,3,0.083,0
50.07,3.35,2,0.432,3
230.66,2.52,2,0.078,1
30.89,1.76,1,0.005,2
36.75,13.27,3,0.071,0
55.87,2.78,2,0.341,3
23.56,0.89,1,0.025,2
27.68,14.76,3,0.133,0
55.13,1.05,3,0.412,3
227.25,1.56,2,0.035,1
38.11,2.9,3,0.283,3
36.86,1.58,2,0.536,3
221.12,0.82,2,0.067,1
27.15,1.4,1,0.022,2
227.33,1.98,2,0.033,1
25.99,1.95,2,0.337,3
39.88,11.66,4,0.085,0
223.57,2.33,3,0.055,1
34.15,7.93,2,0.069,0
160.28,1.42,2,0.022,1
34.1,10.87,2,0.199,0
34.72,10.25,3,0.135,0
37.07,10.14,1,0.162,2
31.52,3.82,2,0.403,3
198.73,2.39,2,0.092,1
224.43,0.49,2,0.072,1
54.37,2.55,1,0.277,3
45.97,2.7,2,0.224,3
35.63,13.96,3,0.136,0
42.38,3.3,2,0.417,3
35.6,15.31,1,0.096,0
198.34,2.02,2,0.061,1
34.35,3.1,3,0.296,3
25.26,0.59,1,0.01,2
31.14,1.1,1,0.02,2
34.2,14.81,2,0.089,0
39.4,3.59,2,0.347,3
32.38,15.17,3,0.121,0
188.42,2.19,2,0.036,1
26.25,12.92,3,0.123,0
29.71,1.8,1,0.0,2
35.82,15.08,4,0.153,0
39.18,9.57,4,0.069,0
251.27,2.5,1,0.081,1
243.43,2.86,1,0.04,1
34.37,2.11,3,0.371,3
162.65,2.17,1,0.031,1
198.89,0.99,2,0.027,1
149.24,1.66,2,0.075,1
184.15,0.64,3,0.07,1
39.47,3.59,2,0.303,3
151.17,2.0,1,0.021,1
188.52,2.66,3,0.051,1
43.72,4.65,2,0.287,3
33.75,3.55,2,0.443,3
203.1,0.94,2,0.077,1
31.06,1.2,2,0.039,2
17.51,1.81,1,0.018,2
175.71,0.8,1,0.055,1
53.58,2.96,1,0.286,3
246.09,2.23,3,0.081,1
35.8,10.04,3,0.128,0
51.62,3.41,2,0.299,3
199.89,1.56,2,0.012,1
191.61,1.92,2,0.004,1
30.08,2.32,1,0.425,3
34.78,10.86,2,0.064,0
256.37,1.71,2,0.072,1
211.42,2.1,3,0.115,1
40.57,14.55,3,0.053,0
45.62,10.61,3,0.109,0
45.38,2.73,2,0.432,3
222.03,1.08,2,0.004,1
232.3,1.4,2,0.067,1
30.27,0.56,1,0.0,2
24.32,1.41,1,0.013,2
23.97,1.09,1,0.0,2
191.89,1.9,2,0.042,1
208.38,2.11,2,0.108,1
28.69,6.25,3,0.116,0
11.75,0.98,1,0.016,2
37.22,16.03,3,0.051,0
28.98,12.27,3,0.051,0
18.16,0.74,1,0.068,2
31.56,1.11,1,0.038,2
17.86,12.53,3,0.069,0
39.36,11.84,5,0.134,0
47.51,10.76,3,0.094,0
38.29,3.62,3,0.309,3
290.92,1.53,3,0.063,1
27.18,12.19,4,0.045,0
31.3,11.61,3,0.192,0
33.65,3.25,1,0.322,3
33.41,12.27,3,0.129,0
26.27,9.82,2,0.052,0
37.32,5.74,2,0.211,3
27.78,14.88,2,0.123,0
43.71,8.01,3,0.133,0
49.58,3.88,1,0.273,3
181.97,1.7,2,0.081,1
54.34,3.51,3,0.189,3
17.06,0.56,1,0.033,2
31.06,1.18,1,0.004,2
56.73,3.0,2,0.304,3
40.49,3.27,1,0.367,3
28.7,0.7,1,0.012,2
29.81,3.18,2,0.356,3
31.23,2.18,2,0.439,3
168.08,2.39,2,0.061,1
65.65,2.26,2,0.343,3
35.24,11.43,3,0.078,0
35.79,16.38,2,0.118,0
35.16,1.16,1,0.0,2
32.02,0.55,1,0.045,2
204.9,2.64,2,0.028,1
31.91,2.48,2,0.394,3
21.4,7.21,2,0.142,0
236.56,2.06,2,0.032,1
42.27,3.0,2,0.211,3
29.63,1.38,1,0.015,2
201.52,2.58,1,0.019,1
52.29,2.46,2,0.294,3
47.45,3.34,2,0.377,3
15.44,1.56,1,0.027,2
34.88,11.52,4,0.079,0
44.71,3.54,2,0.387,3
161.25,1.96,2,0.109,1
217.18,1.52,2,0.039,1
227.8,1.99,2,0.053,1
36.96,14.64,4,0.171,0
53.43,1.39,3,0.349,3
213.28,3.4,3,0.032,1
36.72,0.67,1,0.008,2
19.77,1.12,1,0.0,2
37.31,11.39,4,0.068,0
174.06,1.67,2,0.029,1
201.03,1.44,2,0.022,1
213.28,1.57,2,0.071,1
38.31,15.46,3,0.117,0
52.56,2.7,1,0.265,3
27.75,0.89,1,0.0,2
179.33,2.07,3,0.022,1
29.6,12.58,5,0.152,0
33.94,2.68,1,0.378,3
38.25,13.78,2,0.07,0
30.23,13.89,3,0.047,0
211.57,1.54,1,0.0,1
224.87,2.48,2,0.021,1
261.5,1.76,3,0.044,1
34.52,10.73,3,0.088,0
26.98,2.47,2,0.433,3
209.48,2.09,1,0.06,1
15.48,1.4,1,0.015,2
211.51,2.54,2,0.0,1
48.4,13.69,2,0.075,0
23.82,1.21,2,0.0,2
49.34,3.57,2,0.427,3
56.78,9.27,3,0.102,0
138.42,1.89,2,0.047,1
27.78,1.27,1,0.01,2
49.8,2.8,2,0.241,3
30.63,8.17,3,0.11,0
183.41,2.26,2,0.039,1
254.2,3.07,2,0.062,1
211.59,2.22,2,0.058,1
51.78,4.11,3,0.437,3
29.95,14.87,4,0.134,0
36.49,10.94,2,0.08,0
161.58,1.43,3,0.0,1
237.49,1.21,1,0.028,1
46.14,4.37,3,0.036,0
44.88,3.67,2,0.362,3
185.11,1.87,3,0.078,1
30.42,0.75,1,0.045,2
31.24,9.19,2,0.076,0
242.22,2.53,1,0.105,1
235.4,1.28,1,0.059,1
44.65,2.34,2,0.356,3
160.85,1.68,1,0.0,1
53.93,2.33,2,0.376,3
227.33,2.18,2,0.101,1
175.44,1.04,1,0.022,1
25.78,0.82,1,0.006,2
204.55,1.83,1,0.095,1
27.8,6.25,3,0.1,0
37.78,3.39,1,0.503,3
214.18,3.0,2,0.034,1
37.93,9.31,3,0.083,0
30.11,3.69,2,0.268,3
27.45,13.89,4,0.128,0
22.22,0.59,1,0.015,2
244.56,0.83,3,0.074,1
19.85,1.05,1,0.008,2
23.37,0.76,2,0.035,2
212.96,3.14,2,0.076,1
30.68,1.42,2,0.034,2
50.21,3.2,1,0.455,3
27.98,1.24,1,0.035,2
33.48,3.24,1,0.599,3
36.98,6.78,2,0.092,2
40.43,3.13,2,0.42,3
47.29,3.16,2,0.144,2
32.71,9.45,2,0.076,0
31.13,9.49,3,0.048,0
55.65,2.98,2,0.415,3
34.07,0.99,1,0.034,2
218.59,2.46,1,0.062,1
56.24,2.78,3,0.346,3
207.31,2.11,1,0.088,1
57.92,4.86,2,0.326,3
33.97,9.03,3,0.115,0
46.16,2.79,2,0.303,3
42.34,0.94,2,0.443,3
45.18,3.23,2,0.305,3
31.62,0.82,1,0.023,2
192.81,1.02,1,0.085,1
181.95,3.08,3,0.062,1
25.27,1.32,1,0.011,2
43.65,10.45,3,0.135,0
238.8,0.73,3,0.0,1
209.81,2.46,2,0.035,1
34.17,10.52,4,0.126,0
15.35,1.12,1,0.021,2
53.24,1.4,2,0.452,3
35.71,3.35,2,0.539,3
29.68,11.54,4,0.073,0
42.09,2.89,1,0.222,3
27.3,11.92,3,0.15,0
49.23,2.05,3,0.347,3
33.36,2.41,3,0.277,3
44.91,2.59,3,0.316,3
45.79,1.72,2,0.471,3
24.85,0.79,1,0.039,2
31.36,10.06,3,0.14,0
196.91,1.47,2,0.034,1
70.49,1.87,2,0.195,3
21.5,1.29,1,0.014,2
206.96,2.12,3,0.066,1
29.05,0.75,1,0.013,2
55.72,1.63,2,0.318,3
51.18,3.87,2,0.415,3
28.11,17.82,2,0.143,0
18.55,0.75,1,0.019,2
39.79,4.29,3,0.363,3
42.39,12.01,4,0.097,0
36.05,1.56,2,0.141,2
39.01,11.7,3,0.147,0
206.07,2.66,1,0.066,1
25.75,0.49,1,0.005,2
16.55,0.54,1,0.014,2
163.23,2.34,1,0.01,1
18.74,0.79,1,0.0,2
49.26,3.89,2,0.264,3
16.28,12.85,3,0.054,0
43.65,2.67,2,0.397,3
13.78,1.3,1,0.025,2
14.88,11.34,3,0.158,0
32.65,12.11,2,0.063,0
50.83,13.62,2,0.105,0
34.58,9.68,3,0.081,0
42.91,15.72,3,0.118,0
182.36,1.61,2,0.025,1
204.66,2.47,2,0.085,1
201.47,1.56,1,0.0,1
170.93,1.98,3,0.037,1
29.22,9.84,4,0.055,0
29.66,10.31,3,0.059,0
40.01,3.59,1,0.27,3
31.02,15.62,3,0.163,0
34.54,2.54,2,0.472,3
39.43,10.29,3,0.092,0
22.64,2.15,1,0.015,2
21.55,0.58,2,0.042,2
41.82,4.1,2,0.326,3
39.66,12.18,3,0.095,0
204.02,1.01,1,0.037,1
40.89,12.65,3,0.054,0
44.57,11.68,3,0.0,0
25.34,12.84,4,0.109,0
155.3,2.15,1,0.016,1
37.52,9.26,2,0.14,0
189.85,1.6,2,0.047,1
46.46,1.25,2,0.278,3
31.87,1.23,1,0.04,2
239.77,2.98,1,0.103,1
61.47,4.74,2,0.432,3
38.72,3.1,2,0.34,3
36.08,10.97,2,0.146,0
24.95,0.9,1,0.017,2
206.45,3.01,1,0.094,1
157.8,1.38,2,0.042,1
223.0,2.35,2,0.023,1
42.62,3.73,2,0.341,3
206.12,2.0,1,0.085,1
42.17,10.98,2,0.109,0
180.48,1.8,1,0.031,1
42.06,9.55,4,0.141,0
195.73,2.45,2,0.052,1
62.5,3.64,2,0.351,3
35.74,1.8,1,0.033,2
45.59,19.72,4,0.141,0
19.16,0.97,1,0.032,2
233.92,1.9,1,0.039,1
176.3,0.96,3,0.039,1
43.73,13.14,2,0.121,0
37.9,11.93,3,0.073,0
244.71,1.81,3,0.066,1
35.72,4.16,2,0.261,3
25.74,1.8,1,0.0,2
35.19,7.06,3,0.126,0
17.81,0.96,1,0.044,2
42.04,14.08,3,0.207,0
20.54,1.31,1,0.025,2
63.2,3.33,2,0.282,3
44.66,4.27,2,0.526,3
28.09,15.38,2,0.106,0
23.9,1.56,1,0.033,2
44.26,11.85,2,0.064,0
160.99,3.06,3,0.04,1
204.49,1.34,2,0.05,1
20.46,0.66,1,0.0,2
146.74,2.51,2,0.004,1
36.75,10.39,3,0.149,0
46.79,14.64,3,0.136,0
35.76,8.16,3,0.075,0
56.28,1.71,2,0.333,3
43.3,3.67,1,0.341,3
51.15,2.56,3,0.391,3
8.68,0.85,1,0.04,2
26.18,10.58,2,0.05,0
29.77,9.28,4,0.108,0
41.27,14.53,3,0.201,0
193.74,1.39,1,0.044,1
162.71,2.39,2,0.075,1
192.83,1.79,2,0.051,1
233.33,1.85,2,0.02,1
174.03,2.86,2,0.035,1
35.47,14.75,2,0.054,0
30.14,4.3,2,0.402,3
22.24,3.41,2,0.321,3
217.62,2.02,2,0.022,1
38.15,3.34,3,0.504,3
224.78,0.79,1,0.025,1
215.14,1.29,2,0.047,1
40.75,10.96,4,0.061,0
28.59,7.99,2,0.066,0
47.62,11.51,3,0.109,0
44.67,2.04,2,0.376,3
188.04,1.33,2,0.088,1
186.42,2.63,1,0.094,1
36.43,0.86,1,0.022,2
208.37,2.11,2,0.031,1
33.16,16.31,7,0.187,0
32.74,12.71,2,0.099,0
244.1,2.34,2,0.058,1
201.46,1.8,2,0.037,1
247.14,1.47,2,0.055,1
34.98,1.01,1,0.032,2
47.08,3.32,2,0.24,3
206.03,1.44,2,0.049,1
56.67,3.45,2,0.239,3
199.74,2.74,1,0.061,1
28.38,0.75,1,0.049,2
20.32,0.51,1,0.0,2
51.46,2.57,1,0.521,3
46.39,3.97,2,0.339,3
35.49,11.22,3,0.175,0
27.76,1.24,1,0.005,2
42.69,2.7,2,0.292,3
175.27,1.88,3,0.083,1
26.38,9.01,4,0.049,0
21.07,10.85,2,0.053,0
186.48,2.71,2,0.044,1
32.9,3.42,2,0.441,3
45.45,2.58,2,0.461,3
43.4,3.64,3,0.219,3
242.3,2.38,2,0.0,1
20.46,1.02,1,0.023,2
30.45,8.49,4,0.013,0
23.47,14.36,3,0.06,0
230.86,1.81,2,0.046,1
33.59,16.8,2,0.097,0
215.84,1.22,2,0.03,1
143.13,2.11,2,0.05,1
17.59,1.45,2,0.012,2
229.89,2.46,2,0.025,1
161.38,1.9,2,0.072,1
35.73,15.31,2,0.111,0
48.88,8.55,3,0.116,0
173.47,2.13,2,0.048,1
58.41,10.53,3,0.058,0
48.09,7.96,3,0.13,0
186.65,0.45,2,0.088,1
41.5,3.32,2,0.399,3
33.56,15.08,3,0.143,0
168.14,2.13,3,0.063,1
29.51,9.41,4,0.052,0
45.96,3.1,2,0.345,3
34.08,17.39,1,0.193,0
28.64,0.56,1,0.053,2
19.14,1.25,2,0.0,2
34.32,1.06,2,0.282,3
32.86,10.17,2,0.051,0
25.24,1.18,1,0.008,2
38.22,11.69,3,0.127,0
52.41,2.6,2,0.255,3
48.38,2.0,2,0.438,3
42.03,11.03,2,0.173,0
47.88,2.48,1,0.231,3
31.4,12.95,3,0.053,0
43.93,10.5,3,0.091,0
29.14,9.58,3,0.124,0
53.11,1.36,2,0.333,3
254.57,2.93,2,0.062,1
27.95,15.92,2,0.079,0
237.66,2.15,3,0.014,1
31.15,3.06,2,0.5,3
18.86,0.57,1,0.0,2
38.37,2.92,1,0.314,3
35.96,15.8,3,0.11,0
69.7,3.04,1,0.234,3
19.33,1.24,1,0.012,2
32.07,9.31,2,0.095,0
40.73,3.64,2,0.342,3
38.38,1.66,2,0.432,3
222.89,1.66,1,0.089,1
231.76,3.08,2,0.074,1
199.47,1.69,2,0.031,1
31.62,6.19,4,0.074,0
159.86,1.06,2,0.069,1
44.62,5.02,2,0.35,3
30.14,12.34,3,0.099,0
222.11,4.08,1,0.0,1
209.21,2.23,2,0.029,1
40.45,11.7,3,0.081,0
33.78,12.99,2,0.084,0
187.98,2.1,2,0.057,1
41.2,12.45,2,0.135,0
219.41,2.73,1,0.073,1
27.5,12.7,3,0.127,0
218.34,2.36,3,0.046,1
40.67,19.36,2,0.101,0
32.61,0.2,1,0.016,2
42.91,4.77,1,0.487,3
24.15,1.3,1,0.0,2
27.87,1.56,1,0.045,2
21.17,0.59,1,0.03,2
36.31,12.3,4,0.087,0
223.39,1.85,2,0.034,1
34.79,10.19,2,0.13,0
25.67,1.43,1,0.058,2
34.81,10.32,2,0.124,0
32.48,15.67,3,0.058,0
42.58,11.55,3,0.186,0
185.36,2.79,2,0.054,1
35.53,10.43,2,0.052,0
283.06,1.74,1,0.044,1
31.55,12.36,3,0.067,0
192.87,1.9,2,0.056,1
21.29,11.28,1,0.123,2
36.05,15.85,3,0.107,0
43.22,11.51,2,0.156,0
34.65,10.04,3,0.101,0
213.33,0.34,3,0.075,1
175.43,1.35,2,0.06,1
190.46,1.76,2,0.044,1
51.8,3.88,2,0.358,3
49.09,6.19,4,0.1,0
54.77,4.84,1,0.249,3
50.74,2.69,2,0.293,3
39.29,10.96,5,0.13,0
272.42,1.78,2,0.041,1
16.04,0.93,2,0.0,2
42.29,3.57,2,0.249,3
34.66,19.61,2,0.133,0
40.71,14.06,2,0.138,0
29.89,9.79,3,0.086,0
28.58,15.89,3,0.087,0
192.85,2.15,2,0.036,1
44.19,3.79,2,0.198,3
18.12,1.34,1,0.009,2
183.7,2.37,1,0.069,1
41.64,3.13,2,0.263,3
42.09,9.93,4,0.11,0
36.43,14.33,2,0.117,0
59.18,4.34,2,0.188,3
33.24,12.0,1,0.067,0
33.23,3.03,2,0.384,3
189.05,2.47,1,0.073,1
198.96,2.19,3,0.0,1
34.13,13.06,4,0.112,0
22.22,14.75,3,0.071,0
230.58,1.63,2,0.0,1
29.24,0.75,1,0.003,2
37.86,11.77,2,0.03,0
18.86,0.49,1,0.036,2
27.16,1.52,1,0.008,2
199.15,0.2,1,0.09,1
54.35,3.12,2,0.304,3
31.88,1.68,2,0.348,3
54.16,2.7,3,0.468,3
37.63,11.01,3,0.174,0
48.0,2.02,2,0.246,3
28.06,13.89,3,0.092,0
28.27,1.43,1,0.053,2
218.56,2.77,1,0.047,1
34.73,2.05,1,0.364,3
56.75,9.96,3,0.05,0
43.2,17.49,3,0.105,0
20.53,0.76,1,0.0,2
60.17,3.9,2,0.316,3
148.05,1.81,1,0.067,1
171.4,1.57,2,0.052,1
34.2,1.48,1,0.022,2
26.74,0.9,1,0.022,2
153.96,1.83,2,0.061,1
23.89,15.45,3,0.147,0
209.54,1.63,2,0.046,1
215.53,2.3,1,0.049,1
35.68,3.28,2,0.189,3
24.18,0.88,1,0.041,2
23.34,1.2,1,0.027,2
21.04,1.06,1,0.003,2
40.67,3.22,2,0.487,3
26.14,0.83,1,0.037,2
114.73,1.49,2,0.109,1
37.47,2.82,2,0.259,3
268.49,1.47,1,0.051,1
37.63,12.16,4,0.036,0
44.32,9.72,2,0.122,0
57.6,3.45,2,0.384,3
45.0,12.87,2,0.153,0
186.83,1.14,2,0.023,1
191.53,1.63,2,0.05,1
29.06,8.63,4,0.154,0
32.3,11.2,3,0.155,0
36.55,13.98,3,0.085,0
206.94,0.89,3,0.004,1
47.89,4.09,1,0.321,3
35.47,8.13,3,0.056,0
57.59,3.49,2,0.311,3
157.59,1.68,1,0.069,1
33.01,9.72,3,0.041,0
171.54,2.62,2,0.022,1
32.87,3.14,1,0.411,3
41.84,10.99,2,0.059,0
213.87,2.09,3,0.051,1
39.01,10.02,4,0.073,0
47.4,2.35,2,0.415,3
22.29,1.01,1,0.017,2
11.16,15.45,4,0.066,0
14.15,1.57,1,0.02,2
237.24,2.87,2,0.033,1
173.33,2.54,3,0.027,1
171.41,1.53,2,0.025,1
35.56,3.96,3,0.555,3
27.89,0.65,1,0.002,2
24.69,8.73,2,0.122,0
36.61,11.99,2,0.124,0
45.45,3.01,3,0.271,3
39.09,2.82,2,0.423,3
25.89,0.76,1,0.003,2
232.9,1.85,2,0.041,1
29.33,1.89,1,0.004,2
137.84,3.24,2,0.062,1
35.69,3.88,2,0.223,3
45.44,3.21,2,0.307,3
44.01,3.62,1,0.491,3
41.14,11.68,3,0.109,0
41.46,11.07,2,0.019,0
171.11,1.69,1,0.059,1
23.44,10.78,3,0.045,0
246.53,2.06,3,0.038,1
19.42,0.54,1,0.028,2
240.69,1.77,1,0.039,1
15.66,1.5,2,0.03,2
20.14,0.48,1,0.071,2
32.16,16.8,5,0.039,0
176.81,1.66,2,0.0,1
201.52,1.29,1,0.044,1
59.3,3.6,2,0.344,3
167.87,1.25,1,0.085,1
28.57,1.01,2,0.024,2
35.86,11.11,3,0.073,0
23.08,0.93,1,0.032,2
42.61,2.84,2,0.447,3
49.99,1.71,2,0.373,3
204.73,1.2,2,0.082,1
36.38,8.8,2,0.171,0
34.34,2.98,1,0.384,3
252.6,2.8,1,0.046,1
48.69,3.64,1,0.398,3
22.57,0.9,1,0.017,2
198.41,2.54,2,0.045,1
40.16,2.63,3,0.295,3
48.33,4.87,3,0.371,3
160.23,2.27,1,0.055,1
29.98,13.14,3,0.158,0
17.01,0.95,1,0.004,2
30.64,1.11,1,0.038,2
49.16,4.01,2,0.407,3
22.24,1.1,1,0.035,2
213.93,2.99,2,0.091,1
177.11,2.56,2,0.021,1
25.7,10.55,3,0.101,0
30.8,0.44,1,0.0,2
62.7,3.24,3,0.26,3
192.77,1.4,1,0.055,1
29.1,1.01,1,0.044,2
228.59,2.32,1,0.047,1
182.94,1.51,2,0.041,1
53.15,4.12,1,0.364,3
27.79,0.82,1,0.018,2
30.79,17.92,1,0.034,0
211.6,1.98,2,0.035,1
215.18,1.58,2,0.072,1
36.41,11.9,3,0.107,0
26.58,1.02,1,0.023,2
193.34,2.29,2,0.066,1
202.76,1.9,1,0.035,1
51.15,2.19,2,0.248,3
46.91,2.21,3,0.378,3
37.35,12.29,2,0.11,0
48.32,3.16,2,0.306,3
183.74,1.55,2,0.093,1
32.76,11.46,2,0.132,0
294.12,2.64,2,0.082,1
40.05,2.96,3,0.327,3
47.86,2.33,2,0.415,3
46.44,2.37,2,0.308,3
35.07,4.08,2,0.352,3
216.88,1.64,3,0.015,1
200.52,2.68,1,0.062,1
27.04,10.1,3,0.07,0
21.2,2.34,1,0.17,2
206.76,1.12,2,0.057,1
26.37,13.8,4,0.09,0
221.54,1.92,2,0.004,1
157.68,2.89,3,0.048,1
37.22,11.64,4,0.072,0
254.58,1.29,2,0.072,1
23.57,10.91,2,0.07,0
26.33,1.07,1,0.053,2
42.57,2.93,2,0.225,3
223.31,1.97,3,0.04,1
10.9,1.14,2,0.054,2
36.39,10.25,3,0.072,0
202.57,2.42,2,0.069,1
39.85,10.17,1,0.114,2
47.54,3.51,2,0.31,3
31.19,3.24,1,0.28,3
43.59,10.73,3,0.108,0
220.81,1.22,2,0.037,1
44.44,9.58,2,0.113,0
23.02,0.81,2,0.0,2
32.45,14.5,4,0.087,0
31.51,13.71,1,0.062,0
37.79,9.48,3,0.148,0
23.96,0.89,1,0.0,2
216.15,3.14,2,0.066,1
30.26,2.11,2,0.269,3
18.63,4.09,3,0.251,3
42.74,14.72,4,0.073,0
38.05,3.55,3,0.334,3
18.72,0.81,1,0.041,2
187.63,2.2,2,0.043,1
189.01,0.99,3,0.0,1
41.95,2.82,2,0.349,3
31.06,0.99,1,0.012,2
26.21,1.17,1,0.05,2
19.1,13.16,2,0.134,0
205.45,1.63,3,0.024,1
192.69,0.85,2,0.076,1
186.13,1.14,2,0.035,1
30.24,18.01,3,0.102,0
35.79,11.57,4,0.118,0
28.51,3.27,3,0.279,3
216.51,1.89,3,0.046,1
38.18,1.86,2,0.033,2
34.03,13.16,2,0.134,0
31.65,8.32,4,0.088,0
18.3,0.34,1,0.008,2
40.08,9.21,3,0.135,0
33.11,3.49,1,0.2,2
52.17,3.31,2,0.309,3
35.14,13.97,2,0.144,0
51.58,4.38,2,0.29,3
51.52,3.14,1,0.255,3
176.06,1.47,3,0.035,1
30.46,13.02,3,0.066,0
45.56,2.75,2,0.336,3
44.2,2.26,3,0.301,3
35.61,12.29,2,0.127,0
27.52,3.51,2,0.287,3
34.64,12.2,4,0.121,0
42.21,3.83,2,0.268,3
20.59,16.67,2,0.091,0
15.71,1.6,2,0.288,3
175.69,2.25,2,0.062,1
139.84,1.44,2,0.03,1
136.48,2.88,2,0.032,1
49.44,11.07,3,0.03,0
31.59,18.85,3,0.127,0
38.61,12.9,4,0.076,0
225.09,1.41,1,0.062,1
16.79,0.77,1,0.0,2
33.84,14.06,4,0.127,0
13.99,9.02,4,0.103,0
44.91,11.85,5,0.114,0
20.84,15.44,3,0.126,0
54.25,3.62,2,0.212,3
23.75,0.96,1,0.038,2
36.43,10.77,1,0.104,2
33.73,15.15,4,0.116,0
29.02,17.69,5,0.142,0
43.0,1.7,2,0.45,3
53.11,14.36,3,0.086,0
30.24,0.86,1,0.035,2
212.06,2.13,2,0.043,1
29.9,3.88,2,0.297,3
187.16,2.67,3,0.047,1
67.53,1.17,2,0.423,3
40.27,11.04,3,0.094,0
203.8,2.12,2,0.081,1
179.39,1.49,3,0.033,1
186.03,1.34,1,0.044,1
41.98,14.62,4,0.145,0
22.32,0.99,1,0.022,2
25.9,8.17,4,0.072,0
34.55,7.72,3,0.074,0
30.83,3.43,2,0.192,3
62.37,2.72,2,0.323,3
46.23,3.18,2,0.432,3
28.27,1.2,1,0.021,2
227.37,3.06,3,0.065,1
45.59,2.45,2,0.457,3
22.34,0.49,1,0.01,2
29.24,1.03,1,0.046,2
32.45,9.73,2,0.05,0
217.04,0.76,2,0.085,1
13.25,7.54,1,0.114,2
122.69,0.82,1,0.061,2
31.18,1.93,2,0.32,3
21.03,1.12,1,0.019,2
186.53,2.49,1,0.049,1
29.48,1.01,1,0.002,2
49.79,3.26,2,0.326,3
39.95,11.1,4,0.1,0
36.75,3.5,2,0.373,3
174.82,2.68,3,0.069,1
191.75,2.2,2,0.056,1
35.1,18.2,3,0.146,0
60.84,2.67,2,0.417,3
263.17,1.89,2,0.062,1
36.66,12.17,4,0.106,0
19.8,1.03,1,0.025,2
207.66,1.81,2,0.028,1
227.12,2.94,2,0.048,1
19.32,0.87,1,0.01,2
32.05,6.87,4,0.141,0
43.91,10.66,2,0.108,0
28.12,1.23,1,0.045,2
33.7,2.22,3,0.413,3
25.93,11.87,3,0.077,0
213.67,2.21,2,0.017,1
30.06,13.46,3,0.121,0
27.48,3.65,2,0.318,3
30.46,9.09,4,0.129,0
36.16,13.64,3,0.041,0
214.22,1.77,1,0.008,1
52.2,3.22,2,0.405,3
200.08,1.14,3,0.071,1
19.33,0.94,1,0.025,2
200.06,1.47,3,0.041,1
43.39,9.01,3,0.063,0
36.28,12.0,3,0.134,0
20.84,0.6,1,0.036,2
43.19,11.88,2,0.08,0
48.49,3.74,2,0.409,3
168.34,2.54,2,0.021,1
215.61,2.62,2,0.072,1
51.3,2.44,1,0.338,3
25.24,14.56,2,0.066,0
215.42,1.58,2,0.107,1
192.21,1.19,2,0.071,1
154.1,2.57,3,0.029,1
239.18,0.9,2,0.021,1
34.08,10.37,4,0.121,0
202.61,2.77,4,0.123,1
32.57,13.47,3,0.108,0
16.11,14.25,3,0.152,0
58.55,3.72,2,0.402,3
45.58,17.37,4,0.004,0
222.81,2.09,2,0.006,1
27.7,3.32,2,0.16,3
26.35,9.6,3,0.087,0
223.86,1.29,2,0.1,1
46.01,2.4,2,0.184,3
53.82,2.59,2,0.148,2
152.89,2.3,2,0.096,1
36.11,13.19,3,0.068,0
265.66,2.18,2,0.064,1
42.23,3.08,2,0.496,3
44.41,13.48,3,0.081,0
49.84,3.41,2,0.417,3
173.4,1.79,2,0.038,1
38.06,12.01,3,0.069,0
47.82,10.3,2,0.131,0
40.58,3.69,3,0.246,3
208.8,2.37,3,0.083,1
30.22,9.56,3,0.147,0
185.25,2.27,2,0.016,1
35.75,3.71,1,0.307,3
205.45,1.91,3,0.049,1
34.07,11.92,2,0.128,0
65.13,2.59,3,0.271,3
19.45,14.21,4,0.068,0
41.2,9.86,3,0.146,0
34.21,1.06,1,0.02,2
22.97,13.07,2,0.098,0
201.2,1.95,2,0.051,1
43.35,6.67,3,0.135,0
29.03,0.92,1,0.058,2
29.21,10.71,3,0.15,0
220.83,2.4,2,0.033,1
158.84,1.93,1,0.046,1
36.28,14.31,4,0.148,0
30.93,13.82,3,0.1,0
152.54,2.25,1,0.068,1
208.6,0.67,3,0.026,1
244.52,2.32,2,0.097,1
41.71,10.72,3,0.092,0
17.21,0.61,1,0.007,2
285.17,1.99,2,0.088,1
33.26,0.48,1,0.004,2
29.32,8.28,4,0.151,0
21.77,0.95,1,0.019,2
29.85,0.74,1,0.022,2
53.65,2.07,2,0.426,3
187.87,0.68,1,0.084,1
43.61,13.89,4,0.163,0
44.6,2.83,2,0.41,3
45.33,1.57,1,0.355,3
48.31,3.6,2,0.321,3
31.7,13.24,3,0.134,0
34.73,11.4,3,0.166,0
40.62,3.97,2,0.417,3
47.9,3.61,2,0.319,3
21.18,0.56,1,0.018,2
192.42,1.83,2,0.019,1
38.83,9.68,4,0.031,0
16.63,12.01,2,0.09,0
37.93,13.9,3,0.113,0
19.56,0.65,2,0.021,2
131.89,1.93,2,0.04,1
163.13,2.22,1,0.025,1
48.89,1.38,3,0.39,3
38.9,1.95,2,0.396,3
35.96,1.76,3,0.401,3
34.55,12.04,3,0.123,0
28.15,0.69,1,0.034,2
192.39,1.43,2,0.0,1
26.58,15.34,4,0.092,0
8.66,0.62,1,0.013,2
23.21,12.55,2,0.137,0
189.96,2.4,2,0.095,1
176.15,2.73,2,0.064,1
32.92,1.22,1,0.036,2
189.58,1.8,2,0.058,1
230.39,1.67,3,0.041,1
19.35,0.98,1,0.045,2
31.15,10.49,3,0.046,0
29.55,1.78,1,0.0,2
37.05,9.78,3,0.1,0
21.58,0.33,2,0.03,2
31.97,12.6,4,0.073,0
26.38,0.2,1,0.028,2
29.32,9.6,3,0.103,0
199.3,1.31,2,0.082,1
42.86,11.89,4,0.163,0
46.84,3.04,3,0.375,3
208.44,1.88,2,0.106,1
225.19,1.11,2,0.042,1
26.96,2.69,3,0.42,3
148.24,2.23,2,0.0,1
43.62,1.71,2,0.213,3
243.01,1.68,2,0.041,1
30.32,0.76,1,0.02,2
37.9,2.32,2,0.185,3
27.51,12.37,4,0.178,0
243.26,1.92,1,0.132,1
219.0,0.9,2,0.039,1
34.02,15.54,3,0.198,0
214.55,1.19,3,0.092,1
24.32,0.38,1,0.0,2
25.7,2.23,2,0.332,3
35.89,13.69,4,0.073,0
38.96,13.9,3,0.042,0
35.16,14.47,2,0.018,0
251.8,2.62,2,0.019,1
59.35,10.36,1,0.088,2
47.26,3.43,2,0.442,3
28.06,14.13,3,0.015,0
180.05,2.18,1,0.007,1
38.39,4.21,2,0.291,3
58.46,2.96,2,0.429,3
163.22,2.32,3,0.081,1
30.11,9.91,3,0.119,0
64.6,2.86,2,0.279,3
16.22,0.86,1,0.021,2
222.41,1.43,2,0.074,1
212.66,1.97,1,0.046,1
38.52,11.23,2,0.098,0
36.47,12.96,3,0.097,0
184.68,2.4,2,0.077,1
31.19,12.41,4,0.185,0
26.67,1.72,1,0.014,2
209.35,2.39,2,0.09,1
39.55,2.54,2,0.373,3
42.37,11.75,4,0.062,0
26.63,3.31,2,0.433,3
121.08,2.59,2,0.052,1
24.66,15.42,3,0.1,0
44.5,14.97,4,0.072,0
33.48,1.21,1,0.014,2
48.95,2.85,2,0.426,3
246.54,2.24,3,0.019,1
214.12,2.15,1,0.075,1
49.66,3.32,2,0.492,3
20.27,0.83,1,0.01,2
191.73,2.87,3,0.047,1
36.27,13.67,4,0.171,0
220.31,2.53,2,0.029,1
27.51,1.9,1,0.028,2
30.26,0.75,1,0.031,2
38.39,9.67,3,0.167,0
43.28,3.96,2,0.382,3
36.82,9.26,2,0.07,0
33.02,12.96,4,0.17,0
44.33,12.61,3,0.059,0
49.1,2.52,1,0.334,3
17.21,0.97,1,0.029,2
21.83,10.08,3,0.059,0
29.02,11.51,4,0.159,0
35.33,2.89,2,0.248,3
215.08,1.63,1,0.073,1
21.79,0.98,1,0.024,2
164.27,1.86,2,0.013,1
52.07,2.17,3,0.422,3
41.47,15.04,2,0.184,0
27.55,0.91,1,0.0,2
154.28,1.88,3,0.068,1
167.04,1.59,2,0.031,1
44.05,13.0,2,0.012,0
37.32,8.93,3,0.114,0
31.26,11.33,4,0.121,0
30.57,1.41,1,0.078,2
33.63,13.04,2,0.079,0
29.43,0.74,1,0.05,2
206.95,2.55,3,0.106,1
206.8,1.81,3,0.059,1
36.51,3.21,3,0.427,3
35.09,8.83,3,0.141,0
43.5,10.25,2,0.082,0
41.87,13.95,4,0.086,0
51.36,3.45,2,0.276,3
13.7,1.03,1,0.005,2
47.0,2.74,2,0.328,3
33.35,13.42,3,0.056,0
32.42,13.63,3,0.142,0
197.55,1.54,2,0.024,1
220.56,0.57,2,0.099,1
46.19,14.84,2,0.105,0
198.09,1.9,2,0.029,1
261.3,2.12,2,0.119,1
189.06,1.89,2,0.039,1
259.66,3.27,2,0.026,1
37.86,14.03,3,0.13,0
33.06,0.4,1,0.014,2
31.89,1.08,1,0.0,2
249.17,2.7,1,0.0,1
37.56,2.51,2,0.358,3
260.45,1.95,1,0.032,1
18.17,1.69,1,0.0,2
14.84,11.39,3,0.099,0
49.17,2.8,1,0.418,3
202.76,2.24,3,0.06,1
47.46,1.99,2,0.426,3
45.12,11.91,3,0.158,0
209.19,2.41,4,0.067,1
213.33,1.98,2,0.079,1
55.06,3.21,1,0.288,3
197.92,2.31,2,0.073,1
28.9,9.25,4,0.059,0
41.81,2.82,1,0.297,3
43.68,2.98,3,0.308,3
64.67,4.37,2,0.359,3
16.97,0.95,1,0.048,2
39.71,3.49,2,0.504,3
22.59,1.05,1,0.0,2
208.56,2.01,1,0.014,1
239.24,1.45,1,0.071,1
10.46,0.63,1,0.01,2
37.95,1.76,2,0.267,3
191.45,1.95,2,0.055,1
181.06,2.18,3,0.035,1
238.2,1.91,3,0.013,1
40.81,8.55,1,0.128,2
21.89,14.05,3,0.123,0
167.87,1.64,2,0.107,1
202.94,1.5,2,0.001,1
207.4,2.18,2,0.078,1
195.58,2.6,2,0.019,1
32.4,0.95,1,0.018,2
44.85,11.18,4,0.114,0
20.38,1.2,1,0.011,2
40.13,14.47,3,0.078,0
28.86,10.23,3,0.091,0
206.49,2.81,2,0.074,1
19.53,1.12,1,0.0,2
20.8,1.42,2,0.054,2
207.37,2.28,3,0.024,1
69.43,3.48,2,0.233,3
180.46,2.29,1,0.047,1
42.32,2.6,3,0.472,3
213.23,1.03,3,0.007,1
23.33,0.78,1,0.046,2
33.78,1.63,1,0.035,2
11.62,0.71,1,0.026,2
47.34,3.61,2,0.356,3
155.24,3.06,3,0.078,1
25.42,0.78,1,0.038,2
44.67,13.28,3,0.181,0
23.55,0.55,1,0.028,2
223.93,2.52,2,0.077,1
26.66,0.62,1,0.009,2
26.21,1.35,1,0.019,2
23.4,0.83,1,0.0,2
179.82,1.34,2,0.019,1
39.08,12.14,3,0.171,0
52.16,2.98,2,0.396,3
233.68,2.25,1,0.056,1
239.67,1.59,3,0.048,1
223.38,2.41,2,0.015,1
15.56,1.68,1,0.0,2
47.62,2.91,3,0.412,3
29.8,11.77,3,0.11,0
34.64,13.16,3,0.059,0
193.11,2.08,2,0.058,1
147.43,1.42,2,0.023,1
54.04,2.53,2,0.336,3
41.13,2.03,3,0.435,3
39.23,2.13,1,0.248,3
180.68,2.55,2,0.04,1
42.94,11.46,3,0.1,0
224.24,1.57,2,0.057,1
55.22,3.56,2,0.422,3
23.43,1.86,1,0.019,2
42.79,14.96,3,0.141,0
44.03,12.67,4,0.065,0
45.6,11.27,3,0.047,0
219.19,1.83,3,0.06,1
55.39,1.9,3,0.384,3
30.28,0.84,1,0.0,2
23.43,16.9,3,0.138,0
132.38,1.17,1,0.062,2
197.26,1.23,1,0.022,1
260.8,2.32,1,0.059,1
188.61,1.74,1,0.041,1
30.24,4.03,2,0.292,3
37.01,12.99,3,0.071,0
251.0,2.69,1,0.064,1
220.38,1.02,2,0.055,1
187.73,1.29,2,0.035,1
49.15,12.6,2,0.131,0
35.18,2.48,3,0.263,3
15.26,1.03,1,0.019,2
210.71,2.57,2,0.043,1
234.72,2.22,2,0.04,1
216.24,1.76,2,0.059,1
42.03,11.18,3,0.054,0
49.66,13.72,3,0.11,0
171.19,2.03,1,0.113,1
22.9,2.72,2,0.204,3
203.63,1.46,2,0.042,1
196.3,1.97,3,0.058,1
41.29,13.77,3,0.159,0
20.64,0.91,1,0.014,2
160.5,1.13,2,0.066,1
50.33,7.51,2,0.039,0
37.21,13.87,2,0.063,0
40.45,16.04,1,0.033,0
41.16,4.37,2,0.365,3
24.85,0.7,1,0.008,2
51.77,3.16,2,0.399,3
33.85,1.08,1,0.04,2
51.07,1.45,2,0.357,3
25.68,0.35,2,0.004,2
36.9,8.72,4,0.136,0
54.34,3.24,2,0.301,3
33.56,11.48,3,0.109,0
139.79,1.66,2,0.072,1
60.69,2.5,2,0.306,3
35.73,11.52,4,0.062,0
211.23,1.89,2,0.0,1
5.0,10.51,3,0.112,0
55.59,16.37,2,0.092,0
23.93,1.21,2,0.0,2
48.28,2.04,2,0.41,3
33.1,0.31,1,0.034,2
44.46,1.66,1,0.478,3
42.3,8.9,3,0.117,0
169.13,1.32,2,0.004,1
46.89,1.96,2,0.264,3
51.98,2.36,2,0.244,3
34.36,2.56,2,0.318,3
201.43,1.67,2,0.066,1
259.57,2.35,2,0.025,1
34.77,10.46,3,0.038,0
22.12,8.83,3,0.077,0
49.96,2.71,2,0.403,3
48.64,4.63,2,0.386,3
33.26,3.41,1,0.357,3
31.24,13.55,3,0.102,0
26.43,2.7,2,0.44,3
67.91,1.27,2,0.479,3
164.76,1.07,1,0.0,1
16.6,1.81,1,0.056,2
190.88,2.02,2,0.047,1
164.52,0.37,1,0.055,1
24.83,0.81,1,0.024,2
171.27,2.29,1,0.035,1
47.78,2.89,2,0.33,3
208.42,1.66,2,0.042,1
225.31,1.66,2,0.025,1
38.86,2.72,2,0.382,3
32.64,2.82,1,0.161,2
195.6,2.06,2,0.058,1
26.11,1.25,1,0.016,2
229.41,1.5,3,0.022,1
201.0,1.3,2,0.004,1
17.81,2.39,2,0.302,3
51.29,2.72,2,0.406,3
33.8,7.64,3,0.106,0
38.62,2.04,3,0.295,3
204.04,1.93,2,0.025,1
37.65,14.24,3,0.174,0
191.13,2.03,2,0.043,1
31.96,7.52,2,0.166,0
193.92,2.08,2,0.061,1
42.94,11.04,4,0.037,0
41.29,11.76,3,0.108,0
59.05,3.05,2,0.158,3
38.35,3.78,1,0.279,3
10.72,0.87,1,0.022,2
45.78,3.92,1,0.463,3
33.39,12.85,2,0.069,0
39.66,3.53,2,0.301,3
163.55,2.37,2,0.06,1
31.58,11.99,2,0.033,0
54.85,3.44,2,0.337,3
40.87,13.96,2,0.106,0
52.3,3.54,2,0.561,3
37.91,9.28,4,0.105,0
40.78,11.83,5,0.109,0
28.79,3.24,2,0.387,3
31.19,1.03,1,0.065,2
19.04,7.7,5,0.043,0
31.18,9.96,4,0.15,0
226.37,2.16,1,0.04,1
17.98,1.22,1,0.029,2
20.62,0.9,1,0.059,2
49.99,2.78,3,0.302,3
42.13,8.33,3,0.043,0
60.17,2.78,2,0.335,3
36.5,4.83,4,0.131,0
152.05,1.22,1,0.046,1
57.23,4.5,2,0.357,3
38.86,0.66,2,0.0,2
38.12,9.07,4,0.06,0
213.29,1.4,2,0.062,1
14.84,1.32,1,0.015,2
57.58,3.45,2,0.501,3
40.74,2.3,2,0.402,3
35.1,10.96,3,0.105,0
45.05,2.87,2,0.216,3
47.13,11.56,3,0.096,0
22.72,0.28,2,0.051,2
28.11,12.81,3,0.063,0
143.81,2.31,3,0.031,1
173.09,3.55,2,0.036,1
33.03,11.04,2,0.118,0
32.15,8.41,4,0.096,0
30.52,0.9,1,0.031,2
50.65,12.76,2,0.106,0
226.96,1.88,2,0.097,1
226.8,1.89,2,0.095,1
35.86,11.37,4,0.07,0
28.26,7.44,2,0.055,0
181.17,1.66,3,0.047,1
206.39,3.54,2,0.117,1
32.18,13.97,4,0.145,0
185.43,1.9,2,0.043,1
25.32,2.03,2,0.408,3
32.32,8.18,4,0.047,0
29.71,11.73,1,0.066,2
54.1,2.52,2,0.346,3
226.13,2.79,3,0.071,1
37.16,14.93,2,0.082,0
61.47,2.97,1,0.315,3
196.31,1.88,2,0.06,1
48.69,15.63,3,0.137,0
42.11,3.1,3,0.361,3
226.34,1.95,2,0.11,1
25.69,11.17,5,0.12,0
16.61,1.58,2,0.372,3
26.68,1.11,1,0.051,2
49.86,10.96,3,0.101,0
203.05,1.79,2,0.077,1
48.25,11.65,3,0.033,0
36.36,14.0,3,0.0,0
28.31,1.01,1,0.019,2
213.46,1.49,2,0.058,1
30.24,7.42,3,0.115,0
35.46,3.87,2,0.265,3
29.54,1.66,1,0.017,2
57.15,3.43,3,0.36,3
203.36,1.78,1,0.007,1
211.75,2.57,2,0.075,1
31.58,11.55,2,0.046,0
46.37,10.79,3,0.113,0
196.07,1.94,2,0.026,1
208.28,1.87,2,0.028,1
40.17,11.83,2,0.137,0
40.59,3.64,2,0.298,3
32.01,3.63,2,0.255,3
28.96,0.84,1,0.032,2
188.38,2.47,2,0.022,1
214.56,1.84,2,0.069,1
18.58,10.7,4,0.067,0
65.69,3.36,2,0.375,3
18.55,0.49,1,0.034,2
155.89,2.78,1,0.081,1
43.01,2.69,2,0.279,3
55.05,1.08,2,0.366,3
30.1,9.28,4,0.109,0
27.35,1.5,1,0.041,2
226.17,2.26,3,0.031,1
36.54,1.17,1,0.012,2
44.26,13.96,3,0.024,0
35.17,8.58,3,0.029,0
42.38,3.59,3,0.437,3
40.78,2.83,2,0.324,3
50.96,14.79,3,0.114,0
177.25,1.69,1,0.07,1
52.2,10.96,2,0.132,0
182.16,3.41,2,0.013,1
30.5,9.84,4,0.096,0
23.9,1.13,1,0.005,2
47.23,2.83,2,0.357,3
52.02,2.7,2,0.481,3
51.94,2.81,2,0.341,3
177.37,0.59,1,0.112,1
163.29,1.93,2,0.069,1
20.22,0.97,1,0.021,2
45.55,3.03,3,0.418,3
42.13,4.13,1,0.266,3
38.74,2.3,3,0.403,3
131.4,2.19,2,0.082,1
51.58,3.45,2,0.249,3
48.02,2.9,2,0.334,3
42.08,3.37,2,0.302,3
33.81,13.96,3,0.122,0
189.37,1.65,2,0.027,1
182.72,2.03,2,0.039,1
21.99,0.74,2,0.009,2
59.31,4.26,1,0.371,3
34.88,13.23,4,0.121,0
33.14,14.89,4,0.06,0
177.96,3.03,2,0.039,1
48.67,2.04,2,0.288,3
16.88,2.97,3,0.342,3
44.78,8.45,3,0.114,0
47.07,2.27,2,0.268,3
42.99,4.03,2,0.509,3
35.23,8.86,3,0.12,0
260.91,2.0,2,0.027,1
29.61,0.2,1,0.016,2
32.91,4.37,2,0.364,3
40.9,2.96,2,0.342,3
27.3,1.19,1,0.01,2
39.22,2.71,3,0.361,3
216.1,3.17,2,0.01,1
47.75,8.57,3,0.092,0
24.43,13.25,3,0.101,0
52.77,5.19,1,0.431,3
50.36,10.21,4,0.045,0
192.67,1.71,2,0.037,1
35.9,3.89,1,0.368,3
240.73,1.58,3,0.083,1
188.84,2.15,2,0.033,1
26.31,0.81,2,0.037,2
42.02,12.29,4,0.089,0
38.7,8.5,2,0.038,0
202.35,1.51,2,0.087,1
28.86,12.11,3,0.099,0
218.41,1.54,2,0.078,1
52.24,2.19,1,0.382,3
188.61,1.38,2,0.103,1
57.27,1.07,3,0.328,3
214.12,2.17,1,0.0,1
37.93,2.85,2,0.314,3
38.66,2.87,3,0.344,3
25.6,14.87,2,0.135,0
152.65,2.71,2,0.04,1
137.37,2.46,1,0.071,1
61.12,3.1,2,0.33,3
36.12,13.97,4,0.095,0
182.19,2.75,2,0.054,1
22.25,0.92,2,0.02,2
35.03,10.65,4,0.044,0
56.91,2.6,2,0.289,3
165.05,0.93,2,0.024,1
251.74,2.64,2,0.035,1
25.54,13.97,2,0.168,0
43.47,2.98,2,0.287,3
24.07,1.14,1,0.039,2
49.33,3.53,1,0.352,3
187.25,0.99,2,0.045,1
164.77,1.6,1,0.051,1
23.01,1.16,1,0.022,2
34.0,2.87,2,0.307,3
35.75,10.82,3,0.135,0
53.55,3.31,2,0.32,3
22.06,1.3,1,0.001,2
23.14,0.97,1,0.018,2
26.22,13.67,4,0.103,0
51.38,3.35,2,0.28,3
20.12,1.47,1,0.016,2
208.9,2.22,1,0.049,1
45.26,2.04,2,0.338,3
161.74,2.06,1,0.074,1
51.53,3.07,2,0.376,3
229.38,2.3,2,0.048,1
152.49,2.4,2,0.036,1
28.22,0.93,1,0.024,2
21.38,1.24,1,0.009,2
37.49,4.67,2,0.432,3
64.63,1.92,2,0.41,3
23.58,7.66,2,0.073,0
171.45,2.25,3,0.011,1
184.42,2.89,2,0.058,1
62.21,2.91,2,0.302,3
37.16,3.21,2,0.341,3
29.42,14.8,2,0.034,0
63.15,2.48,2,0.35,3
42.65,3.17,2,0.355,3
17.91,1.14,1,0.018,2
26.43,1.35,1,0.056,2
31.88,14.92,4,0.07,0
144.99,1.78,2,0.026,1
199.98,2.25,3,0.014,1
217.11,1.42,1,0.098,1
56.8,2.87,2,0.422,3
37.83,3.95,2,0.061,2
36.91,12.08,3,0.118,0
57.72,3.55,2,0.453,3
194.72,1.63,2,0.057,1
167.16,2.2,2,0.041,1
29.64,11.52,3,0.082,0
33.88,3.56,2,0.494,3
24.91,1.31,1,0.029,2
160.29,1.22,2,0.018,1
27.38,8.22,3,0.142,0
42.59,3.18,2,0.391,3
183.91,2.07,3,0.078,1
230.21,2.07,1,0.06,1
47.28,1.89,2,0.38,3
177.22,2.02,2,0.0,1
13.42,1.1,1,0.012,2
249.74,1.2,2,0.089,1
18.61,1.24,1,0.03,2
175.46,1.93,3,0.078,1
37.71,8.83,3,0.124,0
50.68,2.99,2,0.355,3
151.19,1.94,2,0.056,1
42.43,13.77,4,0.125,0
195.26,1.22,1,0.025,1
50.81,4.96,2,0.437,3
35.51,10.73,3,0.153,0
47.84,10.32,4,0.107,0
177.66,2.14,2,0.036,1
43.1,14.41,3,0.01,0
51.53,2.76,2,0.313,3
41.88,2.51,1,0.171,2
194.68,0.77,2,0.048,1
38.88,13.33,3,0.039,0
208.43,2.32,1,0.032,1
55.46,2.84,1,0.462,3
16.05,0.55,1,0.005,2
39.2,10.91,3,0.119,0
51.05,1.14,2,0.351,3
33.08,6.72,3,0.111,0
38.0,4.21,2,0.356,3
26.01,0.73,1,0.026,2
41.98,12.05,2,0.078,0
39.62,1.93,2,0.292,3
40.93,9.46,4,0.114,0
193.91,1.6,2,0.047,1
174.88,0.94,2,0.0,1
30.81,1.55,1,0.028,2
26.71,14.39,2,0.102,0
44.07,10.76,2,0.156,0
205.15,2.35,2,0.083,1
56.36,2.69,1,0.235,3
30.72,15.0,4,0.047,0
26.86,0.2,1,0.0,2
50.71,14.11,4,0.073,0
30.09,11.74,3,0.173,0
22.07,1.3,1,0.013,2
24.46,2.18,2,0.27,3
33.45,0.82,2,0.012,2
207.17,2.42,2,0.052,1
47.39,2.45,2,0.326,3
34.63,10.1,4,0.176,0
226.32,0.77,2,0.043,1
24.77,11.67,3,0.121,0
52.04,11.71,4,0.041,0
194.36,2.6,1,0.0,1
39.15,15.8,1,0.067,0
24.87,10.79,4,0.103,0
47.77,1.0,3,0.164,3
67.38,2.09,2,0.266,3
26.5,0.61,1,0.009,2
245.23,2.29,2,0.013,1
42.47,13.69,4,0.106,0
35.52,11.55,3,0.037,0
47.98,3.28,2,0.271,3
160.26,1.83,2,0.057,1
16.6,12.3,4,0.209,0
46.53,2.94,2,0.421,3
34.59,11.34,3,0.098,0
44.62,3.49,1,0.213,2
42.24,11.85,1,0.113,0
148.8,2.07,3,0.101,1
46.92,2.24,2,0.432,3
27.52,1.0,1,0.021,2
44.57,2.87,2,0.399,3
37.29,0.63,1,0.038,2
175.64,2.28,2,0.041,1
26.9,1.17,1,0.0,2
202.25,1.65,3,0.098,1
55.74,3.05,2,0.384,3
175.6,1.58,2,0.053,1
122.06,2.04,3,0.124,1
39.23,1.7,2,0.405,3
44.46,12.36,2,0.108,0
33.2,3.39,2,0.35,3
41.67,2.63,2,0.284,3
44.1,8.35,3,0.099,0
47.76,2.63,2,0.352,3
25.76,0.94,1,0.0,2
66.89,3.14,2,0.314,3
34.93,9.7,4,0.078,0
25.5,0.8,1,0.015,2
29.67,11.05,3,0.128,0
202.71,1.73,2,0.031,1
185.44,2.55,3,0.067,1
33.63,2.61,2,0.323,3
22.1,11.33,4,0.144,0
30.13,9.99,4,0.079,0
30.77,17.54,3,0.137,0
33.8,12.43,3,0.09,0
14.31,1.62,2,0.031,2
61.27,2.92,2,0.481,3
52.07,4.08,1,0.235,3
28.14,1.46,1,0.016,2
26.29,7.97,2,0.123,0
257.28,3.22,1,0.059,1
20.93,0.77,1,0.009,2
40.86,12.2,3,0.106,0
231.75,2.34,3,0.041,1
223.35,1.45,3,0.067,1
183.74,1.94,2,0.031,1
34.35,15.64,3,0.098,0
191.64,1.87,1,0.1,1
204.69,0.66,2,0.078,1
19.57,1.47,1,0.033,2
229.02,2.89,2,0.086,1
198.13,1.78,3,0.056,1
232.97,2.11,2,0.031,1
16.76,13.2,4,0.103,0
214.56,3.47,3,0.035,1
51.19,2.85,2,0.249,3
201.36,2.53,1,0.059,1
40.44,2.33,2,0.456,3
52.19,3.35,2,0.308,3
59.1,3.49,2,0.275,3
170.77,2.19,3,0.06,1
134.18,2.01,2,0.052,1
31.83,13.51,3,0.134,0
28.51,13.05,4,0.145,0
198.46,2.04,2,0.013,1
27.68,12.09,3,0.096,0
260.43,1.67,2,0.043,1
64.97,1.7,3,0.407,3
36.13,3.12,2,0.449,3
12.69,0.68,1,0.037,2
219.38,1.12,2,0.043,1
43.34,4.88,2,0.454,3
182.19,1.78,2,0.067,1
17.71,1.23,1,0.041,2
31.09,1.8,2,0.224,3
39.68,3.47,2,0.355,3
44.87,3.85,1,0.404,3
45.87,2.79,1,0.427,3
45.71,10.18,2,0.109,0
21.43,0.5,2,0.034,2
38.18,9.83,2,0.127,0
35.09,14.9,4,0.099,0
26.84,0.65,1,0.025,2
157.58,1.83,2,0.105,1
20.78,0.81,2,0.0,2
28.88,2.52,1,0.315,3
230.15,1.68,3,0.098,1
206.52,3.19,2,0.073,1
38.93,13.13,4,0.089,0
27.87,0.34,1,0.017,2
21.06,1.89,2,0.011,2
52.84,2.8,1,0.42,3
48.01,12.54,4,0.074,0
205.0,2.44,1,0.067,1
239.47,2.83,2,0.033,1
204.97,1.67,2,0.061,1
128.72,1.7,2,0.075,1
216.94,2.74,4,0.054,1
205.01,2.56,3,0.077,1
36.9,9.66,2,0.127,0
198.22,2.16,3,0.038,1
218.16,2.14,3,0.059,1
24.15,6.77,5,0.145,0
241.33,2.81,2,0.046,1
42.47,3.58,2,0.277,3
40.81,3.63,1,0.091,2
26.15,0.75,1,0.019,2
27.38,0.74,1,0.02,2
27.62,2.93,2,0.372,3
23.84,13.59,3,0.152,0
22.01,0.57,1,0.0,2
237.44,1.85,2,0.03,1
178.47,2.59,3,0.06,1
47.12,9.21,4,0.146,0
53.76,2.89,1,0.442,3
40.12,8.79,3,0.096,0
51.78,2.8,1,0.291,3
27.77,10.08,3,0.09,0
24.31,16.59,4,0.02,0
41.04,3.03,3,0.29,3
194.85,1.64,2,0.03,1
167.38,1.78,3,0.046,1
45.26,12.1,3,0.088,0
32.06,11.23,3,0.154,0
209.81,2.24,1,0.052,1
49.52,11.17,3,0.06,0
54.17,4.12,2,0.235,3
29.18,0.2,1,0.015,2
168.99,2.04,2,0.019,1
43.2,3.28,2,0.212,3
179.17,2.33,1,0.002,1
62.94,3.86,2,0.339,3
214.54,1.46,1,0.048,1
235.63,1.96,2,0.036,1
42.25,2.91,3,0.414,3
31.47,8.7,3,0.061,0
35.86,8.22,3,0.131,0
33.53,5.39,2,0.288,3
38.06,14.08,2,0.142,0
43.89,13.97,2,0.096,0
39.65,7.95,4,0.078,0
25.85,0.87,1,0.016,2
198.11,2.75,3,0.041,1
188.72,1.84,3,0.03,1
40.47,12.8,2,0.079,0
51.1,3.79,2,0.345,3
16.45,2.26,1,0.023,2
40.53,3.26,1,0.439,3
27.68,0.7,2,0.0,2
37.07,9.28,2,0.041,0
211.97,2.16,2,0.043,1
36.78,13.64,4,0.07,0
35.18,9.41,4,0.206,0
179.85,1.71,2,0.018,1
45.65,17.53,1,0.087,0
236.67,1.78,2,0.003,1
51.63,3.13,2,0.369,3
16.42,13.4,4,0.016,0
27.41,0.64,1,0.017,2
33.71,13.52,2,0.12,0
53.51,11.03,3,0.112,0
40.5,14.57,4,0.121,0
29.94,13.17,3,0.086,0
43.29,3.09,2,0.358,3
54.13,3.96,1,0.46,3
43.16,3.8,3,0.224,3
46.44,8.7,3,0.053,0
51.32,13.55,2,0.089,0
189.28,2.34,2,0.03,1
34.79,10.28,4,0.064,0
193.08,1.82,2,0.056,1
230.61,1.87,3,0.089,1
25.4,0.43,1,0.02,2
36.78,3.92,2,0.306,3
25.73,13.49,4,0.058,0
232.46,2.49,3,0.066,1
27.32,0.99,2,0.0,2
48.13,12.64,4,0.127,0
214.56,1.72,2,0.114,1
205.81,1.89,2,0.108,1
42.93,1.64,2,0.341,3
55.44,1.87,2,0.364,3
37.02,2.99,3,0.417,3
50.75,2.92,2,0.234,3
31.74,10.12,3,0.119,0
39.35,4.28,2,0.197,3
35.99,2.86,2,0.332,3
38.64,3.64,1,0.187,2
35.79,11.9,2,0.132,0
22.6,0.89,1,0.024,2
30.55,12.37,4,0.16,0
25.87,2.61,2,0.316,3
29.78,8.27,3,0.118,0
201.08,2.21,2,0.025,1
42.78,2.55,2,0.31,3
208.43,1.62,2,0.016,1
47.44,16.08,4,0.151,0
25.56,12.5,2,0.113,0
177.05,1.32,2,0.03,1
46.03,3.49,2,0.334,3
35.55,13.87,3,0.198,0
14.92,1.01,1,0.036,2
55.31,4.19,2,0.364,3
25.51,13.9,2,0.052,0
39.6,15.04,2,0.06,0
29.6,9.93,2,0.091,0
29.0,14.7,2,0.0,0
26.09,2.72,2,0.283,3
47.1,14.39,3,0.061,0
41.5,12.51,2,0.201,0
214.33,2.68,2,0.064,1
180.73,1.77,1,0.019,1
24.19,0.84,1,0.0,2
202.6,1.42,1,0.089,1
33.02,1.85,2,0.296,3
22.07,12.82,2,0.054,0
26.96,10.32,4,0.115,0
210.7,2.5,2,0.06,1
42.76,9.48,3,0.07,0
47.8,10.8,2,0.128,0
37.61,9.53,2,0.089,0
35.45,3.57,2,0.382,3
33.77,12.26,4,0.07,0
210.88,1.74,3,0.04,1
19.84,1.34,1,0.012,2
188.59,2.84,3,0.024,1
27.41,7.99,3,0.071,0
41.08,2.61,3,0.341,3
147.23,1.54,2,0.049,1
40.29,1.23,2,0.237,3
41.7,3.08,2,0.201,3
176.13,2.62,1,0.0,1
49.05,3.75,2,0.409,3
34.62,0.31,1,0.0,2
27.68,0.94,1,0.015,2
33.83,1.17,1,0.013,2
30.77,12.77,3,0.101,0
31.19,11.76,4,0.133,0
41.93,11.09,3,0.108,0
229.77,2.14,2,0.052,1
35.99,2.89,2,0.34,3
242.54,2.77,2,0.025,1
32.92,10.64,2,0.167,0
236.71,2.31,2,0.028,1
33.38,0.29,1,0.006,2
24.92,8.56,3,0.053,0
26.45,1.6,1,0.0,2
52.31,4.81,2,0.362,3
36.84,3.1,2,0.253,3
225.56,1.86,2,0.059,1
19.53,1.15,2,0.0,2
28.38,7.57,3,0.125,0
228.32,0.84,2,0.106,1
38.11,13.11,3,0.117,0
25.77,13.13,3,0.091,0
54.64,8.89,2,0.132,0
181.19,1.99,3,0.071,1
21.72,1.3,1,0.062,2
32.82,9.58,3,0.119,0
246.48,2.85,1,0.066,1
48.19,3.27,2,0.261,3
47.34,2.45,2,0.35,3
48.84,2.13,1,0.45,3
27.79,11.57,2,0.085,0
181.51,2.55,2,0.03,1
135.16,1.93,3,0.044,1
30.12,2.95,3,0.426,3
34.66,9.73,4,0.105,0
20.53,1.46,1,0.004,2
50.74,8.64,3,0.119,0
185.71,2.37,2,0.053,1
55.91,2.91,2,0.249,3
24.39,2.34,2,0.447,3
23.11,12.87,3,0.085,0
170.62,1.36,2,0.065,1
30.78,7.1,3,0.109,0
43.14,14.53,3,0.065,0
205.91,0.83,3,0.007,1
211.85,2.18,2,0.035,1
35.13,3.28,3,0.414,3
52.83,2.41,2,0.349,3
31.92,8.94,3,0.129,0
241.5,1.89,2,0.057,1
51.96,1.46,1,0.222,2
223.39,2.65,2,0.07,1
61.16,1.11,1,0.358,3
39.49,4.05,3,0.421,3
28.93,11.22,2,0.185,0
206.05,1.87,1,0.041,1
22.04,12.0,3,0.132,0
42.08,12.6,4,0.124,0
38.1,12.63,2,0.086,0
158.16,0.84,2,0.005,1
42.95,2.77,2,0.392,3
26.4,4.15,1,0.258,3
174.91,4.05,2,0.074,1
51.94,3.04,2,0.254,3
216.12,2.84,1,0.056,1
26.28,15.22,2,0.133,0
18.67,1.48,1,0.026,2
42.74,6.39,3,0.092,0
207.77,3.18,2,0.033,1
31.07,17.17,2,0.059,0
28.34,14.04,5,0.118,0
188.39,1.72,2,0.052,1
183.48,2.36,3,0.068,1
29.56,1.83,1,0.0,2
184.41,2.05,2,0.015,1
21.4,2.56,3,0.348,3
23.94,13.76,2,0.095,0
34.21,18.92,4,0.154,0
27.09,10.53,3,0.084,0
34.77,10.15,3,0.15,0
203.29,2.47,2,0.02,1
54.54,2.76,2,0.44,3
30.02,12.32,3,0.127,0
31.38,1.36,1,0.026,2
42.7,2.01,2,0.512,3
26.53,2.92,2,0.346,3
47.87,3.21,2,0.364,3
115.17,2.81,2,0.067,1
221.31,2.77,2,0.076,1
175.22,1.77,2,0.045,1
42.43,3.31,2,0.249,3
25.95,3.19,2,0.458,3
50.02,2.13,2,0.424,3
207.33,1.82,2,0.062,1
32.37,3.0,2,0.423,3
26.49,0.66,1,0.0,2
180.8,2.27,1,0.054,1
61.8,3.17,2,0.218,3
41.96,2.99,3,0.328,3
31.26,9.56,2,0.212,0
214.19,1.61,1,0.076,1
19.33,7.11,3,0.077,0
37.47,13.2,2,0.137,0
183.83,1.91,2,0.035,1
32.46,12.71,4,0.043,0
45.1,2.98,3,0.346,3
239.76,1.5,1,0.051,1
38.53,13.04,2,0.075,0
32.6,8.28,3,0.099,0
164.28,2.2,1,0.041,1
40.44,4.49,2,0.388,3
164.86,0.34,2,0.06,1
39.26,2.37,2,0.38,3
40.24,2.53,2,0.511,3
30.31,4.25,1,0.45,3
54.28,11.6,2,0.119,0
36.71,9.51,5,0.106,0
203.92,2.4,3,0.044,1
26.72,13.41,3,0.069,0
34.84,9.82,3,0.06,0
38.06,8.94,3,0.21,0
40.03,2.57,2,0.338,3
30.39,2.64,2,0.305,3
33.04,6.76,2,0.143,0
23.66,1.02,1,0.015,2
44.16,11.37,4,0.144,0
33.95,9.97,4,0.136,0
33.91,0.73,1,0.032,2
27.99,1.45,1,0.053,2
49.4,2.85,2,0.265,3
183.75,2.15,3,0.029,1
42.96,15.55,2,0.104,0
57.31,2.91,3,0.323,3
35.4,2.98,2,0.311,3
202.58,1.52,2,0.019,1
217.22,1.29,2,0.029,1
33.75,13.11,3,0.116,0
207.53,2.06,2,0.065,1
32.49,3.3,3,0.391,3
209.99,1.15,2,0.081,1
249.25,2.39,1,0.0,1
58.02,4.48,2,0.297,3
33.19,12.71,3,0.089,0
31.91,1.1,2,0.038,2
25.88,1.3,1,0.018,2
46.16,3.41,2,0.405,3
31.78,10.83,4,0.038,0
179.55,1.65,2,0.109,1
33.14,13.2,2,0.111,0
19.13,0.57,2,0.005,2
29.82,12.33,2,0.052,0
171.57,2.22,2,0.062,1
246.15,2.13,2,0.034,1
26.59,12.07,3,0.118,0
178.05,2.6,2,0.059,1
35.4,8.92,3,0.181,0
45.88,1.61,1,0.343,3
169.46,2.35,2,0.045,1
221.54,1.86,2,0.026,1
171.68,2.2,2,0.024,1
21.78,11.23,2,0.092,0
30.2,12.7,3,0.12,0
58.16,3.52,2,0.285,3
40.7,10.89,3,0.105,0
42.26,3.68,2,0.33,3
34.29,11.12,2,0.152,0
26.05,0.38,1,0.014,2
40.87,7.97,2,0.105,0
15.21,9.09,4,0.041,0
179.09,2.7,2,0.065,1
23.84,0.85,2,0.007,2
38.83,2.76,1,0.385,3
23.64,0.77,1,0.041,2
180.31,1.38,1,0.031,1
40.49,9.74,3,0.092,0
176.15,1.68,2,0.0,1
49.92,3.8,2,0.392,3
34.7,9.1,3,0.173,0
229.65,2.68,2,0.028,1
36.29,6.95,4,0.114,0
40.18,6.42,3,0.096,0
24.87,3.28,2,0.315,3
219.21,3.0,2,0.059,1
11.61,3.94,3,0.398,3
26.97,1.32,1,0.018,2
23.48,1.1,1,0.053,2
28.38,9.43,3,0.082,0
40.84,7.98,3,0.106,0
27.15,1.32,1,0.027,2
38.36,3.22,2,0.472,3
24.63,0.33,1,0.028,2
35.63,0.2,1,0.002,2
216.65,2.82,1,0.075,1
173.76,2.98,2,0.031,1
171.16,2.45,2,0.067,1
32.57,1.97,3,0.398,3
223.94,2.07,1,0.095,1
9.74,0.48,1,0.058,2
172.02,2.54,2,0.019,1
39.71,13.85,4,0.029,0
173.92,1.83,3,0.043,1
40.47,2.59,3,0.316,3
24.87,3.53,2,0.404,3
42.59,9.83,3,0.011,0
30.94,12.07,2,0.157,0
177.17,2.72,3,0.082,1
38.39,3.14,2,0.381,3
237.95,1.86,2,0.029,1
30.84,2.28,1,0.292,3
8.37,0.57,1,0.041,2
26.0,10.89,3,0.096,0
46.7,10.76,3,0.021,0
26.38,0.71,1,0.0,2
23.75,11.32,4,0.09,0
63.37,3.28,2,0.405,3
15.92,0.98,1,0.046,2
32.55,1.21,1,0.038,2
26.21,13.75,4,0.071,0
38.78,2.77,3,0.43,3
38.06,2.55,2,0.244,3
47.43,2.0,2,0.329,3
39.96,10.68,3,0.097,0
59.07,3.52,2,0.321,3
236.98,1.34,1,0.069,1
42.79,12.32,2,0.077,0
26.4,14.37,2,0.052,0
43.27,11.05,3,0.067,0
177.97,1.61,2,0.065,1
184.83,2.23,2,0.069,1
29.46,1.35,2,0.04,2
25.07,0.93,1,0.026,2
44.05,2.41,1,0.434,3
41.88,3.41,2,0.353,3
45.72,12.9,2,0.138,0
31.43,8.43,4,0.098,0
45.64,3.58,3,0.363,3
45.0,1.86,3,0.291,3
28.83,12.14,3,0.134,0
36.67,3.23,2,0.403,3
24.8,0.33,1,0.025,2
25.55,1.15,1,0.028,2
167.48,0.85,2,0.099,1
35.57,10.68,3,0.081,0
29.17,4.94,2,0.37,3
31.6,0.39,1,0.0,2
32.26,2.21,3,0.359,3
174.55,2.23,1,0.074,1
40.5,8.83,4,0.096,0
209.0,2.99,2,0.007,1
46.62,3.12,2,0.423,3
24.54,0.34,1,0.013,2
22.96,15.57,4,0.048,0
23.07,0.63,1,0.033,2
55.89,3.21,2,0.331,3
175.38,2.55,2,0.048,1
28.66,1.29,1,0.036,2
43.27,11.51,3,0.125,0
44.95,2.07,3,0.378,3
212.21,1.92,1,0.038,1
218.54,2.65,2,0.029,1
251.0,1.9,1,0.067,1
53.6,4.32,2,0.476,3
44.27,11.59,3,0.077,0
68.62,2.87,3,0.46,3
39.73,11.45,3,0.069,0
29.35,11.09,4,0.116,0
30.29,3.38,3,0.087,0
35.7,2.6,2,0.194,3
29.5,8.05,2,0.136,0
273.27,1.95,1,0.057,1
27.76,0.81,1,0.016,2
181.06,2.1,2,0.068,1
27.08,1.36,1,0.003,2
28.69,1.58,1,0.036,2
45.55,15.46,4,0.043,0
214.78,1.49,2,0.049,1
40.9,2.86,2,0.455,3
207.56,2.1,2,0.07,1
147.98,1.61,3,0.032,1
42.44,13.97,3,0.15,0
41.18,2.51,2,0.382,3
210.56,3.23,2,0.066,1
29.2,17.23,3,0.062,0
46.11,9.33,3,0.129,0
34.75,2.8,1,0.475,3
35.02,11.7,3,0.03,0
161.7,1.98,2,0.053,1
33.59,11.29,3,0.067,0
35.95,9.06,3,0.118,0
218.98,2.57,3,0.014,1
39.53,11.48,3,0.141,0
32.5,12.98,2,0.101,0
49.05,2.35,1,0.26,3
36.97,1.0,1,0.027,2
66.01,4.29,3,0.289,3
56.61,2.26,3,0.395,3
38.28,4.33,2,0.282,3
230.47,1.76,2,0.048,1
48.65,3.37,2,0.307,3
34.56,13.85,3,0.124,0
29.69,1.54,1,0.0,2
32.37,8.48,2,0.127,0
54.76,15.51,3,0.101,0
37.73,13.51,2,0.043,0
45.26,3.67,2,0.422,3
31.05,3.85,2,0.408,3
20.88,0.88,2,0.005,2
35.63,3.79,2,0.371,3
210.57,1.86,1,0.04,1
225.61,2.79,3,0.046,1
24.68,0.54,1,0.022,2
28.6,0.97,1,0.052,2
229.48,2.94,2,0.049,1
32.96,10.88,2,0.037,0
19.47,11.8,3,0.137,0
184.97,1.53,2,0.052,1
28.02,1.04,1,0.003,2
220.19,1.32,2,0.044,1
30.39,11.44,3,0.165,0
251.27,2.69,2,0.03,1
31.22,6.25,3,0.149,0
218.14,1.59,2,0.071,1
42.2,10.58,4,0.077,0
8.78,0.65,1,0.016,2
45.52,12.37,4,0.123,0
198.33,2.34,1,0.054,1
49.32,11.14,3,0.111,0
40.81,9.26,2,0.029,0
38.55,14.89,3,0.129,0
25.35,0.75,1,0.0,2
52.25,3.99,2,0.435,3
31.31,13.37,3,0.08,0
210.74,1.55,2,0.077,1
39.59,4.34,2,0.508,3
37.07,3.26,3,0.282,3
57.25,3.89,1,0.272,3
36.93,0.91,1,0.028,2
63.12,2.66,2,0.436,3
123.16,1.04,2,0.055,1
24.56,1.1,1,0.0,2
50.44,2.77,1,0.374,3
29.8,11.12,3,0.117,0
26.55,0.36,1,0.0,2
190.78,2.07,2,0.081,1
66.03,3.26,2,0.418,3
190.31,1.48,1,0.0,1
25.12,0.83,1,0.015,2
38.12,2.5,2,0.246,3
59.49,2.59,1,0.254,3
50.22,3.59,1,0.214,2
182.18,2.07,2,0.084,1
32.55,12.81,1,0.169,0
145.1,2.29,2,0.0,1
204.05,2.55,3,0.07,1
222.17,3.61,2,0.031,1
37.3,14.07,2,0.115,0
28.74,1.04,1,0.0,2
26.56,2.66,2,0.361,3
175.13,1.29,2,0.008,1
41.02,10.22,2,0.06,0
33.0,10.32,3,0.162,0
36.59,11.04,3,0.053,0
39.07,1.59,1,0.0,2
58.02,3.24,2,0.337,3
231.4,2.53,1,0.042,1
32.35,0.93,1,0.011,2
25.75,0.91,1,0.005,2
17.91,1.06,1,0.003,2
28.32,10.34,3,0.054,0
29.75,1.1,1,0.0,2
40.75,4.25,2,0.513,3
49.55,3.98,2,0.413,3
50.29,14.52,4,0.154,0
56.98,3.18,2,0.234,3
176.9,1.54,3,0.069,1
44.74,2.33,3,0.359,3
189.51,1.94,2,0.024,1
22.25,12.69,4,0.09,0
35.52,2.35,3,0.333,3
33.08,14.39,3,0.122,0
211.01,2.32,1,0.033,1
22.56,12.41,3,0.102,0
22.01,8.98,2,0.124,0
192.35,2.21,2,0.009,1
144.7,1.54,2,0.053,1
33.39,12.64,4,0.057,0
189.44,2.45,3,0.112,1
23.61,12.38,3,0.036,0
35.81,9.59,3,0.129,0
29.55,0.2,1,0.011,2
45.82,2.16,1,0.238,3
210.79,3.14,1,0.043,1
45.93,10.96,2,0.127,0
38.16,2.35,2,0.373,3
55.66,2.72,2,0.432,3
34.31,14.76,3,0.132,0
168.25,2.74,2,0.04,1
46.83,3.94,2,0.299,3
23.65,14.39,4,0.132,0
39.64,13.4,3,0.093,0
27.16,0.99,1,0.029,2
238.05,1.91,2,0.058,1
36.21,1.05,1,0.007,2
19.33,0.96,1,0.036,2
33.9,15.95,3,0.06,0
21.07,1.5,2,0.0,2
33.95,12.23,3,0.127,0
43.22,3.52,2,0.321,3
35.43,12.06,3,0.095,0
28.75,0.79,1,0.028,2
43.9,10.48,3,0.128,0
50.81,2.24,2,0.371,3
166.23,2.07,2,0.069,1
180.24,1.54,2,0.033,1
35.03,4.87,1,0.476,3
205.32,2.68,4,0.076,1
46.95,3.04,1,0.302,3
60.82,2.5,2,0.26,3
46.14,2.58,2,0.332,3
26.0,1.6,1,0.006,2
35.39,0.41,1,0.013,2
35.72,12.12,2,0.079,0
40.56,3.99,3,0.249,3
43.6,2.98,2,0.35,3
202.48,2.49,2,0.068,1
31.11,15.14,4,0.112,0
49.93,2.8,2,0.338,3
30.72,1.49,1,0.076,2
241.03,0.88,2,0.055,1
42.02,6.11,3,0.112,0
163.02,2.02,3,0.033,1
27.72,13.44,3,0.1,0
54.77,3.92,3,0.286,3
261.97,1.27,1,0.077,1
49.37,3.33,3,0.512,3
35.02,2.43,2,0.308,3
37.72,1.35,1,0.014,2
37.35,10.19,3,0.134,0
15.09,1.07,1,0.012,2
39.0,8.78,3,0.042,0
22.78,1.32,2,0.019,2
164.29,1.27,3,0.042,1
203.42,1.82,2,0.033,1
35.94,13.66,5,0.123,0
256.0,1.18,2,0.081,1
204.36,1.21,3,0.016,1
253.78,2.16,3,0.068,1
43.0,12.71,3,0.053,0
47.76,2.07,2,0.394,3
38.55,13.23,2,0.075,0
44.65,8.67,2,0.086,0
142.67,2.36,1,0.066,1
205.53,2.29,1,0.065,1
45.44,3.04,2,0.276,3
21.7,9.12,2,0.099,0
67.21,2.39,2,0.465,3
27.03,12.44,4,0.148,0
208.78,1.71,2,0.103,1
28.39,0.2,1,0.031,2
36.67,10.76,4,0.12,0
183.96,0.28,3,0.04,1
159.53,1.7,2,0.0,1
37.05,11.83,3,0.09,0
177.06,1.16,2,0.069,1
38.56,1.12,1,0.01,2
21.65,0.56,1,0.013,2
49.65,2.25,3,0.45,3
20.55,0.5,1,0.022,2
19.7,0.29,1,0.002,2
51.49,3.61,1,0.306,3
30.25,1.09,1,0.031,2
52.27,3.01,2,0.403,3
219.42,1.02,2,0.033,1
217.32,2.2,3,0.033,1
24.32,12.6,3,0.077,0
47.96,3.86,2,0.325,3
61.19,4.31,2,0.232,3
37.8,11.58,3,0.082,0
221.56,1.87,2,0.096,1
62.63,2.82,2,0.35,3
17.05,0.8,1,0.0,2
173.59,1.83,1,0.096,1
29.48,2.71,3,0.364,3
49.84,8.27,2,0.094,0
50.17,2.41,3,0.219,3
166.35,2.18,2,0.058,1
44.87,13.6,2,0.073,0
37.06,3.02,2,0.437,3
39.24,3.47,3,0.536,3
34.75,9.72,3,0.081,0
55.96,1.71,2,0.369,3
18.67,0.27,1,0.0,2
21.99,0.87,1,0.066,2
229.17,2.04,1,0.057,1
183.89,3.08,2,0.12,1
25.79,1.13,2,0.036,2
34.81,0.77,1,0.002,2
228.26,2.69,2,0.089,1
32.43,10.45,3,0.056,0
218.69,2.47,3,0.012,1
42.77,10.17,3,0.052,0
49.1,4.42,3,0.384,3
30.19,12.68,3,0.047,0
252.45,1.75,2,0.107,1
49.14,1.27,2,0.294,3
25.21,11.81,4,0.052,0
33.01,9.94,3,0.105,0
39.92,11.68,4,0.114,0
162.41,2.11,2,0.04,1
45.45,2.94,2,0.411,3
23.06,0.45,1,0.045,2
221.85,1.79,1,0.036,1
59.29,4.4,2,0.331,3
21.73,4.29,2,0.239,3
35.67,1.83,1,0.356,3
215.4,1.15,2,0.111,1
36.27,13.69,2,0.055,0
21.91,1.45,1,0.012,2
54.36,2.82,2,0.36,3
14.45,1.04,2,0.001,2
26.28,0.6,1,0.018,2
251.2,2.45,2,0.063,1
196.68,2.31,3,0.075,1
232.92,2.49,3,0.046,1
26.67,1.25,1,0.011,2
24.96,1.4,1,0.007,2
220.16,2.14,2,0.049,1
38.42,0.9,1,0.033,2
25.78,1.24,1,0.047,2
193.64,1.42,2,0.054,1
218.28,0.74,1,0.047,1
46.62,10.25,3,0.074,0
37.39,2.55,1,0.378,3
210.88,2.43,2,0.0,1
45.1,3.07,4,0.307,3
206.71,1.5,2,0.012,1
205.54,2.2,2,0.084,1
32.55,12.81,3,0.031,0
39.64,3.28,1,0.39,3
36.18,1.18,1,0.051,2
217.41,1.98,2,0.024,1
45.95,13.5,5,0.17,0
32.63,9.2,4,0.065,0
25.47,1.2,1,0.0,2
48.63,2.67,2,0.196,3
193.57,2.34,2,0.04,1
162.67,2.64,2,0.054,1
159.49,2.02,3,0.011,1
40.28,2.83,3,0.466,3
63.35,1.02,2,0.204,3
31.37,15.73,3,0.152,0
190.82,2.03,2,0.079,1
63.57,2.69,2,0.426,3
38.04,8.48,2,0.101,0
22.54,1.4,1,0.032,2
39.26,9.81,2,0.046,0
192.15,0.58,4,0.047,1
68.83,2.91,2,0.302,3
47.29,10.1,3,0.148,0
29.23,14.74,3,0.11,0
24.47,0.87,1,0.0,2
256.29,2.77,2,0.053,1
234.49,1.32,2,0.06,1
28.72,3.54,3,0.428,3
180.65,1.84,3,0.066,1
196.98,1.85,2,0.04,1
55.74,4.03,2,0.418,3
27.81,9.02,3,0.11,0
42.57,7.26,3,0.137,0
51.01,11.77,3,0.073,0
188.08,2.05,2,0.005,1
166.56,2.58,2,0.0,1
43.87,16.18,4,0.138,0
37.97,0.2,1,0.0,2
222.89,1.52,2,0.041,1
32.33,11.48,4,0.118,0
193.73,2.72,2,0.094,1
195.41,0.38,1,0.018,1
22.68,0.86,1,0.022,2
30.82,1.21,1,0.023,2
30.44,0.92,1,0.03,2
45.15,2.5,2,0.277,3
21.3,0.7,2,0.026,2
169.95,2.09,3,0.036,1
20.78,6.91,3,0.074,0
227.05,2.65,1,0.065,1
209.1,1.47,2,0.111,1
174.81,0.87,2,0.087,1
186.87,1.99,1,0.091,1
234.35,2.67,2,0.055,1
38.49,12.45,3,0.089,0
34.5,8.69,3,0.074,0
205.84,2.29,1,0.013,1
192.31,2.7,2,0.007,1
35.34,12.87,2,0.085,0
247.68,1.34,2,0.131,1
40.32,3.08,2,0.395,3
19.67,1.38,1,0.016,2
29.26,13.42,2,0.112,0
37.65,14.82,4,0.126,0
219.09,1.85,1,0.049,1
157.85,1.21,2,0.036,1
16.07,0.95,1,0.0,2
201.19,0.6,2,0.034,1
42.14,10.15,3,0.018,0
29.51,1.1,2,0.006,2
213.54,1.61,3,0.039,1
41.35,13.13,3,0.05,0
34.17,4.24,3,0.398,3
34.04,15.2,4,0.088,0
41.22,2.13,2,0.397,3
47.54,2.79,3,0.251,3
27.18,0.45,1,0.028,2
17.85,1.2,1,0.051,2
31.02,11.05,2,0.086,0
42.29,2.64,1,0.368,3
47.34,4.36,2,0.368,3
207.38,2.61,2,0.053,1
50.6,2.79,2,0.256,3
25.98,13.21,4,0.083,0
171.46,1.85,2,0.052,1
234.31,1.98,1,0.01,1
22.35,16.76,2,0.121,0
49.32,2.57,2,0.256,3
42.12,15.28,2,0.131,0
54.79,3.77,2,0.517,3
43.58,2.56,1,0.186,2
44.28,3.1,3,0.393,3
170.51,2.7,2,0.0,1
44.3,14.09,3,0.031,0
234.11,2.72,1,0.099,1
33.24,2.05,2,0.314,3
210.34,1.37,2,0.066,1
38.41,3.69,2,0.325,3
26.64,0.38,1,0.027,2
30.83,14.82,5,0.138,0
194.36,0.87,2,0.002,1
41.62,1.92,2,0.269,3
197.46,0.46,3,0.043,1
180.96,1.68,2,0.063,1
14.39,0.68,1,0.054,2
32.39,9.7,3,0.101,0
176.39,2.99,2,0.079,1
33.26,1.96,2,0.049,2
30.77,16.07,3,0.109,0
225.69,2.78,2,0.02,1
190.34,1.98,2,0.078,1
187.18,1.32,3,0.004,1
233.42,2.15,3,0.054,1
43.91,3.13,2,0.449,3
33.76,1.5,1,0.028,2
35.76,13.48,4,0.165,0
34.8,12.32,1,0.015,2
37.48,12.48,3,0.072,0
32.91,12.38,3,0.051,0
194.82,1.8,1,0.11,1
46.43,2.18,2,0.242,3
27.78,9.62,3,0.111,0
40.12,10.19,3,0.171,0
33.18,2.2,1,0.397,3
34.77,11.12,4,0.081,0
45.12,3.51,3,0.501,3
19.33,2.46,2,0.433,3
60.01,2.37,2,0.347,3
38.25,8.84,4,0.089,0
202.07,2.22,4,0.0,1
36.51,2.77,1,0.296,3
31.87,0.2,1,0.041,2
186.44,1.63,3,0.099,1
230.27,1.88,1,0.059,1
222.54,2.27,3,0.024,1
31.99,1.31,1,0.037,2
49.31,2.6,2,0.245,3
45.29,3.13,2,0.159,3
25.94,0.61,2,0.038,2
29.72,0.46,1,0.0,2
253.76,2.49,2,0.02,1
34.02,2.81,3,0.318,3
176.72,1.3,2,0.085,1
65.58,2.11,2,0.342,3
41.9,10.9,2,0.124,0
59.17,2.89,2,0.327,3
28.79,0.98,1,0.0,2
178.46,1.15,1,0.037,1
35.05,8.91,4,0.105,0
36.9,1.17,1,0.013,2
30.12,1.18,2,0.029,2
28.37,1.31,2,0.016,2
40.65,2.41,2,0.265,3
43.72,12.83,2,0.118,0
45.58,3.1,2,0.369,3
46.93,2.61,2,0.355,3
204.35,1.56,1,0.04,1
30.64,16.13,3,0.063,0
206.47,2.25,3,0.0,1
46.18,1.23,2,0.38,3
23.73,13.15,3,0.12,0
51.68,3.04,2,0.402,3
168.62,1.4,2,0.086,1
161.76,2.43,2,0.086,1
252.54,3.1,3,0.049,1
40.02,15.97,2,0.173,0
47.74,3.14,2,0.382,3
233.18,1.3,3,0.048,1
259.29,1.57,1,0.0,1
228.37,1.19,2,0.01,1
24.91,15.41,4,0.034,0
34.24,11.96,3,0.104,0
29.04,0.33,1,0.004,2
28.44,12.07,4,0.06,0
53.92,3.0,2,0.352,3
38.32,16.58,2,0.026,0
32.65,11.32,2,0.091,0
39.19,13.48,2,0.104,0
52.26,3.35,2,0.308,3
44.94,3.69,2,0.322,3
33.39,3.41,2,0.233,3
33.05,5.48,3,0.097,0
47.57,12.0,2,0.055,0
234.43,2.04,2,0.032,1
31.57,3.34,2,0.263,3
14.56,8.61,3,0.129,0
195.73,1.43,1,0.0,1
202.36,2.68,2,0.072,1
43.5,11.31,3,0.011,0
27.05,0.66,2,0.03,2
206.87,1.99,2,0.059,1
16.63,0.6,1,0.0,2
29.09,11.41,4,0.079,0
40.27,2.43,2,0.459,3
233.98,2.01,2,0.061,1
30.4,0.98,1,0.06,2
22.23,10.74,3,0.069,0
238.53,2.1,2,0.045,1
23.78,1.1,1,0.017,2
40.97,7.82,3,0.022,0
212.79,1.73,3,0.061,1
45.85,15.12,2,0.145,0
175.61,2.52,2,0.069,1
163.22,0.92,2,0.037,1
17.9,0.66,1,0.017,2
159.04,2.04,2,0.011,1
182.18,2.19,2,0.0,1
33.05,2.78,1,0.367,3
22.33,9.27,2,0.132,0
27.54,13.24,3,0.146,0
37.03,11.2,2,0.15,0
75.34,3.13,3,0.289,3
193.71,1.48,2,0.033,1
213.76,2.59,2,0.069,1
155.7,1.99,2,0.073,1
30.29,1.47,2,0.011,2
52.02,3.33,2,0.351,3
42.68,2.72,1,0.335,3
32.79,3.58,1,0.322,3
216.37,1.53,1,0.067,1
177.42,2.84,2,0.038,1
258.12,0.73,2,0.069,1
44.99,15.21,1,0.121,0
18.01,9.59,3,0.1,0
27.78,7.44,4,0.063,0
27.91,0.61,1,0.02,2
25.14,0.9,1,0.021,2
37.03,1.02,2,0.436,3
46.05,2.94,2,0.354,3
24.53,0.74,2,0.042,2
281.06,1.53,2,0.076,1
23.8,16.25,3,0.08,0
39.22,11.67,3,0.055,0
53.14,2.98,2,0.355,3
41.47,1.91,1,0.345,3
32.36,10.83,4,0.193,0
20.14,0.85,1,0.019,2
41.71,14.34,3,0.068,0
53.5,3.34,2,0.327,3
31.1,3.27,2,0.387,3
15.57,1.52,1,0.005,2
14.76,0.79,1,0.009,2
30.65,16.12,4,0.145,0
27.23,0.33,1,0.028,2
188.38,2.12,2,0.051,1
71.9,2.43,2,0.36,3
35.58,14.47,2,0.119,0
49.47,3.31,2,0.512,3
42.77,4.46,2,0.357,3
231.26,2.64,1,0.013,1
27.18,0.88,2,0.013,2
193.17,2.49,2,0.045,1
47.6,12.05,4,0.102,0
21.71,9.45,2,0.133,0
33.37,14.35,2,0.163,0
217.46,2.17,1,0.062,1
205.13,2.31,1,0.025,1
36.94,10.89,2,0.18,0
34.27,9.54,2,0.083,0
37.07,3.01,2,0.312,3
41.0,2.18,2,0.309,3
195.56,2.86,3,0.025,1
33.21,8.07,3,0.064,0
30.0,11.11,2,0.048,0
47.04,15.17,3,0.169,0
187.12,1.83,3,0.078,1
44.46,4.68,1,0.327,3
194.82,1.39,2,0.062,1
20.35,1.29,1,0.0,2
28.04,12.83,3,0.149,0
178.81,2.07,3,0.046,1
60.99,2.59,2,0.428,3
47.03,2.73,2,0.324,3
24.99,1.27,2,0.004,2
35.39,7.43,3,0.057,0
42.24,2.24,1,0.364,3
33.21,8.32,3,0.053,0
31.43,17.73,4,0.113,0
33.72,1.18,1,0.007,2
29.47,1.19,2,0.031,2
26.3,11.77,2,0.023,0
224.07,1.91,3,0.079,1
33.41,11.14,2,0.044,0
185.77,1.94,2,0.039,1
180.14,2.4,1,0.034,1
24.21,0.59,1,0.003,2
251.73,3.08,3,0.066,1
155.58,2.67,1,0.051,1
28.02,14.6,4,0.051,0
32.45,10.18,4,0.143,0
28.94,1.16,1,0.0,2
240.06,2.09,3,0.061,1
221.64,1.92,2,0.04,1
37.37,3.83,2,0.347,3
197.44,1.84,3,0.129,1
37.08,1.21,1,0.006,2
26.57,1.38,1,0.009,2
38.59,13.42,3,0.131,0
18.28,0.73,1,0.001,2
54.67,3.36,2,0.297,3
57.39,4.17,2,0.317,3
60.86,2.83,2,0.318,3
34.59,3.79,2,0.488,3
29.77,0.96,1,0.018,2
50.65,2.91,2,0.314,3
27.85,0.94,1,0.009,2
47.04,3.64,2,0.427,3
26.85,11.69,2,0.079,0
228.4,2.5,2,0.031,1
52.79,3.13,2,0.435,3
59.69,2.43,1,0.428,3
32.95,4.12,2,0.247,3
26.4,1.36,1,0.0,2
17.93,1.29,1,0.036,2
191.4,1.8,1,0.048,1
38.69,16.1,3,0.053,0
170.24,1.27,2,0.05,1
24.82,8.77,3,0.049,0
194.91,2.26,1,0.038,1
19.3,1.4,1,0.011,2
51.97,3.62,3,0.197,3
51.44,2.28,2,0.364,3
55.67,2.41,2,0.27,3
204.93,1.37,3,0.007,1
35.49,3.31,1,0.314,3
28.76,1.82,1,0.0,2
36.42,11.04,3,0.1,0
240.08,1.07,1,0.017,1
44.8,12.67,3,0.102,0
33.89,14.21,3,0.122,0
29.28,9.84,3,0.08,0
29.48,0.79,1,0.009,2
216.1,2.49,2,0.03,1
47.11,2.63,2,0.341,3
48.78,3.93,3,0.422,3
62.82,3.16,2,0.4,3
63.44,3.23,2,0.339,3
223.43,2.52,2,0.042,1
51.58,14.28,3,0.115,0
40.63,2.71,3,0.381,3
22.36,10.18,3,0.1,0
26.88,11.22,3,0.071,0
44.69,10.68,4,0.134,0
211.92,3.87,2,0.044,1
214.2,1.65,2,0.007,1
39.07,12.41,3,0.083,0
25.98,1.09,1,0.06,2
26.01,8.17,3,0.073,0
25.06,14.37,3,0.053,0
45.29,15.21,2,0.082,0
33.34,1.15,2,0.0,2
27.31,1.18,1,0.019,2
48.88,0.63,1,0.023,2
171.61,1.68,2,0.099,1
198.4,1.87,2,0.1,1
27.9,8.95,2,0.194,0
50.04,4.32,3,0.351,3
57.88,2.93,2,0.284,3
39.23,12.99,2,0.0,0
214.28,2.29,2,0.121,1
187.51,2.44,2,0.056,1
43.12,12.53,4,0.066,0
33.28,11.5,4,0.075,0
63.93,3.76,3,0.304,3
42.56,10.77,3,0.055,0
202.05,0.98,3,0.044,1
219.73,2.13,3,0.037,1
176.28,2.07,2,0.046,1
32.09,11.36,2,0.063,0
26.81,9.29,3,0.179,0
35.77,2.93,1,0.424,3
28.68,4.29,2,0.272,3
19.69,3.75,4,0.072,0
17.13,0.62,1,0.0,2
185.52,1.53,2,0.065,1
233.47,2.48,2,0.039,1
55.29,3.12,2,0.379,3
31.27,11.19,2,0.077,0
37.27,9.95,3,0.029,0
28.85,3.18,2,0.227,3
52.87,3.2,2,0.48,3
32.33,3.97,3,0.307,3
240.36,1.53,1,0.071,1
52.0,3.46,1,0.295,3
29.4,12.7,3,0.169,0
21.1,1.42,1,0.033,2
183.58,1.64,1,0.024,1
167.03,1.66,3,0.06,1
26.73,11.98,3,0.067,0
41.9,3.82,2,0.412,3
43.84,1.77,2,0.328,3
32.34,14.8,3,0.012,0
47.08,3.01,2,0.248,3
46.73,2.75,2,0.282,3
44.61,2.85,1,0.389,3
161.36,1.6,3,0.06,1
44.82,1.64,2,0.245,3
41.35,11.88,4,0.122,0
209.9,2.25,2,0.069,1
192.69,1.79,2,0.077,1
35.1,16.35,2,0.101,0
32.83,11.66,3,0.086,0
44.15,3.06,2,0.304,3
235.73,1.4,3,0.042,1
19.45,0.77,1,0.016,2
36.11,2.13,1,0.279,3
42.72,11.83,2,0.128,0
48.42,2.84,3,0.261,3
36.92,4.42,2,0.558,3
40.25,2.75,2,0.432,3
34.37,10.26,2,0.101,0
31.25,11.71,2,0.151,0
38.81,11.6,3,0.204,0
231.03,0.91,2,0.072,1
44.84,16.4,3,0.0,0
211.62,1.67,2,0.053,1
189.33,1.97,2,0.035,1
45.1,10.3,2,0.032,0
45.38,10.95,3,0.116,0
34.24,1.33,1,0.052,2
38.86,10.55,3,0.097,0
191.0,2.75,2,0.062,1
37.93,9.1,2,0.1,0
5.0,0.44,1,0.013,2
231.51,1.54,3,0.029,1
49.44,9.87,1,0.113,2
23.14,0.85,1,0.024,2
41.38,3.18,2,0.263,3
16.16,1.0,1,0.03,2
17.52,1.29,1,0.028,2
209.92,1.67,2,0.042,1
200.72,2.27,3,0.087,1
48.73,3.33,2,0.399,3
22.63,0.82,1,0.017,2
38.4,10.95,3,0.121,0
205.37,2.04,2,0.069,1
192.48,1.3,1,0.032,1
40.04,3.71,2,0.411,3
156.31,2.27,2,0.037,1
52.48,2.22,2,0.335,3
253.99,3.28,2,0.071,1
19.99,1.76,1,0.02,2
182.75,2.35,2,0.0,1
19.58,1.22,1,0.009,2
191.64,1.87,3,0.014,1
153.43,2.73,2,0.0,1
34.44,1.92,2,0.268,3
42.86,3.45,1,0.411,3
183.96,1.81,3,0.105,1
45.09,1.94,3,0.231,3
28.35,10.23,4,0.056,0
36.89,12.63,2,0.084,0
33.14,11.31,2,0.127,0
39.17,16.11,4,0.037,0
54.82,3.89,3,0.397,3
169.53,2.51,2,0.0,1
32.12,12.58,3,0.102,0
219.83,2.7,2,0.124,1
185.63,1.41,2,0.021,1
196.65,2.53,3,0.065,1
163.83,2.69,1,0.026,1
30.91,1.32,2,0.001,2
133.58,2.6,2,0.016,1
225.91,2.03,3,0.011,1
57.48,2.26,2,0.216,3
20.3,0.84,1,0.033,2
170.36,2.67,2,0.091,1
231.71,1.99,2,0.027,1
34.09,10.87,3,0.06,0
38.79,11.47,2,0.15,0
48.78,2.05,1,0.301,3
42.86,2.64,3,0.393,3
194.62,1.53,2,0.0,1
219.62,2.45,3,0.109,1
196.77,2.47,2,0.021,1
220.38,3.05,2,0.0,1
28.26,13.46,4,0.111,0
44.34,13.86,2,0.018,0
66.92,3.63,2,0.291,3
21.83,0.2,1,0.044,2
22.92,3.08,1,0.525,3
25.54,9.6,3,0.146,0
195.7,2.46,2,0.0,1
22.85,12.72,3,0.055,0
32.54,13.9,4,0.066,0
44.54,3.28,2,0.306,3
34.25,4.49,2,0.438,3
44.72,11.34,3,0.068,0
37.24,2.4,2,0.194,3
19.62,1.06,1,0.055,2
38.1,2.52,1,0.443,3
17.98,0.64,1,0.012,2
46.83,0.9,3,0.407,3
46.54,9.01,2,0.133,0
44.53,3.5,2,0.401,3
209.77,2.87,2,0.062,1
53.55,3.14,2,0.33,3
40.41,3.72,1,0.303,3
185.65,2.62,2,0.053,1
21.34,0.9,1,0.044,2
33.68,1.62,2,0.0,2
38.31,6.68,2,0.1,2
32.21,10.89,2,0.145,0
215.3,1.31,1,0.064,1
28.48,12.93,3,0.074,0
192.27,1.74,2,0.012,1
26.8,2.45,2,0.26,3
21.89,1.48,1,0.002,2
26.2,0.9,2,0.031,2
218.99,1.57,2,0.013,1
196.21,1.83,3,0.0,1
39.2,9.63,3,0.026,0
55.96,0.99,2,0.293,3
23.8,11.22,2,0.096,0
48.31,2.72,2,0.284,3
36.33,12.0,3,0.048,0
47.47,3.61,2,0.353,3
52.25,2.93,2,0.21,3
38.39,11.89,4,0.069,0
34.24,3.08,2,0.273,3
56.01,4.09,2,0.226,3
29.51,12.25,3,0.121,0
32.32,8.43,4,0.087,0
42.8,3.22,2,0.427,3
42.05,2.09,2,0.293,3
273.0,1.57,2,0.094,1
225.22,1.47,1,0.034,1
44.49,11.34,4,0.148,0
30.65,0.97,2,0.0,2
38.3,4.07,2,0.414,3
202.88,2.06,3,0.067,1
212.53,2.5,2,0.021,1
215.31,2.37,2,0.033,1
48.9,1.32,3,0.477,3
169.96,2.15,2,0.045,1
15.89,1.2,1,0.018,2
29.85,13.03,4,0.148,0
220.12,1.83,2,0.041,1
170.8,0.71,4,0.01,1
31.84,1.16,1,0.006,2
39.05,13.89,3,0.196,0
46.56,12.78,4,0.103,0
20.26,1.0,1,0.044,2
34.83,12.36,3,0.117,0
34.13,10.68,3,0.101,0
26.24,1.32,1,0.0,2
236.83,0.87,1,0.059,1
36.12,8.71,2,0.117,0
44.11,2.88,3,0.453,3
41.87,4.02,2,0.345,3
27.44,1.29,1,0.038,2
31.22,8.51,3,0.061,0
42.43,11.97,3,0.11,0
41.44,3.31,2,0.33,3
200.95,2.52,2,0.0,1
182.23,3.12,2,0.034,1
33.22,1.47,1,0.024,2
38.2,11.31,2,0.103,0
26.42,8.19,4,0.089,0
32.68,12.27,4,0.096,0
47.68,3.93,1,0.472,3
23.88,0.8,1,0.022,2
29.76,3.62,3,0.212,3
176.12,2.1,1,0.049,1
50.28,3.49,2,0.464,3
140.75,0.66,2,0.053,1
40.13,9.93,2,0.108,0
168.49,1.11,2,0.108,1
160.82,1.83,1,0.015,1
29.0,0.55,2,0.018,2
151.63,1.6,2,0.026,1
148.91,2.3,3,0.073,1
31.53,9.46,3,0.122,0
195.61,1.63,2,0.009,1
168.98,2.29,2,0.064,1
50.1,3.07,2,0.343,3
40.26,12.03,4,0.105,0
201.62,1.34,3,0.023,1
46.75,8.39,3,0.093,0
28.45,11.12,4,0.102,0
62.07,2.33,2,0.184,3
35.69,13.87,4,0.101,0
167.38,2.51,2,0.073,1
35.88,4.27,2,0.393,3
41.51,7.3,2,0.107,0
39.5,13.9,4,0.098,0
166.25,2.62,2,0.045,1
29.77,11.4,2,0.144,0
16.99,1.11,1,0.047,2
157.22,2.45,2,0.065,1
52.0,3.88,2,0.335,3
214.6,1.26,2,0.019,1
228.0,2.07,1,0.07,1
46.71,2.92,1,0.467,3
16.4,0.72,1,0.038,2
30.23,1.19,2,0.246,3
48.4,4.65,1,0.51,3
23.35,1.47,1,0.0,2
30.13,12.58,2,0.172,0
205.47,3.07,4,0.053,1
191.17,2.12,2,0.075,1
27.17,11.8,4,0.096,0
261.94,1.14,2,0.064,1
50.55,3.28,2,0.341,3
186.0,1.36,1,0.105,1
16.68,1.36,1,0.044,2
175.54,1.83,1,0.045,1
45.73,2.91,2,0.337,3
31.04,1.15,1,0.021,2
181.62,2.21,2,0.056,1
19.66,14.72,4,0.068,0
192.36,1.88,1,0.043,1
168.88,1.63,3,0.006,1
45.63,3.62,2,0.319,3
21.45,1.08,1,0.019,2
32.59,0.37,1,0.015,2
33.96,17.17,3,0.05,0
46.58,3.14,3,0.227,3
30.4,10.67,2,0.072,0
42.05,11.47,4,0.152,0
35.89,0.99,2,0.297,3
188.44,2.5,2,0.043,1
18.46,10.57,3,0.112,0
189.56,1.81,1,0.06,1
47.99,1.97,2,0.345,3
26.28,0.62,1,0.032,2
66.35,2.55,1,0.192,2
47.07,3.1,2,0.415,3
196.98,1.2,1,0.003,1
224.06,1.77,2,0.104,1
44.53,10.63,2,0.068,0
36.44,7.78,3,0.077,0
33.16,1.5,1,0.024,2
184.52,1.07,2,0.059,1
38.47,11.78,3,0.122,0
26.23,15.43,2,0.065,0
182.57,3.19,2,0.058,1
36.79,4.48,3,0.148,0
34.89,1.34,1,0.033,2
46.06,4.26,2,0.394,3
20.16,1.05,1,0.0,2
30.66,0.48,1,0.03,2
39.58,11.8,3,0.071,0
206.08,1.4,2,0.079,1
14.43,10.98,3,0.025,0
168.27,2.4,1,0.07,1
41.58,3.11,2,0.203,3
56.83,4.0,2,0.192,3
51.44,3.33,2,0.419,3
147.44,1.82,2,0.087,1
16.29,0.41,1,0.033,2
48.19,9.8,1,0.026,2
30.61,3.2,2,0.354,3
16.21,0.68,1,0.0,2
32.33,16.12,4,0.056,0
32.28,4.21,2,0.307,3
182.43,2.14,2,0.036,1
175.9,1.11,1,0.031,1
28.39,13.47,2,0.118,0
28.07,0.39,1,0.0,2
27.49,0.85,1,0.025,2
38.96,2.37,2,0.414,3
35.05,14.13,2,0.101,0
36.49,3.34,2,0.467,3
41.95,2.49,2,0.358,3
39.31,14.14,3,0.091,0
33.32,0.97,1,0.049,2
54.71,3.46,1,0.305,3
219.16,2.68,2,0.09,1
165.64,2.12,1,0.048,1
15.93,1.54,1,0.06,2
166.8,1.2,2,0.036,1
40.43,3.36,2,0.409,3
38.35,12.46,3,0.162,0
66.27,4.27,2,0.288,3
26.44,1.14,1,0.0,2
21.21,0.65,1,0.023,2
28.91,12.69,3,0.065,0
29.54,10.66,4,0.123,0
36.39,11.67,2,0.083,0
19.24,0.66,1,0.012,2
30.54,14.95,3,0.059,0
44.95,3.76,2,0.328,3
201.64,2.17,2,0.078,1
37.77,11.53,2,0.124,0
235.08,1.49,3,0.01,1
46.04,3.67,2,0.425,3
32.34,2.21,2,0.359,3
48.3,13.85,3,0.093,0
41.08,14.52,3,0.101,0
32.3,13.14,3,0.143,0
53.35,3.45,1,0.418,3
44.14,3.16,2,0.332,3
29.71,0.35,1,0.02,2
26.54,13.71,3,0.086,0
47.05,3.38,2,0.454,3
213.84,1.23,3,0.056,1
231.16,2.23,1,0.071,1
42.69,9.4,4,0.04,0
26.14,10.42,3,0.138,0
234.96,2.09,2,0.025,1
46.99,13.28,2,0.008,0
61.14,3.52,2,0.426,3
56.6,2.47,1,0.299,3
38.96,0.64,1,0.039,2
29.79,3.23,2,0.171,3
38.69,16.05,3,0.092,0
40.94,13.63,3,0.09,0
51.99,11.35,3,0.023,0
262.82,2.31,2,0.087,1
16.15,0.76,1,0.008,2
26.55,1.03,1,0.007,2
35.15,11.63,4,0.07,0
50.65,1.98,2,0.401,3
44.48,11.35,4,0.162,0
185.74,2.13,2,0.029,1
44.8,13.34,5,0.105,0
168.96,2.06,2,0.092,1
179.96,3.71,2,0.056,1
201.46,2.54,1,0.017,1
47.49,3.48,2,0.445,3
34.87,3.12,1,0.348,3
40.43,2.33,2,0.499,3
210.67,1.52,3,0.021,1
214.84,2.2,3,0.071,1
183.47,2.56,2,0.047,1
253.92,4.03,1,0.03,1
56.4,4.52,2,0.513,3
223.8,1.56,2,0.094,1
73.92,3.6,1,0.321,3
29.37,9.45,3,0.14,0
47.15,1.84,2,0.335,3
42.21,10.86,3,0.114,0
36.15,0.99,1,0.055,2
24.65,1.77,1,0.047,2
172.56,1.98,2,0.069,1
51.86,2.36,2,0.436,3
34.71,13.77,3,0.058,0
35.26,0.89,1,0.021,2
23.68,11.36,2,0.118,0
39.94,13.29,2,0.02,0
39.4,13.83,3,0.014,0
26.33,12.2,3,0.123,0
230.51,2.42,2,0.116,1
31.61,2.87,2,0.414,3
28.81,0.43,1,0.03,2
133.57,1.66,3,0.0,1
37.16,11.55,3,0.158,0
160.74,2.14,1,0.073,1
21.21,1.29,2,0.009,2
220.99,2.17,1,0.01,1
49.63,3.89,2,0.334,3
124.06,1.84,2,0.073,1
42.67,12.55,3,0.151,0
186.54,2.58,2,0.023,1
13.29,0.46,1,0.011,2
133.62,0.92,1,0.055,1
29.24,9.22,2,0.158,0
209.76,1.74,3,0.071,1
37.0,11.71,3,0.144,0
26.36,12.86,4,0.055,0
32.17,11.6,3,0.087,0
41.18,3.79,2,0.585,3
258.49,2.45,2,0.089,1
217.02,2.95,2,0.028,1
36.25,12.78,3,0.101,0
28.46,0.91,1,0.0,2
32.14,0.91,1,0.006,2
35.98,12.37,3,0.091,0
40.21,14.98,3,0.129,0
174.97,2.36,2,0.059,1
172.48,2.73,2,0.048,1
233.15,2.46,1,0.075,1
42.97,2.94,3,0.323,3
141.97,2.94,2,0.052,1
39.61,17.63,2,0.135,0
207.05,1.5,1,0.041,1
170.34,2.38,2,0.038,1
29.97,10.33,4,0.123,0
36.28,12.85,3,0.115,0
24.52,0.7,1,0.019,2
22.1,1.23,1,0.0,2
39.27,3.76,2,0.279,3
164.09,1.19,2,0.044,1
38.4,3.18,1,0.3,3
36.41,4.12,2,0.324,3
256.12,2.12,3,0.016,1
33.38,2.09,2,0.382,3
44.46,9.71,3,0.071,0
29.97,15.41,4,0.132,0
183.2,2.03,1,0.045,1
32.24,2.56,2,0.372,3
52.79,1.44,2,0.414,3
55.57,3.43,2,0.363,3
32.52,0.5,1,0.028,2
21.98,1.22,1,0.062,2
60.93,3.22,2,0.442,3
28.99,1.42,1,0.034,2
29.2,14.37,4,0.074,0
35.91,12.86,5,0.168,0
48.7,11.51,4,0.08,0
44.53,1.79,2,0.33,3
148.74,2.17,2,0.055,1
161.46,1.34,3,0.026,1
220.33,1.94,2,0.023,1
42.24,2.92,2,0.281,3
21.03,1.2,1,0.038,2
197.25,1.19,2,0.018,1
31.99,1.0,1,0.034,2
178.0,1.91,2,0.055,1
34.88,3.68,2,0.339,3
38.32,4.16,2,0.29,3
33.42,1.01,1,0.0,2
234.2,3.38,1,0.046,1
39.06,1.07,1,0.0,2
52.85,2.77,2,0.422,3
40.47,9.93,2,0.105,0
42.54,2.62,2,0.279,3
41.56,2.61,1,0.278,3
23.44,0.78,1,0.02,2
31.95,12.01,2,0.056,0
165.37,2.25,2,0.036,1
41.09,3.25,3,0.442,3
33.48,8.58,4,0.159,0
46.92,8.68,3,0.054,0
36.0,11.44,3,0.102,0
197.12,1.91,2,0.035,1
31.63,0.86,1,0.027,2
34.19,12.04,4,0.155,0
48.02,1.99,2,0.296,3
175.29,2.02,2,0.071,1
204.61,1.9,2,0.022,1
25.53,3.62,3,0.412,3
42.83,2.29,2,0.392,3
47.35,2.21,2,0.295,3
52.67,2.38,2,0.325,3
16.69,0.54,1,0.0,2
40.96,3.67,2,0.332,3
107.48,2.33,1,0.054,2
180.22,3.14,2,0.035,1
164.41,1.75,2,0.078,1
43.75,13.74,4,0.143,0
28.02,12.94,3,0.124,0
190.86,2.03,3,0.035,1
30.67,1.28,1,0.003,2
185.15,2.38,1,0.0,1
24.13,1.18,1,0.028,2
50.15,14.69,5,0.089,0
35.73,1.2,2,0.033,2
147.93,2.76,1,0.058,1
43.38,11.95,4,0.091,0
198.85,1.95,1,0.121,1
53.77,2.72,2,0.387,3
25.08,0.99,1,0.01,2
15.93,1.15,1,0.025,2
163.09,1.81,2,0.055,1
26.36,0.91,1,0.015,2
38.5,3.35,2,0.431,3
162.0,1.29,2,0.053,1
19.35,1.42,1,0.041,2
216.6,1.16,2,0.018,1
223.24,2.77,1,0.0,1
30.29,0.95,1,0.016,2
32.98,14.55,4,0.095,0
22.38,1.63,1,0.01,2
48.43,3.3,2,0.248,3
18.9,15.7,3,0.105,0
16.89,1.6,1,0.017,2
21.56,0.73,1,0.011,2
47.06,2.64,2,0.356,3
28.43,6.24,3,0.065,0
191.85,1.67,3,0.081,1
16.83,0.64,1,0.001,2
36.12,13.97,2,0.061,0
164.5,1.43,3,0.06,1
26.75,0.28,1,0.032,2
30.53,0.91,1,0.0,2
59.58,2.99,2,0.232,3
201.6,1.03,2,0.042,1
175.58,2.07,2,0.021,1
237.1,2.2,2,0.039,1
20.34,1.59,1,0.014,2
26.88,0.35,1,0.013,2
48.71,2.2,2,0.358,3
191.79,0.7,2,0.04,1
54.9,2.72,2,0.444,3
43.38,11.57,3,0.104,0
26.18,11.45,3,0.168,0
216.72,1.63,2,0.076,1
229.23,2.54,2,0.019,1
200.98,2.96,1,0.055,1
160.41,2.24,2,0.069,1
41.43,2.38,2,0.531,3
40.13,2.31,2,0.294,3
30.25,10.66,2,0.121,0
21.37,0.78,1,0.008,2
208.74,1.69,2,0.032,1
34.98,12.01,3,0.116,0
23.64,12.96,3,0.07,0
34.26,15.2,3,0.163,0
31.9,14.33,4,0.148,0
143.94,2.01,2,0.083,1
183.11,1.92,1,0.039,1
31.17,3.49,2,0.419,3
30.55,12.3,3,0.132,0
40.71,3.45,2,0.401,3
241.95,2.25,2,0.042,1
43.1,12.51,1,0.132,0
36.22,11.17,3,0.095,0
29.29,11.37,4,0.096,0
29.95,13.54,3,0.097,0
42.23,12.79,2,0.133,0
42.8,2.3,2,0.44,3
25.04,1.2,1,0.013,2
30.14,0.41,1,0.032,2
69.1,3.27,2,0.428,3
46.37,13.0,2,0.171,0
46.97,3.33,1,0.372,3
41.62,14.58,3,0.106,0
152.76,2.56,2,0.086,1
218.98,1.42,3,0.08,1
48.93,4.04,2,0.362,3
40.5,10.36,3,0.195,0
53.49,3.86,2,0.217,3
43.79,8.58,3,0.141,0
48.17,2.63,2,0.478,3
235.33,3.06,2,0.05,1
50.68,3.25,2,0.301,3
30.69,9.72,2,0.157,0
36.42,15.2,4,0.179,0
50.31,9.86,3,0.114,0
157.53,2.7,1,0.093,1
171.56,2.9,2,0.056,1
34.95,1.82,1,0.042,2
32.0,1.26,1,0.035,2
37.52,18.14,4,0.081,0
38.96,14.59,2,0.083,0
28.24,1.7,2,0.362,3
183.41,1.43,2,0.021,1
49.69,3.7,2,0.233,3
28.0,10.94,4,0.118,0
38.2,10.71,2,0.129,0
31.26,0.47,1,0.011,2
23.1,0.55,1,0.039,2
23.39,1.29,1,0.062,2
28.48,12.4,5,0.143,0
191.4,1.36,1,0.057,1
35.18,12.28,3,0.098,0
51.22,7.95,4,0.052,0
28.6,9.3,4,0.05,0
34.15,12.35,3,0.121,0
33.45,1.91,2,0.494,3
205.94,1.21,3,0.107,1
35.81,16.17,3,0.097,0
33.3,18.64,2,0.115,0
39.43,11.96,3,0.065,0
204.07,2.29,1,0.0,1
255.85,2.34,2,0.007,1
199.88,1.32,1,0.059,1
38.67,10.5,2,0.083,0
33.03,9.46,3,0.108,0
37.24,2.4,2,0.316,3
38.64,6.42,1,0.052,2
30.84,8.87,3,0.16,0
43.0,14.6,3,0.201,0
179.61,1.73,3,0.015,1
31.64,1.33,1,0.022,2
220.16,1.94,1,0.053,1
34.69,15.77,3,0.108,0
53.18,9.86,2,0.114,0
22.08,1.04,1,0.014,2
150.2,2.02,2,0.056,1
39.53,2.41,2,0.54,3
163.43,1.65,2,0.067,1
210.64,2.42,3,0.03,1
66.28,3.73,2,0.287,3
172.26,2.03,2,0.036,1
17.82,1.65,1,0.048,2
27.86,0.98,2,0.021,2
191.77,1.52,1,0.015,1
44.76,2.22,2,0.339,3
197.44,1.04,2,0.099,1
35.83,4.08,3,0.179,3
23.63,8.07,3,0.006,0
38.17,1.34,2,0.0,2
229.13,2.01,3,0.051,1
19.77,2.65,2,0.312,3
14.17,1.21,1,0.005,2
24.17,1.46,1,0.011,2
45.97,15.68,2,0.205,0
50.31,3.34,3,0.41,3
34.45,3.08,3,0.251,3
263.61,2.48,2,0.046,1
35.62,3.21,3,0.283,3
225.65,1.65,2,0.062,1
44.37,12.68,4,0.12,0
45.73,3.82,2,0.243,3
251.31,1.04,2,0.032,1
24.14,0.87,1,0.034,2
27.88,0.64,1,0.014,2
45.06,3.68,2,0.45,3
21.32,9.71,4,0.135,0
232.56,2.55,2,0.077,1
32.97,1.13,1,0.026,2
141.51,0.98,2,0.104,1
25.22,13.51,2,0.107,0
44.9,11.91,3,0.054,0
147.75,1.32,2,0.09,1
32.5,16.64,3,0.101,0
37.98,4.81,2,0.459,3
33.71,13.94,4,0.031,0
37.01,12.17,4,0.125,0
171.76,3.45,2,0.031,1
50.36,4.18,3,0.396,3
50.29,3.06,1,0.34,3
44.6,11.41,4,0.074,0
43.63,4.33,2,0.195,3
31.97,12.65,4,0.153,0
20.48,13.72,3,0.177,0
28.94,13.9,3,0.087,0
22.97,2.93,2,0.243,3
219.98,2.7,2,0.026,1
27.21,12.19,3,0.155,0
35.08,2.33,2,0.319,3
207.57,1.88,2,0.083,1
41.69,14.26,3,0.11,0
40.32,3.09,2,0.362,3
27.75,0.65,1,0.028,2
41.72,2.98,2,0.261,3
212.64,2.3,3,0.062,1
33.47,9.43,1,0.098,2
35.34,13.45,2,0.126,0
48.69,2.83,2,0.303,3
39.59,10.61,3,0.06,0
59.35,2.54,3,0.498,3
35.85,0.41,2,0.074,2
50.91,1.5,2,0.47,3
166.29,1.36,2,0.044,1
16.42,1.24,1,0.025,2
154.74,2.33,1,0.01,1
34.01,11.5,3,0.065,0
32.91,13.36,4,0.154,0
218.75,2.1,2,0.05,1
36.53,14.24,3,0.148,0
220.4,1.0,2,0.13,1
214.77,1.05,2,0.075,1
188.67,2.76,2,0.066,1
26.27,2.3,3,0.315,3
192.86,1.23,2,0.011,1
181.4,1.1,2,0.006,1
26.93,16.44,3,0.083,0
178.26,2.59,2,0.09,1
60.57,3.06,2,0.457,3
41.28,13.32,4,0.109,0
30.02,0.66,2,0.001,2
28.32,1.68,3,0.55,3
111.09,1.46,2,0.089,1
45.43,14.73,4,0.081,0
39.32,11.16,4,0.133,0
154.01,2.43,2,0.048,1
53.49,2.89,2,0.269,3
41.46,3.2,2,0.408,3
48.14,3.87,2,0.28,3
33.36,7.68,3,0.102,0
30.33,17.63,4,0.197,0
48.54,3.43,2,0.351,3
23.36,1.4,1,0.012,2
187.68,0.66,3,0.102,1
27.77,1.51,1,0.058,2
47.1,3.22,1,0.295,3
45.71,2.58,2,0.391,3
215.81,2.41,3,0.076,1
184.57,1.38,2,0.103,1
41.05,7.05,4,0.089,0
44.2,1.93,2,0.409,3
21.97,0.95,1,0.019,2
35.51,3.94,2,0.334,3
48.18,3.08,2,0.384,3
215.43,1.54,2,0.0,1
34.16,0.62,1,0.029,2
41.62,12.39,3,0.065,0
44.76,1.97,2,0.328,3
36.94,9.33,3,0.106,0
57.39,3.78,2,0.331,3
42.46,2.15,3,0.376,3
204.23,2.62,2,0.031,1
151.8,2.59,3,0.056,1
192.16,0.9,3,0.047,1
23.69,12.56,2,0.043,0
44.06,13.76,3,0.166,0
35.3,2.29,3,0.233,3
14.81,1.28,1,0.024,2
28.35,15.68,3,0.13,0
17.52,1.19,1,0.013,2
214.08,1.29,3,0.019,1
242.53,2.07,2,0.026,1
28.89,0.86,1,0.014,2
36.09,3.55,2,0.375,3
23.8,1.1,2,0.024,2
42.08,15.14,4,0.086,0
25.77,1.09,1,0.038,2
36.16,9.97,3,0.142,0
24.93,0.89,1,0.012,2
49.78,2.73,2,0.278,3
38.8,3.3,2,0.25,3
40.74,9.17,1,0.067,2
48.17,16.41,3,0.086,0
24.93,12.25,3,0.121,0
192.31,2.68,1,0.044,1
34.09,11.97,3,0.071,0
27.48,11.62,5,0.054,0
47.51,2.58,3,0.384,3
38.57,12.94,3,0.096,0
30.31,1.73,1,0.0,2
28.32,14.87,3,0.036,0
38.94,3.73,2,0.358,3
28.28,16.29,2,0.119,0
40.56,11.21,3,0.112,0
52.1,1.49,3,0.431,3
223.85,2.18,2,0.009,1
20.88,1.3,1,0.021,2
18.7,1.77,1,0.029,2
48.26,4.17,2,0.309,3
20.75,12.73,3,0.129,0
27.34,3.23,3,0.349,3
183.94,2.27,2,0.015,1
49.21,16.58,1,0.057,0
28.9,0.91,1,0.0,2
35.27,11.13,4,0.041,0
139.49,1.8,2,0.063,1
189.12,1.44,1,0.004,1
26.86,1.25,1,0.042,2
56.16,2.95,2,0.295,3
158.34,1.18,3,0.049,1
48.19,14.44,3,0.088,0
46.91,4.1,2,0.32,3
24.54,1.57,2,0.009,2
205.47,2.37,2,0.015,1
42.31,3.61,2,0.273,3
198.31,2.31,3,0.072,1
41.69,3.38,2,0.423,3
25.52,0.79,1,0.032,2
37.13,14.08,2,0.071,0
24.51,0.95,2,0.0,2
36.27,9.61,3,0.103,0
193.28,2.65,2,0.058,1
227.47,2.66,2,0.071,1
161.7,1.38,3,0.052,1
34.96,0.85,1,0.0,2
46.69,3.17,2,0.226,3
207.43,2.63,3,0.032,1
63.32,3.24,2,0.421,3
36.24,11.77,3,0.121,0
202.79,1.86,2,0.045,1
39.12,12.07,3,0.135,0
224.91,1.31,3,0.043,1
41.2,11.5,3,0.065,0
36.65,15.58,6,0.071,0
229.37,1.44,2,0.082,1
217.55,1.86,3,0.021,1
242.75,2.39,2,0.0,1
248.67,2.93,2,0.087,1
173.54,2.01,2,0.023,1
192.61,2.06,2,0.066,1
29.65,1.29,1,0.026,2
193.17,1.91,3,0.048,1
49.81,3.85,2,0.445,3
47.91,1.43,2,0.342,3
37.59,15.72,2,0.08,0
162.82,1.71,2,0.036,1
184.38,0.82,3,0.054,1
191.58,2.5,2,0.037,1
164.62,1.98,2,0.021,1
34.49,15.97,4,0.14,0
28.29,1.3,1,0.033,2
29.64,8.71,2,0.058,0
37.61,12.56,3,0.101,0
40.88,8.86,2,0.143,0
44.77,2.71,2,0.278,3
195.98,0.9,2,0.052,1
45.3,3.96,2,0.423,3
21.87,1.05,2,0.022,2
42.56,14.16,4,0.115,0
219.71,1.97,2,0.029,1
192.62,0.76,2,0.09,1
20.4,15.42,2,0.075,0
31.46,12.88,4,0.122,0
29.9,1.09,1,0.0,2
24.05,14.6,3,0.172,0
46.58,2.54,2,0.362,3
180.81,1.55,2,0.071,1
36.01,12.73,4,0.048,0
41.64,3.16,2,0.415,3
42.98,3.68,2,0.269,3
35.42,13.55,3,0.057,0
41.24,12.67,3,0.083,0
21.96,1.3,1,0.009,2
145.9,2.97,2,0.066,1
208.02,1.71,2,0.03,1
58.89,5.42,2,0.3,3
41.49,5.0,4,0.103,0
189.79,2.49,2,0.04,1
32.82,1.36,1,0.007,2
25.46,2.29,1,0.339,3
187.38,2.09,2,0.039,1
33.91,3.37,2,0.329,3
57.65,1.03,2,0.343,3
221.43,2.99,2,0.05,1
22.56,1.15,1,0.019,2
38.04,11.6,2,0.152,0
40.58,2.19,2,0.396,3
35.76,11.96,2,0.094,0
26.3,1.04,1,0.014,2
70.44,3.03,3,0.341,3
170.18,1.53,3,0.101,1
52.34,3.05,2,0.339,3
44.1,12.26,4,0.047,0
199.44,1.99,2,0.078,1
196.89,2.31,2,0.084,1
46.15,9.08,2,0.103,0
19.43,11.23,3,0.102,0
44.77,1.99,2,0.45,3
28.11,13.99,5,0.048,0
154.92,2.57,2,0.0,1
42.78,1.78,3,0.261,3
32.27,14.78,3,0.027,0
197.16,1.87,2,0.065,1
188.3,1.76,3,0.0,1
201.86,3.12,3,0.047,1
34.89,10.19,3,0.126,0
224.32,1.53,2,0.048,1
223.03,2.37,2,0.076,1
71.89,3.05,2,0.373,3
39.36,3.4,2,0.289,3
177.01,2.48,1,0.067,1
23.05,9.21,3,0.13,0
197.15,1.87,2,0.042,1
19.22,0.42,1,0.031,2
42.44,2.07,2,0.246,3
39.08,14.3,5,0.11,0
203.61,0.99,2,0.019,1
200.44,2.53,2,0.11,1
46.96,10.99,3,0.11,0
33.38,12.63,3,0.118,0
41.35,16.54,3,0.057,0
41.13,18.38,3,0.063,0
54.31,14.84,4,0.137,0
47.75,4.09,1,0.427,3
186.65,1.26,2,0.023,1
174.63,1.07,2,0.034,1
192.54,2.1,1,0.025,1
248.18,2.33,2,0.042,1
18.45,0.77,1,0.004,2
31.45,2.71,3,0.319,3
198.81,2.49,3,0.0,1
38.29,2.96,2,0.367,3
15.95,1.02,1,0.01,2
30.15,8.17,3,0.136,0
20.45,0.98,1,0.009,2
209.07,1.27,1,0.085,1
252.5,2.93,3,0.062,1
32.49,9.88,4,0.12,0
171.08,2.27,2,0.024,1
33.91,9.23,3,0.103,0
25.9,1.6,1,0.017,2
42.25,3.27,2,0.393,3
46.11,11.87,3,0.12,0
32.08,0.96,1,0.006,2
38.78,3.47,2,0.417,3
25.28,11.86,3,0.079,0
236.09,1.76,2,0.063,1
43.44,13.98,3,0.067,0
46.08,4.16,3,0.301,3
221.58,1.14,2,0.102,1
203.0,2.86,2,0.073,1
166.92,1.73,1,0.046,1
56.54,2.86,2,0.536,3
54.6,2.54,1,0.473,3
45.22,1.58,2,0.259,3
251.79,2.11,2,0.115,1
36.86,2.63,2,0.356,3
49.4,2.43,2,0.344,3
202.88,2.09,2,0.06,1
209.89,0.63,1,0.095,1
34.63,8.66,2,0.041,0
34.08,14.26,2,0.178,0
266.05,0.89,2,0.025,1
22.2,1.03,1,0.0,2
190.14,1.88,2,0.049,1
25.62,10.85,2,0.118,0
192.54,1.47,1,0.064,1
50.03,4.42,2,0.368,3
52.91,3.14,2,0.384,3
24.78,4.02,2,0.213,3
179.99,2.52,1,0.093,1
209.41,1.56,2,0.055,1
23.91,0.34,1,0.024,2
44.74,2.58,4,0.337,3
15.41,0.95,1,0.039,2
46.01,3.93,2,0.376,3
42.15,7.46,4,0.064,0
174.94,2.77,2,0.047,1
32.77,13.95,3,0.059,0
25.04,0.78,1,0.0,2
34.9,12.65,3,0.088,0
41.22,2.25,2,0.294,3
33.49,2.83,2,0.332,3
244.68,1.22,1,0.048,1
46.79,2.57,2,0.401,3
206.07,1.63,1,0.052,1
24.29,1.11,2,0.009,2
216.43,2.16,2,0.067,1
42.66,3.16,2,0.306,3
26.93,3.03,2,0.303,3
25.34,10.49,3,0.085,0
16.55,0.89,1,0.016,2
58.74,2.17,3,0.407,3
219.59,1.45,2,0.0,1
28.08,11.46,5,0.078,0
60.66,2.18,2,0.409,3
33.72,2.49,2,0.377,3
22.76,11.53,3,0.053,0
198.12,2.2,3,0.046,1
47.0,2.96,2,0.352,3
27.75,13.74,5,0.168,0
40.62,12.96,2,0.019,0
34.63,9.52,2,0.117,0
43.57,3.62,1,0.327,3
25.37,2.95,2,0.306,3
45.83,2.76,3,0.408,3
206.89,1.38,2,0.02,1
28.64,6.94,2,0.061,2
49.92,3.35,2,0.35,3
29.66,10.52,3,0.06,0
30.29,0.76,1,0.01,2
41.01,2.0,2,0.345,3
41.91,7.41,3,0.101,0
42.61,12.37,4,0.018,0
56.42,2.51,2,0.402,3
44.27,12.67,2,0.089,0
53.75,2.69,2,0.278,3
47.18,10.57,3,0.082,0
197.4,1.96,2,0.02,1
42.38,1.27,2,0.314,3
40.21,2.32,2,0.357,3
135.23,1.99,3,0.05,1
34.03,15.38,4,0.101,0
31.69,2.63,2,0.367,3
55.0,2.94,2,0.402,3
26.68,1.08,1,0.0,2
21.78,14.44,4,0.086,0
24.32,10.92,4,0.153,0
36.85,3.59,2,0.353,3
207.73,2.33,3,0.046,1
41.46,2.84,2,0.398,3
43.22,2.9,3,0.351,3
45.54,2.82,2,0.221,3
200.39,1.93,1,0.086,1
186.15,1.15,2,0.104,1
26.68,12.79,3,0.144,0
65.69,3.39,2,0.484,3
50.28,15.58,2,0.052,0
50.79,2.42,2,0.398,3
137.67,1.98,2,0.034,1
29.44,0.94,1,0.026,2
32.85,3.2,2,0.466,3
106.1,2.75,2,0.063,1
171.99,2.76,3,0.046,1
46.05,2.24,1,0.24,3
151.73,1.55,2,0.062,1
26.96,1.63,1,0.035,2
21.18,1.34,1,0.06,2
36.07,13.03,4,0.081,0
192.61,2.5,3,0.035,1
23.41,1.81,2,0.0,2
20.42,1.31,1,0.05,2
33.38,3.73,2,0.462,3
34.08,13.61,2,0.091,0
25.08,15.42,3,0.063,0
23.66,0.65,1,0.038,2
44.44,11.01,3,0.15,0
39.37,12.75,4,0.072,0
43.03,2.57,3,0.352,3
221.59,2.78,3,0.073,1
31.92,3.93,2,0.44,3
175.58,2.47,2,0.053,1
42.0,14.74,4,0.063,0
41.17,13.94,3,0.138,0
34.62,3.52,3,0.353,3
23.57,0.76,1,0.058,2
235.9,2.63,2,0.093,1
25.96,2.06,3,0.344,3
21.56,9.42,3,0.119,0
229.33,2.84,1,0.061,1
37.62,12.72,4,0.045,0
21.37,0.49,1,0.0,2
169.91,1.61,2,0.064,1
22.87,1.04,1,0.027,2
28.95,7.84,3,0.046,0
46.03,14.66,3,0.043,0
17.11,8.82,2,0.087,0
18.25,0.7,1,0.008,2
63.92,3.43,2,0.39,3
45.49,14.53,4,0.123,0
209.26,1.73,2,0.026,1
43.3,3.92,2,0.261,3
42.61,2.3,2,0.359,3
33.94,16.12,2,0.115,0
146.16,1.24,2,0.054,1
17.52,1.03,1,0.0,2
20.66,1.26,1,0.065,2
42.12,13.76,3,0.057,0
41.25,15.4,1,0.078,0
36.59,2.86,2,0.403,3
36.87,12.46,2,0.125,0
40.15,2.83,2,0.184,3
142.01,1.8,2,0.064,1
59.32,2.43,2,0.288,3
33.65,1.18,2,0.004,2
44.78,13.82,3,0.034,0
42.7,13.05,3,0.116,0
21.53,0.7,1,0.0,2
43.01,3.79,2,0.455,3
26.87,12.04,4,0.165,0
21.67,0.92,1,0.029,2
32.64,12.25,3,0.064,0
28.28,0.94,1,0.0,2
57.63,2.86,2,0.301,3
23.37,0.71,1,0.047,2
23.31,1.48,2,0.04,2
40.45,13.02,3,0.032,0
36.83,8.7,3,0.092,0
31.43,9.37,3,0.228,0
35.94,10.24,3,0.079,0
24.69,1.27,1,0.037,2
45.21,12.25,3,0.163,0
43.98,4.19,2,0.367,3
41.16,10.7,2,0.111,0
47.58,2.35,3,0.254,3
37.16,3.77,2,0.366,3
29.49,10.19,3,0.138,0
36.94,2.77,3,0.395,3
48.16,3.44,1,0.457,3
39.68,12.64,3,0.152,0
155.48,1.73,2,0.025,1
164.01,2.77,2,0.034,1
52.48,4.25,2,0.398,3
194.6,2.21,2,0.028,1
19.5,0.62,1,0.017,2
29.26,9.81,3,0.076,0
23.63,2.89,3,0.356,3
219.61,1.75,2,0.028,1
49.87,2.81,2,0.366,3
171.09,2.95,1,0.044,1
32.27,0.71,1,0.049,2
52.87,3.64,2,0.163,3
38.11,3.64,3,0.231,3
24.06,1.28,1,0.0,2
144.53,2.56,2,0.021,1
24.58,1.35,1,0.035,2
55.72,2.4,2,0.162,3
196.09,3.83,2,0.0,1
135.72,1.66,3,0.097,1
44.16,10.93,3,0.07,0
25.46,11.58,3,0.097,0
32.6,11.66,3,0.188,0
58.12,12.01,4,0.041,0
31.45,1.12,1,0.015,2
179.73,1.66,2,0.046,1
31.27,4.21,2,0.339,3
40.6,2.72,4,0.243,3
49.71,3.67,1,0.332,3
29.86,14.2,3,0.095,0
33.11,8.99,4,0.103,0
41.22,12.86,3,0.105,0
29.5,0.59,2,0.0,2
22.88,1.72,1,0.024,2
47.36,2.96,1,0.386,3
33.48,10.48,4,0.112,0
163.09,2.15,1,0.042,1
40.85,9.25,1,0.077,2
39.64,13.34,3,0.186,0
212.27,2.36,2,0.064,1
63.4,3.43,2,0.302,3
37.06,16.48,3,0.119,0
35.76,13.99,5,0.145,0
30.63,9.52,4,0.14,0
44.31,16.04,3,0.09,0
50.71,2.87,2,0.324,3
38.06,2.68,2,0.445,3
45.22,3.22,2,0.256,3
35.98,13.09,4,0.13,0
40.57,3.78,2,0.412,3
41.23,3.22,3,0.274,3
179.41,2.72,2,0.029,1
33.77,16.78,5,0.06,0
204.14,1.05,1,0.0,1
44.53,3.19,2,0.266,3
48.92,2.9,2,0.487,3
28.78,10.47,2,0.165,0
170.42,1.95,3,0.038,1
59.55,3.36,2,0.221,3
26.49,0.7,1,0.0,2
166.08,0.79,2,0.038,1
36.16,12.08,3,0.046,0
41.9,2.71,2,0.385,3
42.25,2.11,2,0.315,3
44.84,3.51,2,0.268,3
54.29,2.46,2,0.271,3
213.0,2.19,2,0.064,1
192.98,2.62,2,0.043,1
54.9,2.26,2,0.44,3
37.5,2.21,2,0.326,3
46.0,14.67,3,0.062,0
25.59,1.25,1,0.009,2
199.18,1.41,1,0.064,1
28.89,8.68,4,0.135,0
207.61,2.12,2,0.077,1
56.16,3.18,3,0.312,3
41.53,2.8,1,0.33,3
187.15,1.84,2,0.043,1
28.57,1.49,1,0.015,2
39.9,13.02,4,0.157,0
38.56,3.18,3,0.487,3
40.22,3.63,3,0.312,3
202.33,1.68,2,0.034,1
42.9,2.71,2,0.396,3
34.15,10.98,3,0.133,0
216.78,1.81,2,0.061,1
209.73,2.65,2,0.113,1
28.78,10.18,2,0.121,0
193.45,1.06,2,0.065,1
49.08,2.88,2,0.269,3
215.7,2.5,2,0.05,1
44.27,2.1,2,0.377,3
198.86,1.78,2,0.007,1
31.64,3.78,1,0.345,3
178.49,2.09,3,0.084,1
145.24,2.91,3,0.12,1
235.29,1.46,2,0.08,1
49.15,8.1,3,0.113,0
241.46,3.14,2,0.117,1
33.46,10.46,3,0.019,0
156.12,2.19,2,0.044,1
44.33,2.7,1,0.217,2
25.16,10.04,1,0.074,2
27.42,14.82,1,0.117,0
181.13,2.35,1,0.03,1
56.89,2.32,3,0.329,3
201.51,2.2,2,0.049,1
190.69,1.22,1,0.077,1
54.34,2.73,1,0.158,2
36.95,6.78,3,0.034,0
169.83,2.85,2,0.081,1
209.85,2.11,3,0.0,1
183.98,2.46,3,0.05,1
48.16,2.95,2,0.275,3
233.26,1.29,2,0.072,1
24.78,9.98,2,0.092,0
50.53,2.81,3,0.414,3
162.96,1.72,3,0.055,1
26.05,1.05,1,0.018,2
24.83,0.54,1,0.038,2
33.91,4.13,2,0.35,3
46.49,3.05,1,0.336,3
36.46,17.05,3,0.063,0
39.94,2.61,1,0.378,3
28.3,8.98,3,0.0,0
232.68,1.66,2,0.0,1
35.47,3.47,2,0.402,3
27.54,0.8,1,0.0,2
36.48,14.62,3,0.1,0
35.9,10.29,3,0.107,0
25.12,14.0,3,0.043,0
32.36,0.98,1,0.029,2
201.02,0.93,2,0.024,1
37.88,15.44,2,0.06,0
39.91,13.44,1,0.162,0
38.19,6.84,3,0.04,0
209.21,1.02,2,0.041,1
16.16,0.43,1,0.0,2
201.55,1.34,2,0.054,1
35.78,3.07,1,0.414,3
41.08,2.91,3,0.251,3
24.32,3.07,2,0.383,3
21.59,0.94,1,0.0,2
56.54,3.11,2,0.386,3
25.7,13.4,1,0.117,0
282.24,1.71,2,0.062,1
147.16,1.11,3,0.049,1
58.3,2.97,2,0.461,3
39.3,13.47,2,0.087,0
189.57,1.79,1,0.056,1
51.06,10.89,3,0.064,0
205.64,1.49,1,0.002,1
228.78,1.8,2,0.058,1
180.2,2.9,1,0.032,1
230.79,0.68,3,0.068,1
24.06,15.28,3,0.049,0
42.09,4.35,2,0.491,3
41.54,2.52,2,0.176,3
58.17,2.98,2,0.292,3
217.71,2.36,1,0.035,1
27.61,13.5,3,0.111,0
184.55,2.76,2,0.002,1
251.48,1.5,1,0.029,1
200.41,3.03,1,0.107,1
46.59,12.74,3,0.098,0
227.56,3.18,2,0.06,1
53.29,6.92,2,0.07,2
54.75,3.54,3,0.256,3
226.09,1.37,2,0.08,1
44.79,3.04,2,0.475,3
39.91,15.51,2,0.033,0
72.46,3.67,2,0.274,3
26.77,15.16,1,0.118,0
27.82,12.12,4,0.144,0
18.07,1.92,1,0.518,3
208.63,1.91,2,0.051,1
24.0,1.43,1,0.021,2
41.63,2.47,2,0.478,3
29.75,3.59,2,0.39,3
32.66,12.51,4,0.124,0
54.41,12.88,3,0.133,0
20.99,1.29,1,0.026,2
200.97,3.58,3,0.04,1
197.39,2.6,2,0.101,1
217.86,0.95,2,0.054,1
36.9,12.88,4,0.036,0
55.23,2.65,1,0.412,3
33.5,10.78,4,0.12,0
39.09,2.02,2,0.315,3
43.18,3.49,3,0.282,3
27.41,15.21,4,0.104,0
29.3,1.23,1,0.032,2
41.09,12.05,2,0.105,0
43.61,8.21,3,0.0,0
247.75,2.15,3,0.057,1
43.18,2.99,2,0.337,3
28.06,0.53,1,0.013,2
24.93,1.66,1,0.029,2
57.72,3.82,2,0.268,3
35.53,1.08,1,0.0,2
197.27,0.93,1,0.161,1
206.11,1.85,1,0.052,1
30.0,1.01,1,0.04,2
22.9,11.9,3,0.012,0
187.1,1.49,2,0.0,1
46.9,2.79,2,0.38,3
6.29,1.27,1,0.037,2
175.55,1.27,2,0.027,1
156.08,2.08,2,0.028,1
184.34,2.01,2,0.101,1
34.07,12.13,2,0.077,0
41.23,10.43,3,0.085,0
24.67,1.13,1,0.037,2
210.84,2.34,3,0.0,1
173.34,1.65,2,0.069,1
18.61,4.3,2,0.312,3
47.23,15.82,2,0.113,0
256.79,2.35,2,0.024,1
21.34,11.69,3,0.059,0
33.21,2.68,2,0.252,3
24.97,1.03,1,0.035,2
41.98,3.7,2,0.304,3
51.06,3.65,2,0.385,3
35.8,7.13,3,0.09,0
23.42,16.49,3,0.059,0
22.37,0.86,1,0.005,2
248.23,1.32,2,0.103,1
30.2,0.9,1,0.004,2
34.95,3.65,2,0.308,3
208.83,0.97,2,0.06,1
53.27,2.33,3,0.277,3
159.68,1.72,2,0.024,1
35.37,1.14,1,0.004,2
48.61,3.15,2,0.351,3
185.47,2.6,3,0.096,1
44.77,2.66,2,0.5,3
42.73,3.68,3,0.409,3
28.63,4.34,1,0.306,3
54.34,2.97,2,0.445,3
235.84,2.15,2,0.0,1
196.19,2.19,2,0.042,1
43.04,2.71,2,0.335,3
11.81,1.41,1,0.026,2
229.76,1.99,2,0.043,1
227.65,1.83,1,0.014,1
45.11,8.51,3,0.025,0
54.65,2.74,2,0.239,3
24.28,1.06,1,0.024,2
48.13,10.77,3,0.082,0
28.36,0.48,2,0.02,2
28.98,11.41,5,0.091,0
188.02,1.81,2,0.06,1
239.44,2.59,1,0.037,1
233.52,1.88,2,0.02,1
63.35,3.19,3,0.261,3
240.87,2.84,1,0.075,1
163.84,2.3,3,0.051,1
51.61,1.52,2,0.311,3
31.3,0.2,1,0.032,2
30.99,9.01,3,0.083,0
197.84,1.69,2,0.071,1
29.18,0.56,1,0.0,2
34.56,10.92,2,0.127,0
245.96,1.36,2,0.038,1
60.47,2.85,3,0.423,3
35.52,12.13,3,0.101,0
22.59,1.0,2,0.307,3
267.1,2.1,3,0.041,1
24.55,12.78,2,0.138,0
33.38,9.13,3,0.097,0
36.31,8.39,3,0.06,0
41.95,2.35,1,0.395,3
48.02,3.35,1,0.451,3
40.3,1.88,2,0.492,3
34.53,2.34,3,0.319,3
28.09,0.67,1,0.014,2
29.77,0.66,1,0.023,2
35.86,4.13,2,0.319,3
34.81,12.67,3,0.158,0
25.18,1.39,1,0.002,2
192.07,1.78,1,0.071,1
40.37,3.53,2,0.411,3
211.88,2.17,2,0.075,1
44.13,9.35,4,0.088,0
47.79,2.54,2,0.373,3
148.83,1.51,2,0.036,1
53.38,1.85,2,0.394,3
24.37,9.71,2,0.128,0
64.07,4.47,2,0.432,3
164.8,1.39,2,0.045,1
12.19,0.66,1,0.0,2
48.03,0.65,2,0.284,3
52.72,11.64,2,0.128,0
199.9,1.28,1,0.061,1
271.91,1.96,2,0.039,1
56.2,3.46,2,0.185,3
208.66,2.25,2,0.04,1
30.52,11.31,4,0.128,0
48.83,11.19,3,0.122,0
225.3,2.35,1,0.064,1
52.51,3.37,2,0.355,3
42.94,3.54,3,0.444,3
54.21,3.71,2,0.284,3
12.18,1.58,1,0.028,2
178.97,1.94,2,0.092,1
37.73,2.27,2,0.339,3
31.87,0.88,1,0.015,2
52.53,1.93,2,0.352,3
206.24,2.51,2,0.066,1
25.24,9.79,3,0.16,0
31.08,8.14,3,0.09,0
221.51,1.83,2,0.039,1
48.96,15.65,2,0.089,0
28.45,3.52,2,0.265,3
28.06,9.88,4,0.124,0
30.77,12.61,3,0.111,0
224.26,2.11,2,0.069,1
132.16,2.33,2,0.025,1
25.31,3.78,2,0.249,3
25.64,2.83,3,0.267,3
41.81,11.74,2,0.159,0
31.51,13.14,4,0.079,0
40.95,12.56,3,0.123,0
34.75,2.34,2,0.327,3
179.27,2.14,2,0.053,1
30.94,0.96,1,0.042,2
50.27,4.43,2,0.47,3
41.32,12.71,2,0.012,0
241.94,1.57,2,0.063,1
40.64,2.16,2,0.221,3
17.68,1.7,1,0.0,2
22.95,1.28,1,0.0,2
40.2,12.65,3,0.052,0
36.16,4.43,2,0.238,3
32.48,14.61,4,0.158,0
210.2,2.29,2,0.079,1
31.67,0.77,1,0.025,2
34.43,11.75,3,0.139,0
50.17,11.5,2,0.157,0
41.29,3.69,2,0.579,3
27.62,13.25,4,0.1,0
43.04,11.21,4,0.078,0
32.91,0.73,1,0.0,2
42.7,2.34,2,0.319,3
32.07,2.01,1,0.075,2
39.53,0.78,1,0.015,2
25.83,0.73,2,0.006,2
233.29,2.79,2,0.015,1
19.06,1.62,1,0.041,2
24.88,10.81,3,0.125,0
53.76,3.4,2,0.438,3
25.47,0.2,1,0.0,2
36.6,3.15,2,0.418,3
20.08,0.71,1,0.011,2
60.76,2.52,2,0.358,3
36.12,11.4,4,0.091,0
167.55,1.32,2,0.068,1
218.27,1.85,3,0.022,1
238.31,1.69,4,0.044,1
50.25,2.71,2,0.42,3
33.26,3.79,1,0.402,3
16.37,11.56,2,0.058,0
42.61,9.62,3,0.052,0
31.5,1.22,1,0.053,2
139.33,1.91,3,0.031,1
187.92,1.4,2,0.05,1
52.1,2.88,2,0.31,3
251.2,1.43,2,0.074,1
198.99,1.77,3,0.079,1
22.3,11.76,5,0.115,0
32.36,11.19,5,0.084,0
41.15,10.07,3,0.135,0
208.81,1.69,3,0.059,1
27.73,1.04,2,0.01,2
25.81,0.67,1,0.011,2
30.28,10.82,2,0.107,0
26.36,0.38,1,0.008,2
197.41,1.52,1,0.078,1
18.25,15.83,3,0.064,0
44.52,3.69,2,0.232,3
167.68,1.53,3,0.07,1
23.69,1.37,1,0.041,2
265.28,1.6,2,0.089,1
24.36,0.43,1,0.025,2
47.1,3.37,1,0.225,3
175.08,2.59,2,0.013,1
25.06,7.15,4,0.113,0
9.84,0.74,1,0.008,2
26.09,15.04,3,0.076,0
48.98,3.3,2,0.252,3
33.03,14.25,4,0.141,0
181.88,1.18,1,0.0,1
63.69,2.89,2,0.296,3
62.77,4.06,2,0.345,3
190.39,1.61,3,0.049,1
46.41,2.79,2,0.33,3
71.62,2.45,2,0.31,3
49.85,1.63,1,0.308,3
44.01,16.04,3,0.121,0
171.01,2.68,3,0.076,1
47.81,10.26,2,0.153,0
34.1,15.4,3,0.036,0
33.11,9.62,3,0.073,0
16.56,0.66,1,0.037,2
26.95,13.67,4,0.13,0
38.78,2.24,2,0.247,3
21.63,1.33,1,0.042,2
21.69,1.2,1,0.0,2
28.98,10.52,3,0.123,0
32.64,3.48,2,0.313,3
21.3,1.13,1,0.01,2
179.99,2.28,2,0.0,1
217.28,1.72,1,0.047,1
39.45,14.12,2,0.052,0
199.6,2.46,2,0.036,1
20.08,0.74,1,0.02,2
43.41,3.28,3,0.314,3
210.44,1.59,1,0.027,1
44.71,2.37,3,0.394,3
161.43,3.33,2,0.076,1
27.64,12.11,3,0.15,0
237.62,1.39,2,0.07,1
36.24,7.49,3,0.07,0
23.17,0.67,1,0.051,2
220.29,3.53,2,0.076,1
24.11,11.2,3,0.178,0
211.28,2.71,3,0.058,1
196.49,2.31,3,0.049,1
28.68,0.79,2,0.0,2
24.21,10.47,3,0.155,0
22.42,1.17,1,0.018,2
212.88,1.54,3,0.033,1
51.2,4.8,3,0.435,3
30.09,0.39,1,0.011,2
213.28,3.55,3,0.04,1
48.22,2.04,1,0.248,3
216.45,2.28,2,0.018,1
28.36,11.51,4,0.076,0
26.78,0.6,1,0.034,2
200.17,2.53,1,0.112,1
49.57,2.98,2,0.449,3
33.25,12.06,4,0.063,0
193.98,2.7,1,0.052,1
232.57,1.73,2,0.076,1
64.02,1.96,1,0.445,3
195.18,1.68,2,0.067,1
267.18,1.21,2,0.087,1
35.0,2.02,2,0.398,3
25.32,8.84,3,0.045,0
20.73,1.1,1,0.001,2
36.29,3.45,2,0.276,3
34.69,12.87,4,0.111,0
42.7,3.96,2,0.287,3
53.1,3.37,1,0.22,3
136.05,1.26,1,0.1,1
36.33,3.39,2,0.283,3
168.64,1.93,3,0.066,1
240.27,2.16,1,0.075,1
179.06,1.53,2,0.046,1
25.14,13.47,3,0.128,0
180.22,2.03,3,0.012,1
46.23,4.33,2,0.353,3
27.88,1.21,1,0.043,2
17.96,0.41,1,0.034,2
41.35,14.42,2,0.079,0
165.46,1.78,1,0.069,1
25.49,1.06,1,0.021,2
173.98,2.07,3,0.082,1
34.4,12.62,3,0.027,0
199.58,2.12,2,0.041,1
29.42,12.91,2,0.026,0
200.33,2.1,2,0.036,1
237.96,1.87,3,0.045,1
166.82,0.95,3,0.06,1
33.98,1.5,1,0.009,2
24.72,0.2,1,0.0,2
28.23,0.54,1,0.0,2
31.17,2.32,2,0.348,3
47.76,2.9,2,0.3,3
244.36,1.98,1,0.055,1
30.32,1.72,1,0.0,2
52.13,2.58,2,0.298,3
14.33,0.58,1,0.03,2
30.41,4.25,2,0.368,3
31.45,14.22,3,0.139,0
43.53,3.11,2,0.267,3
51.71,2.47,1,0.461,3
58.31,2.56,2,0.368,3
47.02,13.58,4,0.115,0
34.7,12.37,3,0.131,0
38.51,13.45,2,0.134,0
22.51,1.03,2,0.024,2
30.65,0.31,2,0.029,2
28.75,1.13,1,0.026,2
189.95,1.26,2,0.028,1
52.81,3.52,2,0.313,3
47.28,1.82,1,0.345,3
251.04,2.58,2,0.048,1
33.83,0.45,1,0.055,2
186.15,2.39,2,0.073,1
22.77,15.12,3,0.14,0
21.1,0.93,1,0.019,2
194.58,2.37,2,0.051,1
40.73,10.69,3,0.133,0
19.75,0.85,1,0.0,2
176.62,2.53,2,0.123,1
29.46,11.94,2,0.076,0
58.53,2.49,2,0.378,3
217.01,2.93,2,0.056,1
14.31,11.75,4,0.076,0
197.87,1.95,2,0.052,1
229.99,0.81,2,0.081,1
40.37,4.57,2,0.336,3
22.79,0.87,1,0.0,2
205.83,2.6,3,0.095,1
47.01,9.51,2,0.163,0
28.35,1.06,1,0.014,2
48.61,4.14,2,0.514,3
37.89,14.71,3,0.088,0
203.6,2.58,3,0.073,1
29.8,2.73,2,0.417,3
224.44,2.64,3,0.103,1
29.06,11.98,3,0.116,0
40.65,3.46,2,0.261,3
197.96,1.44,2,0.077,1
42.07,11.98,2,0.066,0
202.12,1.39,2,0.034,1
56.16,2.91,2,0.445,3
200.0,2.36,3,0.073,1
50.76,2.22,2,0.39,3
16.08,1.27,1,0.025,2
49.94,2.69,2,0.455,3
36.59,1.16,1,0.047,2
36.84,11.63,2,0.041,0
30.64,11.67,2,0.071,0
18.27,0.88,1,0.026,2
35.97,10.1,3,0.131,0
34.02,13.79,3,0.134,0
201.51,1.57,2,0.075,1
164.17,1.83,1,0.068,1
43.85,12.39,3,0.112,0
12.69,0.88,1,0.016,2
177.3,1.66,2,0.097,1
205.59,2.79,1,0.07,1
30.02,13.68,3,0.164,0
51.11,2.76,2,0.445,3
232.69,1.62,2,0.036,1
33.64,12.5,4,0.105,0
19.98,15.49,4,0.101,0
34.86,2.45,2,0.407,3
28.33,9.84,3,0.11,0
13.37,1.11,1,0.002,2
29.67,10.0,3,0.065,0
42.16,10.09,4,0.063,0
34.33,11.86,4,0.14,0
40.97,3.13,2,0.389,3
235.28,2.13,3,0.045,1
196.57,0.97,2,0.012,1
47.6,11.77,3,0.053,0
45.38,10.29,4,0.03,0
27.76,15.5,3,0.082,0
35.59,13.83,5,0.092,0
27.6,11.55,4,0.081,0
30.06,13.45,3,0.073,0
221.41,1.94,2,0.07,1
20.63,0.9,1,0.004,2
255.83,2.3,2,0.059,1
17.17,1.0,1,0.027,2
183.96,2.01,3,0.094,1
38.06,12.1,2,0.089,0
192.41,1.31,1,0.051,1
37.32,3.13,3,0.181,3
203.53,3.0,2,0.023,1
257.32,1.19,2,0.061,1
45.65,1.84,2,0.388,3
34.51,8.34,3,0.062,0
42.14,12.01,3,0.083,0
42.96,3.43,2,0.421,3
32.52,12.15,3,0.107,0
23.72,1.45,1,0.033,2
25.37,11.86,4,0.078,0
231.98,1.9,2,0.077,1
51.24,3.68,2,0.214,3
209.86,1.85,2,0.073,1
31.42,11.7,3,0.077,0
162.62,2.5,1,0.056,1
45.15,7.04,4,0.156,0
62.26,1.72,2,0.422,3
28.46,1.5,1,0.044,2
40.24,13.05,3,0.151,0
51.58,3.7,1,0.322,3
46.24,12.33,3,0.136,0
216.66,2.05,2,0.112,1
28.56,14.84,2,0.125,0
204.88,2.41,2,0.084,1
51.06,5.04,3,0.093,0
225.15,3.18,1,0.0,1
207.35,2.04,2,0.026,1
28.52,3.68,2,0.427,3
49.69,3.34,2,0.364,3
31.83,5.91,1,0.308,3
48.12,3.18,1,0.287,3
213.77,1.88,2,0.013,1
54.49,3.8,3,0.199,3
33.47,10.34,3,0.116,0
24.61,1.01,1,0.088,2
31.71,12.5,3,0.068,0
201.91,0.5,2,0.045,1
37.59,12.79,4,0.158,0
27.15,0.91,1,0.008,2
41.53,3.54,4,0.423,3
35.2,10.92,3,0.0,0
19.35,1.04,1,0.0,2
43.82,15.34,3,0.066,0
251.9,1.95,2,0.057,1
166.17,1.83,2,0.056,1
17.53,2.77,2,0.256,3
162.88,1.44,2,0.015,1
37.76,12.44,3,0.05,0
16.65,1.02,1,0.03,2
45.7,10.8,1,0.021,2
22.49,0.74,1,0.03,2
17.18,1.98,1,0.0,2
52.94,4.95,2,0.451,3
28.47,0.74,2,0.016,2
52.0,3.03,3,0.422,3
181.22,1.77,1,0.08,1
39.52,3.31,2,0.26,3
169.91,2.25,2,0.08,1
36.65,4.53,2,0.336,3
34.33,4.42,2,0.325,3
39.56,5.35,1,0.302,3
17.81,0.7,1,0.002,2
199.71,2.38,2,0.043,1
27.03,0.86,1,0.029,2
205.91,2.26,3,0.073,1
29.68,4.78,2,0.343,3
21.06,1.46,1,0.036,2
39.99,4.22,2,0.28,3
37.76,9.87,2,0.087,0
23.13,1.29,1,0.001,2
37.46,12.55,4,0.084,0
227.17,2.06,1,0.092,1
166.39,1.59,2,0.034,1
186.27,2.02,3,0.072,1
213.26,1.89,2,0.039,1
34.2,6.86,4,0.074,0
213.79,0.56,3,0.052,1
37.42,12.65,3,0.067,0
41.75,2.58,2,0.32,3
37.42,16.81,4,0.134,0
41.93,3.05,1,0.354,3
47.41,3.01,3,0.343,3
52.85,2.64,2,0.32,3
189.84,3.0,3,0.042,1
24.32,1.47,1,0.029,2
43.46,3.51,2,0.387,3
46.34,2.35,3,0.307,3
200.76,1.95,3,0.089,1
231.56,0.95,3,0.074,1
42.59,3.04,2,0.38,3
53.54,2.51,3,0.314,3
41.75,2.53,2,0.575,3
192.84,1.33,1,0.078,1
231.15,1.13,2,0.0,1
53.43,2.32,2,0.371,3
32.96,1.1,1,0.024,2
56.66,3.72,2,0.394,3
167.95,2.09,2,0.041,1
29.06,1.14,1,0.056,2
43.75,9.81,2,0.141,0
195.95,2.41,2,0.0,1
194.35,2.31,2,0.062,1
209.02,2.09,2,0.087,1
28.97,9.64,4,0.131,0
22.32,1.32,1,0.017,2
50.7,13.47,2,0.097,0
35.73,12.42,4,0.111,0
37.65,12.86,3,0.071,0
44.75,3.56,2,0.367,3
40.15,16.6,4,0.142,0
25.65,14.4,2,0.091,0
38.69,14.01,3,0.119,0
18.48,0.98,1,0.0,2
34.48,1.1,1,0.016,2
33.05,12.28,3,0.064,0
41.59,3.07,3,0.23,3
37.33,12.66,2,0.145,0
13.84,1.68,1,0.069,2
50.07,0.85,2,0.365,3
39.38,4.67,1,0.418,3
45.94,3.62,3,0.36,3
27.74,9.01,4,0.08,0
190.83,1.86,2,0.11,1
43.04,12.5,3,0.101,0
203.76,2.81,2,0.009,1
35.76,15.93,4,0.059,0
30.21,0.62,1,0.022,2
31.58,1.04,1,0.0,2
42.2,12.62,6,0.139,0
12.58,0.98,1,0.014,2
208.97,1.56,1,0.033,1
26.04,17.96,3,0.127,0
42.49,2.71,2,0.292,3
199.3,1.44,2,0.006,1
28.16,1.16,2,0.074,2
145.26,1.91,2,0.036,1
205.69,1.21,2,0.048,1
184.45,2.08,2,0.028,1
29.03,4.02,2,0.326,3
48.43,4.07,2,0.189,3
52.99,2.49,2,0.324,3
24.47,1.38,1,0.038,2
236.54,2.52,2,0.062,1
33.31,1.9,2,0.293,3
33.9,10.8,3,0.046,0
183.74,1.57,2,0.088,1
196.89,1.71,2,0.06,1
167.62,2.29,2,0.027,1
30.64,18.37,3,0.123,0
39.75,3.42,2,0.269,3
32.8,3.19,2,0.325,3
43.1,11.81,2,0.146,0
46.27,3.65,2,0.381,3
183.76,2.25,3,0.056,1
29.63,16.03,4,0.144,0
49.98,3.15,2,0.501,3
31.6,13.14,2,0.109,0
41.56,15.92,1,0.066,0
39.11,3.07,2,0.4,3
25.72,10.18,2,0.134,0
48.85,14.02,3,0.146,0
60.76,2.4,2,0.381,3
37.35,2.31,2,0.344,3
49.93,3.47,1,0.235,3
32.36,14.13,3,0.111,0
25.34,6.66,3,0.085,0
35.08,12.78,4,0.112,0
20.41,7.03,4,0.134,0
222.64,2.32,3,0.032,1
36.64,3.49,2,0.418,3
35.88,13.97,3,0.103,0
19.17,8.79,3,0.091,0
206.88,2.28,2,0.041,1
20.14,1.08,1,0.009,2
70.45,2.72,2,0.371,3
43.76,1.57,3,0.362,3
38.11,12.97,1,0.094,0
54.9,3.2,1,0.303,3
56.67,1.98,1,0.367,3
41.92,16.13,4,0.072,0
51.82,3.65,3,0.324,3
198.09,2.44,1,0.045,1
56.69,4.78,2,0.409,3
239.96,1.62,2,0.068,1
221.04,1.98,1,0.106,1
14.09,1.63,1,0.015,2
173.0,2.39,2,0.085,1
39.14,3.13,2,0.331,3
46.38,2.46,2,0.437,3
33.3,0.2,1,0.016,2
209.21,2.12,2,0.081,1
195.65,1.41,2,0.045,1
20.59,0.65,1,0.018,2
47.93,1.79,2,0.384,3
178.45,1.87,1,0.089,1
225.09,1.89,1,0.004,1
33.8,12.8,2,0.09,0
44.3,9.26,3,0.078,0
22.21,1.17,1,0.016,2
167.84,2.04,1,0.077,1
30.08,2.69,3,0.368,3
218.77,2.33,2,0.014,1
169.76,1.69,2,0.003,1
40.87,3.16,2,0.345,3
157.1,2.44,3,0.053,1
49.35,3.18,2,0.517,3
54.49,3.41,2,0.294,3
32.53,10.02,3,0.127,0
57.16,3.66,2,0.388,3
27.99,4.08,2,0.274,3
139.65,1.87,3,0.037,1
30.77,11.04,3,0.103,0
25.8,12.54,3,0.115,0
28.35,2.61,2,0.19,3
27.4,0.61,1,0.045,2
200.01,0.96,3,0.081,1
154.91,2.29,2,0.037,1
51.3,2.29,2,0.405,3
193.0,2.45,3,0.068,1
45.87,4.56,4,0.437,3
51.47,2.2,2,0.31,3
29.44,11.45,3,0.134,0
21.8,1.2,1,0.0,2
41.81,4.12,2,0.396,3
262.15,1.66,2,0.051,1
49.3,2.7,2,0.356,3
36.24,12.47,2,0.092,0
32.13,15.61,2,0.128,0
38.17,2.3,2,0.343,3
26.06,6.86,3,0.043,0
181.33,1.78,3,0.031,1
43.59,2.5,2,0.277,3
39.24,13.6,3,0.089,0
27.58,19.92,2,0.129,0
34.61,3.93,2,0.506,3
25.39,14.43,4,0.039,0
29.57,0.96,1,0.036,2
16.67,1.15,1,0.034,2
32.22,3.31,2,0.393,3
37.39,2.49,2,0.337,3
194.78,2.6,2,0.066,1
20.05,1.03,1,0.008,2
190.61,2.08,2,0.0,1
26.55,10.27,3,0.056,0
201.18,2.02,1,0.036,1
204.33,2.01,2,0.05,1
45.24,3.7,2,0.402,3
30.71,0.48,1,0.006,2
47.03,8.78,2,0.153,0
147.6,2.13,3,0.05,1
42.98,2.37,1,0.386,3
31.82,10.42,4,0.153,0
28.24,0.77,1,0.001,2
41.02,12.49,5,0.13,0
263.49,1.29,3,0.01,1
32.33,12.52,3,0.0,0
52.39,13.06,2,0.12,0
178.06,1.73,3,0.033,1
32.39,6.79,4,0.136,0
209.09,3.0,2,0.063,1
255.78,2.04,1,0.091,1
38.5,10.78,3,0.1,0
35.4,12.01,3,0.123,0
52.03,16.55,4,0.105,0
29.45,9.48,2,0.144,0
153.8,2.43,2,0.096,1
50.72,2.86,3,0.222,3
35.09,8.44,2,0.1,0
232.86,1.59,2,0.065,1
134.33,1.86,2,0.001,1
23.27,1.09,1,0.011,2
34.62,8.91,5,0.109,0
225.71,1.09,3,0.073,1
25.25,13.75,2,0.097,0
215.97,2.19,1,0.023,1
19.37,0.51,1,0.012,2
32.97,2.21,2,0.437,3
25.42,10.57,5,0.008,0
65.51,3.26,3,0.363,3
40.64,2.53,2,0.305,3
41.81,12.21,3,0.127,0
214.96,2.45,3,0.021,1
217.84,1.79,2,0.055,1
42.49,16.62,2,0.029,0
25.44,1.17,1,0.009,2
219.15,1.36,2,0.109,1
155.26,2.46,2,0.054,1
52.67,12.47,3,0.049,0
207.89,1.37,3,0.045,1
35.96,0.7,1,0.0,2
17.56,0.62,1,0.046,2
36.96,14.41,3,0.155,0
39.95,14.93,3,0.072,0
166.27,0.9,3,0.029,1
133.43,2.38,2,0.029,1
44.08,14.06,3,0.074,0
255.36,2.13,2,0.065,1
47.14,2.0,2,0.348,3
31.07,1.07,1,0.05,2
215.2,1.85,3,0.098,1
34.6,11.44,2,0.048,0
44.49,6.32,3,0.067,0
36.78,2.53,1,0.313,3
246.56,1.38,2,0.051,1
50.42,3.17,2,0.317,3
14.51,0.47,1,0.055,2
38.33,1.44,1,0.424,3
233.28,0.88,2,0.033,1
244.36,3.52,2,0.033,1
36.31,3.62,2,0.225,3
174.98,2.44,2,0.04,1
30.19,11.65,3,0.102,0
35.92,4.39,2,0.308,3
48.16,2.4,2,0.391,3
24.42,11.96,3,0.123,0
39.45,12.98,3,0.055,0
206.97,1.46,2,0.041,1
23.76,10.84,3,0.099,0
184.76,1.63,3,0.053,1
33.19,15.82,2,0.133,0
33.87,10.3,4,0.177,0
44.25,15.01,3,0.156,0
26.29,14.39,3,0.055,0
159.0,1.72,2,0.0,1
201.42,1.46,1,0.04,1
212.78,2.54,3,0.069,1
33.59,13.71,3,0.106,0
243.18,1.99,2,0.038,1
195.75,2.58,1,0.053,1
33.97,13.23,2,0.073,0
43.03,9.63,3,0.177,0
24.73,13.86,4,0.06,0
54.13,5.02,2,0.25,3
22.66,12.37,2,0.126,0
154.86,2.78,2,0.0,1
39.03,5.03,3,0.4,3
48.02,2.84,1,0.401,3
190.72,1.61,2,0.06,1
35.26,12.62,2,0.072,0
235.92,1.0,2,0.055,1
39.03,13.36,5,0.067,0
47.55,3.89,1,0.44,3
28.07,13.75,3,0.07,0
31.68,13.18,3,0.058,0
25.82,0.24,1,0.0,2
55.88,3.22,2,0.347,3
48.87,3.69,2,0.316,3
199.2,1.94,3,0.034,1
40.97,9.19,4,0.12,0
171.58,2.27,2,0.096,1
23.37,1.34,1,0.049,2
191.34,2.64,2,0.008,1
27.29,1.38,1,0.029,2
38.22,11.05,3,0.083,0
42.88,10.15,4,0.082,0
45.68,3.06,3,0.375,3
33.65,13.44,4,0.088,0
26.32,3.25,1,0.232,3
24.69,0.37,2,0.027,2
39.61,13.5,1,0.134,0
215.09,1.91,3,0.06,1
189.63,1.94,1,0.03,1
33.17,11.06,3,0.042,0
55.86,2.8,3,0.486,3
228.58,1.64,3,0.091,1
33.69,11.99,4,0.055,0
43.67,2.48,2,0.233,3
47.79,3.4,2,0.28,3
67.78,3.86,2,0.382,3
40.65,9.03,3,0.041,0
35.62,10.23,4,0.123,0
30.0,12.37,3,0.175,0
48.84,14.27,3,0.111,0
39.75,4.1,2,0.455,3
190.68,3.02,1,0.025,1
22.86,11.04,3,0.145,0
194.7,2.05,2,0.045,1
50.95,3.24,2,0.274,3
188.67,2.79,1,0.111,1
197.01,2.64,2,0.061,1
166.23,3.05,2,0.044,1
22.16,1.34,1,0.019,2
186.02,1.92,1,0.112,1
227.0,2.35,1,0.08,1
242.92,1.88,1,0.068,1
245.37,2.8,2,0.069,1
37.06,10.11,3,0.056,0
243.07,2.12,2,0.034,1
179.11,2.41,1,0.026,1
50.25,7.81,2,0.15,0
33.44,3.45,2,0.221,3
36.31,14.19,2,0.093,0
232.96,2.01,3,0.057,1
46.69,9.23,2,0.162,0
25.02,1.22,1,0.003,2
37.83,9.67,3,0.117,0
167.57,2.54,2,0.041,1
172.61,1.64,1,0.049,1
49.16,2.79,2,0.319,3
28.46,9.74,3,0.118,0
33.54,11.93,4,0.098,0
50.58,2.64,2,0.307,3
46.33,3.45,2,0.214,3
52.5,2.1,1,0.357,3
213.86,2.29,2,0.051,1
29.57,14.62,3,0.116,0
19.88,16.17,2,0.148,0
35.01,0.43,1,0.0,2
22.13,12.67,3,0.117,0
41.01,11.2,4,0.092,0
40.26,10.21,3,0.124,0
36.66,10.28,3,0.159,0
43.17,4.49,2,0.35,3
257.72,1.34,1,0.048,1
55.54,3.59,2,0.379,3
44.82,8.26,2,0.075,0
45.9,8.97,2,0.018,0
190.97,2.29,2,0.053,1
51.28,2.62,2,0.214,3
155.46,1.83,2,0.085,1
44.26,2.19,3,0.227,3
20.77,1.61,1,0.049,2
217.28,2.77,1,0.081,1
16.81,1.39,1,0.023,2
40.26,15.52,4,0.217,0
32.96,11.17,3,0.062,0
36.89,11.33,3,0.052,0
59.02,1.87,2,0.495,3
27.12,13.17,4,0.037,0
28.79,2.05,3,0.247,3
36.04,14.27,2,0.063,0
37.0,12.7,3,0.126,0
57.9,3.9,2,0.231,3
51.43,2.1,3,0.467,3
35.25,14.62,4,0.191,0
186.85,2.08,3,0.067,1
39.24,16.16,3,0.113,0
33.48,10.91,4,0.096,0
50.94,2.59,3,0.335,3
22.22,1.11,1,0.0,2
28.12,1.05,1,0.029,2
29.65,8.02,2,0.155,0
42.05,3.43,2,0.409,3
207.73,1.3,2,0.051,1
221.64,1.2,1,0.067,1
194.7,2.32,1,0.0,1
231.39,2.52,2,0.096,1
27.74,0.9,1,0.026,2
28.56,0.82,1,0.045,2
31.34,1.09,1,0.0,2
46.87,3.25,2,0.219,3
27.84,0.77,2,0.04,2
238.05,2.43,2,0.076,1
42.86,2.85,2,0.304,3
39.93,4.21,2,0.304,3
198.14,3.13,3,0.07,1
233.04,2.18,2,0.033,1
38.53,3.12,2,0.357,3
212.12,2.48,1,0.049,1
45.78,9.81,3,0.137,0
192.49,1.4,2,0.073,1
31.23,1.27,1,0.02,2
190.26,2.58,2,0.037,1
238.75,2.75,2,0.057,1
27.5,1.31,1,0.048,2
42.26,4.02,2,0.368,3
247.6,1.67,2,0.039,1
194.53,1.76,2,0.07,1
209.49,1.02,2,0.019,1
23.1,6.59,4,0.066,0
20.21,0.4,1,0.0,2
31.31,0.95,1,0.0,2
37.56,3.39,2,0.398,3
19.01,0.71,1,0.074,2
24.2,9.76,3,0.094,0
168.18,2.66,1,0.046,1
202.74,1.61,1,0.047,1
22.12,13.18,2,0.124,0
47.9,10.21,2,0.175,0
205.35,2.63,2,0.114,1
20.94,13.34,3,0.07,0
212.1,1.73,2,0.059,1
36.13,17.05,3,0.105,0
42.69,2.35,2,0.35,3
47.96,11.96,3,0.088,0
27.06,10.94,4,0.0,0
43.58,2.58,2,0.364,3
39.2,14.98,3,0.043,0
36.31,14.12,3,0.059,0
43.85,2.07,2,0.464,3
43.7,13.75,4,0.157,0
32.29,12.2,3,0.124,0
28.85,0.3,1,0.002,2
43.61,12.7,3,0.098,0
50.62,2.54,2,0.388,3
37.79,12.16,4,0.091,0
30.17,10.68,3,0.099,0
60.03,2.68,1,0.351,3
62.67,3.48,1,0.361,3
191.98,1.88,2,0.056,1
22.66,0.96,1,0.024,2
21.59,0.82,1,0.0,2
32.39,10.33,1,0.08,2
31.13,11.82,3,0.114,0
31.14,1.28,1,0.01,2
49.41,1.06,1,0.393,3
25.08,1.67,1,0.009,2
40.41,4.5,4,0.13,0
232.45,2.89,3,0.044,1
21.59,0.66,1,0.0,2
53.13,2.45,2,0.431,3
32.26,17.3,2,0.128,0
215.82,1.63,1,0.029,1
32.91,13.09,1,0.151,0
23.61,1.01,1,0.0,2
18.41,1.11,1,0.044,2
33.33,10.85,3,0.082,0
42.38,3.67,2,0.444,3
31.68,3.77,2,0.378,3
15.59,1.31,1,0.025,2
222.21,1.33,2,0.06,1
30.36,10.69,3,0.164,0
34.13,9.92,3,0.079,0
153.16,2.32,1,0.052,1
28.63,5.07,3,0.151,0
28.42,11.84,4,0.108,0
52.93,15.24,3,0.102,0
206.07,0.65,1,0.097,1
39.32,2.13,1,0.401,3
42.54,3.76,2,0.445,3
32.84,14.26,3,0.069,0
22.54,12.37,3,0.144,0
41.25,6.07,3,0.097,0
163.78,1.63,3,0.1,1
23.02,7.52,4,0.108,0
28.64,15.31,3,0.044,0
46.8,5.32,1,0.308,3
181.32,2.09,2,0.04,1
27.11,1.3,2,0.013,2
27.43,8.02,4,0.079,0
44.38,2.96,2,0.4,3
22.34,14.82,3,0.092,0
195.68,2.87,2,0.0,1
185.79,2.31,2,0.066,1
38.67,13.49,3,0.114,0
138.12,2.45,2,0.03,1
46.36,11.49,3,0.072,0
30.19,10.33,2,0.163,0
252.78,0.7,3,0.074,1
41.73,16.24,3,0.131,0
31.98,16.25,2,0.092,0
28.23,1.33,1,0.025,2
43.85,3.02,1,0.271,3
40.44,13.05,3,0.193,0
27.66,0.32,1,0.056,2
27.92,1.15,1,0.0,2
166.82,2.04,1,0.064,1
49.54,8.43,4,0.063,0
56.96,3.64,2,0.425,3
194.07,2.17,2,0.026,1
50.1,2.46,2,0.412,3
188.22,2.02,2,0.049,1
33.08,12.09,2,0.116,0
202.07,1.53,1,0.012,1
186.77,2.24,1,0.11,1
36.89,12.86,3,0.088,0
29.95,0.5,1,0.014,2
33.28,11.1,3,0.195,0
57.38,1.96,2,0.417,3
172.51,2.68,2,0.075,1
56.18,4.36,2,0.377,3
23.67,11.55,3,0.06,0
165.82,2.58,1,0.0,1
19.5,0.25,1,0.032,2
169.63,1.14,2,0.063,1
25.83,16.65,4,0.049,0
202.14,2.43,2,0.031,1
28.0,0.98,1,0.043,2
29.88,13.05,3,0.21,0
46.11,10.73,3,0.103,0
305.24,1.78,2,0.049,1
166.76,1.74,2,0.014,1
45.93,11.02,3,0.106,0
47.5,2.78,3,0.357,3
35.91,14.4,2,0.118,0
39.27,10.41,3,0.165,0
229.42,1.36,2,0.074,1
23.43,0.85,1,0.004,2
29.3,15.73,3,0.056,0
37.45,3.66,2,0.206,3
39.62,1.16,2,0.352,3
40.21,8.85,3,0.127,0
52.17,12.64,3,0.093,0
45.57,3.67,2,0.459,3
36.96,14.47,3,0.066,0
20.81,0.75,1,0.0,2
25.51,0.84,1,0.025,2
54.54,3.24,2,0.306,3
192.26,1.78,1,0.026,1
237.98,2.18,2,0.117,1
144.96,0.98,2,0.06,1
186.56,2.6,1,0.063,1
38.54,12.48,2,0.055,0
22.69,3.3,1,0.584,3
45.23,2.19,2,0.471,3
194.56,1.07,1,0.078,1
24.76,11.41,2,0.164,0
162.26,1.7,4,0.048,1
39.98,2.62,2,0.459,3
28.83,1.38,1,0.034,2
198.93,1.44,1,0.062,1
255.18,2.21,1,0.024,1
46.94,8.78,3,0.161,0
22.57,0.3,1,0.018,2
48.81,14.65,4,0.189,0
33.96,2.59,1,0.449,3
39.79,11.38,4,0.16,0
212.64,1.31,2,0.013,1
24.08,1.18,1,0.032,2
173.19,2.57,2,0.033,1
195.58,1.35,2,0.061,1
44.1,2.49,2,0.25,3
202.72,1.93,1,0.0,1
59.53,2.04,2,0.229,3
16.1,0.9,1,0.0,2
196.8,1.94,2,0.031,1
31.87,12.12,1,0.089,0
14.29,0.93,1,0.032,2
45.5,9.78,5,0.075,0
33.14,13.57,2,0.066,0
170.42,2.55,1,0.111,1
159.91,2.14,1,0.021,1
44.18,2.64,2,0.307,3
21.02,1.74,1,0.029,2
40.64,12.21,3,0.027,0
36.33,2.77,2,0.3,3
215.38,1.78,3,0.045,1
47.16,5.05,1,0.369,3
16.1,0.98,1,0.033,2
31.54,3.03,1,0.277,3
219.12,1.93,2,0.081,1
24.99,0.94,2,0.025,2
29.05,11.72,3,0.135,0
24.78,13.16,4,0.025,0
169.53,1.66,3,0.016,1
222.87,2.38,2,0.026,1
36.94,10.9,3,0.085,0
23.0,1.32,1,0.02,2
51.41,2.96,2,0.181,3
68.97,3.62,1,0.285,3
24.16,1.23,1,0.029,2
46.48,3.28,2,0.425,3
26.61,10.31,2,0.096,0
27.31,10.55,3,0.114,0
33.73,2.38,2,0.309,3
194.71,1.62,2,0.025,1
248.56,2.0,3,0.008,1
169.55,2.09,3,0.06,1
42.91,1.96,2,0.333,3
33.09,14.0,4,0.05,0
30.79,14.69,2,0.155,0
33.69,14.36,3,0.053,0
153.5,1.17,2,0.049,1
27.06,11.2,2,0.035,0
21.12,0.41,1,0.022,2
27.37,0.74,1,0.0,2
14.07,1.53,1,0.02,2
36.56,2.98,2,0.382,3
25.48,3.17,2,0.34,3
33.14,11.61,2,0.098,0
24.54,6.2,2,0.079,2
181.92,2.31,1,0.053,1
21.89,1.65,1,0.026,2
26.08,0.89,1,0.015,2
47.8,14.34,4,0.119,0
21.82,1.38,1,0.015,2
39.53,1.88,1,0.379,3
38.91,14.41,2,0.073,0
28.06,13.05,4,0.039,0
35.04,6.54,3,0.046,0
201.56,2.09,3,0.052,1
23.51,1.89,2,0.485,3
28.03,1.03,1,0.035,2
35.33,16.44,2,0.059,0
46.71,2.93,2,0.309,3
27.32,12.15,3,0.104,0
37.59,14.45,5,0.083,0
242.78,2.35,2,0.065,1
194.96,1.53,1,0.121,1
51.75,4.15,1,0.305,3
194.84,2.1,2,0.025,1
207.78,2.35,2,0.0,1
43.45,3.29,1,0.335,3
188.52,2.73,1,0.096,1
48.78,2.13,2,0.48,3
237.74,0.9,2,0.081,1
232.95,2.07,2,0.046,1
30.69,13.5,3,0.09,0
223.6,2.61,2,0.062,1
49.18,2.8,2,0.275,3
46.93,2.75,3,0.346,3
38.95,4.2,2,0.505,3
25.04,14.24,3,0.077,0
36.32,7.95,4,0.003,0
8.91,0.9,1,0.003,2
29.31,13.99,3,0.087,0
34.89,2.59,2,0.362,3
40.17,2.19,3,0.247,3
180.66,1.42,3,0.088,1
194.75,2.05,1,0.05,1
22.12,12.05,2,0.121,0
48.88,2.86,2,0.166,3
38.96,10.79,5,0.109,0
62.51,3.98,3,0.332,3
21.67,1.34,1,0.041,2
185.48,1.29,2,0.004,1
47.24,1.81,2,0.497,3
39.6,2.72,2,0.243,3
202.67,2.58,2,0.028,1
184.53,2.56,2,0.055,1
57.4,2.94,3,0.446,3
41.91,4.03,3,0.35,3
33.19,11.74,2,0.106,0
204.01,2.52,1,0.07,1
47.39,3.96,1,0.262,3
42.15,3.14,1,0.297,3
28.23,0.95,1,0.03,2
44.22,3.64,2,0.386,3
164.63,2.64,2,0.066,1
41.75,2.36,2,0.423,3
29.51,0.78,1,0.035,2
38.94,3.79,2,0.357,3
21.32,0.56,2,0.044,2
35.15,11.95,2,0.079,0
36.52,12.98,4,0.13,0
193.97,2.37,1,0.0,1
35.47,2.31,2,0.353,3
58.32,13.78,4,0.14,0
64.16,3.17,2,0.4,3
32.94,13.49,3,0.113,0
196.43,2.17,2,0.114,1
178.33,2.2,3,0.024,1
39.66,2.93,2,0.258,3
38.41,10.51,3,0.083,0
31.18,12.62,3,0.091,0
44.98,3.68,4,0.406,3
123.72,1.94,3,0.08,1
42.51,15.78,4,0.089,0
26.74,1.31,1,0.033,2
15.52,0.22,2,0.03,2
45.71,15.63,2,0.098,0
32.13,18.55,3,0.064,0
232.67,2.21,2,0.066,1
198.23,2.41,2,0.047,1
178.14,2.18,2,0.063,1
17.2,0.26,1,0.012,2
52.15,2.12,2,0.362,3
200.51,2.55,3,0.057,1
44.7,3.75,2,0.403,3
35.15,15.12,2,0.021,0
232.76,1.44,1,0.05,1
24.73,0.48,1,0.036,2
53.65,9.46,3,0.091,0
27.1,14.81,3,0.075,0
192.98,1.91,2,0.036,1
34.35,13.63,2,0.125,0
19.74,0.5,1,0.022,2
26.03,12.59,3,0.087,0
37.69,10.29,4,0.068,0
48.78,12.62,2,0.045,0
42.95,14.08,2,0.151,0
32.93,13.08,2,0.055,0
41.68,14.21,4,0.113,0
227.83,2.58,1,0.061,1
30.9,14.05,4,0.056,0
49.83,9.74,4,0.115,0
42.53,3.13,1,0.389,3
173.81,0.76,1,0.071,1
34.7,13.09,3,0.117,0
164.78,0.48,2,0.053,1
29.12,10.69,4,0.106,0
184.32,2.44,2,0.072,1
32.83,2.77,2,0.431,3
31.55,1.09,1,0.052,2
56.81,3.34,2,0.325,3
34.4,7.15,2,0.138,0
184.06,3.26,2,0.056,1
31.41,4.19,2,0.274,3
131.59,2.47,2,0.0,1
201.67,1.81,2,0.041,1
33.84,13.22,3,0.151,0
28.6,15.49,3,0.088,0
32.68,16.28,3,0.114,0
43.89,9.09,2,0.152,0
52.75,1.96,3,0.273,3
244.08,1.76,1,0.039,1
41.27,16.83,5,0.118,0
36.03,3.38,2,0.347,3
38.89,1.08,1,0.0,2
32.02,11.54,4,0.132,0
37.89,8.32,4,0.121,0
32.59,7.13,2,0.052,2
197.87,2.53,2,0.073,1
17.84,0.8,2,0.0,2
44.0,3.05,2,0.394,3
25.57,0.84,2,0.039,2
22.74,15.5,2,0.041,0
44.58,3.71,2,0.439,3
145.23,1.74,2,0.053,1
49.15,4.62,1,0.452,3
216.22,2.74,1,0.019,1
211.76,1.76,2,0.038,1
23.75,1.73,1,0.017,2
195.1,1.88,2,0.047,1
35.11,1.13,1,0.02,2
49.31,9.87,2,0.094,0
164.55,1.79,1,0.047,1
37.03,13.46,2,0.112,0
23.73,16.75,2,0.146,0
208.16,2.64,1,0.055,1
199.88,2.45,2,0.036,1
24.99,1.69,1,0.052,2
34.48,8.58,2,0.12,0
166.61,2.44,2,0.037,1
30.6,3.18,2,0.195,3
31.53,3.59,3,0.249,3
237.13,2.72,2,0.016,1
37.6,10.75,2,0.099,0
34.66,2.5,1,0.228,3
220.01,1.76,2,0.051,1
49.16,1.44,2,0.38,3
59.65,1.45,3,0.452,3
241.21,1.91,2,0.045,1
43.09,3.51,2,0.369,3
22.46,14.8,1,0.134,0
30.7,1.44,1,0.066,2
21.09,9.5,2,0.135,0
176.71,1.26,2,0.0,1
35.23,3.63,2,0.265,3
171.84,1.93,3,0.042,1
18.34,1.23,1,0.065,2
21.85,0.73,2,0.012,2
33.51,2.9,3,0.221,3
170.24,1.19,3,0.08,1
32.91,2.62,1,0.453,3
21.71,1.45,1,0.026,2
47.57,3.2,2,0.233,3
22.05,0.6,1,0.066,2
32.6,10.62,4,0.068,0
31.65,13.03,2,0.07,0
193.8,1.35,1,0.019,1
49.72,3.36,2,0.304,3
56.27,2.54,1,0.509,3
51.52,2.4,3,0.473,3
52.3,2.57,3,0.327,3
39.08,14.74,3,0.115,0
41.88,3.29,3,0.489,3
143.69,1.91,2,0.043,1
23.24,14.14,2,0.121,0
31.87,9.45,4,0.125,0
27.45,10.65,3,0.156,0
50.19,4.02,2,0.445,3
59.38,3.18,1,0.304,3
34.11,10.75,3,0.062,0
205.6,2.52,3,0.052,1
19.32,1.01,1,0.013,2
214.18,2.11,3,0.082,1
14.63,1.17,1,0.026,2
17.58,0.89,1,0.051,2
45.8,2.71,2,0.461,3
48.71,3.13,2,0.429,3
45.14,0.9,2,0.22,3
187.09,2.11,2,0.071,1
27.95,5.25,2,0.317,3
176.63,2.61,2,0.09,1
20.86,0.87,2,0.0,2
203.98,2.92,2,0.069,1
198.8,2.84,2,0.075,1
42.89,13.65,3,0.117,0
172.03,1.96,2,0.042,1
47.68,2.72,2,0.37,3
49.72,12.31,4,0.101,0
40.56,17.25,3,0.093,0
193.53,2.39,2,0.07,1
26.17,9.99,4,0.182,0
21.81,12.55,3,0.167,0
52.42,3.78,2,0.326,3
24.57,9.62,3,0.117,0
55.55,2.53,2,0.437,3
33.85,9.44,2,0.147,0
42.67,14.66,3,0.047,0
193.32,1.48,2,0.004,1
19.38,5.64,5,0.079,0
24.56,0.57,1,0.032,2
32.1,12.55,3,0.084,0
30.59,11.61,3,0.072,0
16.19,0.8,1,0.022,2
37.66,3.33,2,0.352,3
58.48,3.31,2,0.475,3
21.86,1.64,1,0.004,2
182.88,1.26,2,0.042,1
222.3,2.61,1,0.054,1
19.59,0.97,1,0.025,2
187.86,3.25,2,0.055,1
28.64,2.24,2,0.337,3
35.88,10.58,3,0.025,0
167.43,1.85,2,0.022,1
193.78,2.96,2,0.023,1
56.75,12.04,3,0.083,0
207.68,3.2,1,0.105,1
48.32,4.51,2,0.195,3
38.79,9.36,3,0.051,0
56.15,2.94,2,0.255,3
183.92,1.62,2,0.028,1
31.48,1.95,1,0.014,2
54.12,4.86,2,0.437,3
33.77,9.44,4,0.146,0
35.44,11.14,3,0.15,0
198.54,2.23,2,0.065,1
219.17,1.27,2,0.054,1
36.78,0.45,1,0.02,2
47.26,2.75,2,0.431,3
37.92,1.82,3,0.424,3
236.4,0.99,2,0.053,1
166.21,1.38,2,0.046,1
25.3,10.1,2,0.1,0
27.84,12.6,3,0.041,0
164.16,2.04,2,0.043,1
161.69,1.93,1,0.054,1
203.91,1.83,2,0.078,1
35.72,9.7,3,0.157,0
28.84,12.72,3,0.103,0
220.07,0.97,2,0.018,1
52.82,2.47,2,0.315,3
211.02,2.59,2,0.109,1
33.39,12.44,4,0.11,0
48.84,11.7,4,0.118,0
156.29,1.4,2,0.042,1
264.72,2.48,2,0.077,1
184.06,2.31,3,0.035,1
162.28,2.83,3,0.036,1
180.15,1.77,3,0.025,1
23.81,11.71,3,0.081,0
167.16,2.42,3,0.043,1
213.23,2.98,2,0.073,1
40.84,4.15,2,0.371,3
41.7,4.31,2,0.455,3
33.7,0.85,1,0.018,2
180.94,1.49,2,0.077,1
187.58,2.13,1,0.091,1
165.89,2.39,2,0.0,1
43.34,2.62,2,0.382,3
202.77,2.49,2,0.055,1
20.6,0.75,1,0.038,2
34.7,13.47,3,0.088,0
173.65,1.61,1,0.102,1
34.52,15.78,4,0.139,0
22.25,0.73,1,0.018,2
41.45,13.12,3,0.098,0
39.95,2.78,1,0.308,3
43.94,12.49,4,0.092,0
34.1,12.44,3,0.115,0
194.01,1.89,3,0.064,1
30.53,13.37,3,0.123,0
35.71,2.76,2,0.475,3
16.26,0.6,1,0.028,2
46.33,4.23,2,0.363,3
35.9,10.74,4,0.102,0
42.66,1.46,2,0.346,3
41.67,2.53,2,0.278,3
35.24,11.66,4,0.028,0
50.3,3.36,2,0.357,3
35.27,3.25,3,0.253,3
208.72,2.61,2,0.01,1
155.99,1.84,3,0.072,1
22.5,12.26,5,0.124,0
39.93,14.1,4,0.081,0
24.04,12.58,4,0.09,0
207.45,1.26,3,0.0,1
223.05,2.36,2,0.017,1
174.11,2.53,2,0.073,1
181.2,1.5,2,0.066,1
41.43,11.42,1,0.094,2
43.11,3.61,2,0.177,3
48.42,3.13,2,0.273,3
26.1,13.53,2,0.089,0
45.36,2.96,2,0.377,3
46.35,1.46,3,0.386,3
168.17,1.57,3,0.023,1
32.91,14.39,2,0.057,0
26.01,11.28,4,0.109,0
26.63,3.28,3,0.291,3
48.69,5.19,3,0.531,3
41.66,16.91,3,0.145,0
41.47,12.16,2,0.131,0
36.96,1.2,1,0.0,2
27.61,3.81,2,0.279,3
33.63,1.62,1,0.024,2
44.92,1.68,2,0.529,3
30.16,11.96,2,0.143,0
24.34,1.14,1,0.027,2
182.53,0.75,1,0.023,1
235.39,1.99,1,0.054,1
39.93,3.14,2,0.472,3
16.03,1.24,1,0.041,2
58.67,3.62,2,0.161,3
19.28,1.21,1,0.0,2
49.72,2.74,3,0.318,3
26.34,8.9,3,0.16,0
24.51,14.32,3,0.102,0
44.82,2.21,1,0.294,3
179.87,2.83,2,0.074,1
249.99,2.33,2,0.007,1
237.6,2.08,3,0.055,1
23.84,0.85,1,0.0,2
40.01,2.32,3,0.313,3
35.15,11.03,3,0.117,0
150.81,2.61,1,0.054,1
217.39,1.97,2,0.03,1
37.15,14.61,2,0.128,0
39.18,11.77,4,0.107,0
36.37,4.9,3,0.464,3
187.56,2.02,3,0.005,1
36.95,12.98,3,0.13,0
40.89,3.06,2,0.269,3
36.72,10.62,4,0.12,0
46.36,2.67,2,0.339,3
55.34,2.46,2,0.382,3
39.11,10.22,2,0.09,0
40.46,2.26,3,0.322,3
38.96,2.27,2,0.251,3
38.07,3.33,2,0.271,3
34.9,3.13,2,0.511,3
45.55,2.15,2,0.362,3
48.64,3.58,3,0.342,3
24.4,8.7,3,0.091,0
25.92,12.89,2,0.109,0
42.11,2.37,2,0.379,3
46.43,16.18,3,0.067,0
205.73,2.68,1,0.062,1
35.21,10.12,2,0.152,0
220.8,2.13,2,0.0,1
53.13,1.87,2,0.272,3
48.63,10.67,3,0.176,0
208.66,2.29,2,0.055,1
202.36,0.69,2,0.017,1
26.6,0.86,1,0.031,2
22.58,1.97,1,0.011,2
209.61,1.29,1,0.054,1
45.26,3.8,2,0.315,3
34.94,3.88,2,0.41,3
34.05,10.02,3,0.115,0
255.24,1.41,2,0.046,1
29.91,12.39,2,0.021,0
39.52,2.77,2,0.304,3
214.21,2.57,2,0.104,1
222.92,3.34,2,0.074,1
192.5,1.82,2,0.043,1
211.64,2.7,2,0.084,1
47.03,9.19,3,0.115,0
162.29,1.77,2,0.059,1
209.61,1.86,3,0.033,1
26.1,0.58,1,0.009,2
13.4,0.51,1,0.034,2
27.11,14.57,3,0.032,0
26.55,1.63,1,0.005,2
29.39,1.3,1,0.028,2
37.45,3.01,2,0.393,3
50.66,2.56,2,0.288,3
23.18,1.35,1,0.037,2
261.14,2.99,2,0.106,1
37.9,14.0,2,0.077,0
29.4,8.83,2,0.052,0
60.65,3.21,2,0.386,3
52.73,1.76,1,0.281,3
31.93,1.03,1,0.0,2
46.54,3.33,3,0.262,3
203.31,1.98,2,0.1,1
42.48,4.03,2,0.495,3
32.76,11.42,2,0.098,0
41.52,3.28,2,0.217,3
34.35,5.6,2,0.364,3
173.2,1.48,1,0.038,1
62.78,3.99,3,0.484,3
162.73,1.96,2,0.047,1
21.02,3.44,3,0.29,3
51.91,3.66,2,0.325,3
184.68,2.65,2,0.033,1
42.77,13.03,2,0.081,0
68.98,2.45,2,0.372,3
168.7,2.88,2,0.071,1
25.55,1.16,1,0.039,2
29.21,7.91,3,0.063,0
15.58,0.5,1,0.031,2
35.82,12.73,4,0.104,0
31.89,2.82,1,0.412,3
172.56,2.09,2,0.073,1
228.16,1.74,2,0.039,1
200.65,1.93,2,0.043,1
51.9,1.24,2,0.292,3
48.62,3.1,2,0.461,3
177.81,1.75,2,0.015,1
13.79,1.45,1,0.069,2
37.27,10.74,3,0.088,0
28.24,11.94,2,0.1,0
24.99,2.8,2,0.202,3
17.38,1.14,1,0.029,2
47.35,2.29,2,0.493,3
243.19,1.46,2,0.135,1
23.19,12.19,4,0.083,0
185.83,1.85,2,0.081,1
41.46,7.25,3,0.077,0
28.73,12.19,3,0.113,0
32.73,6.27,3,0.099,0
36.06,13.88,3,0.097,0
178.12,2.19,1,0.029,1
50.35,3.81,2,0.373,3
40.19,11.11,3,0.134,0
214.7,2.7,2,0.055,1
208.11,1.89,2,0.055,1
45.3,16.08,3,0.122,0
16.6,0.49,1,0.0,2
34.88,16.01,3,0.161,0
46.4,3.49,2,0.398,3
30.99,0.98,1,0.0,2
175.11,1.94,1,0.04,1
53.94,1.72,2,0.293,3
34.1,10.61,2,0.093,0
25.3,13.12,3,0.068,0
31.35,13.06,3,0.046,0
24.06,1.42,1,0.039,2
23.35,9.35,2,0.078,0
29.05,1.5,1,0.009,2
44.06,13.73,3,0.0,0
195.62,2.52,2,0.016,1
30.55,2.62,2,0.41,3
47.42,10.39,3,0.119,0
52.48,1.26,2,0.43,3
38.98,9.37,4,0.14,0
47.9,3.2,2,0.436,3
45.11,2.77,3,0.293,3
208.36,2.15,1,0.076,1
164.87,2.57,2,0.057,1
47.98,2.55,2,0.367,3
181.97,2.05,3,0.06,1
42.81,3.51,3,0.35,3
161.51,1.75,2,0.029,1
39.24,3.91,2,0.434,3
19.14,0.78,1,0.0,2
24.94,0.73,2,0.021,2
25.97,1.46,1,0.011,2
19.95,0.68,1,0.055,2
267.9,2.0,3,0.067,1
45.38,2.75,2,0.396,3
38.41,8.58,3,0.107,0
204.39,2.17,2,0.093,1
185.48,1.3,2,0.107,1
250.62,1.31,1,0.001,1
215.73,3.15,1,0.06,1
29.41,1.1,1,0.042,2
54.71,2.7,3,0.259,3
37.22,10.14,4,0.073,0
28.82,1.41,1,0.025,2
41.29,11.1,4,0.079,0
51.47,2.88,2,0.301,3
35.88,1.86,2,0.388,3
221.35,0.87,2,0.075,1
42.28,13.83,3,0.08,0
211.36,2.39,1,0.074,1
201.41,2.29,1,0.052,1
38.1,1.62,1,0.373,3
31.32,15.27,3,0.143,0
7.2,15.72,4,0.114,0
21.5,0.47,1,0.042,2
50.9,2.1,3,0.3,3
45.54,3.58,2,0.397,3
43.51,2.76,2,0.336,3
24.88,1.17,1,0.042,2
34.53,11.35,3,0.089,0
36.74,11.38,3,0.108,0
188.21,2.08,3,0.014,1
34.58,9.35,3,0.125,0
33.42,9.61,2,0.146,0
186.56,2.39,3,0.04,1
43.74,2.15,3,0.284,3
30.41,14.65,2,0.038,0
32.18,16.52,3,0.079,0
33.61,11.24,3,0.058,0
24.47,16.21,5,0.119,0
198.09,1.62,3,0.07,1
172.46,1.78,2,0.013,1
44.31,1.96,2,0.401,3
18.43,1.85,1,0.359,3
159.29,3.1,1,0.077,1
36.93,12.63,2,0.085,0
194.69,1.89,2,0.027,1
51.49,2.62,2,0.228,3
36.63,10.41,2,0.059,0
34.99,16.2,1,0.153,0
163.88,2.87,3,0.101,1
37.42,8.1,1,0.093,2
215.47,2.43,2,0.07,1
28.42,10.29,3,0.052,0
48.41,3.49,2,0.346,3
47.06,10.81,4,0.089,0
30.16,1.6,1,0.049,2
36.52,11.86,4,0.128,0
194.1,1.85,3,0.059,1
34.03,1.04,1,0.015,2
30.91,17.17,3,0.125,0
18.42,15.28,4,0.096,0
185.25,2.2,3,0.084,1
43.83,16.01,2,0.07,0
33.21,12.31,4,0.013,0
196.68,2.74,1,0.013,1
38.16,14.57,3,0.152,0
53.48,2.97,3,0.386,3
47.94,1.98,2,0.456,3
194.02,2.18,1,0.041,1
217.48,2.28,2,0.092,1
243.3,1.71,2,0.069,1
42.72,13.12,4,0.076,0
50.39,2.52,2,0.23,3
162.31,1.68,1,0.061,1
40.42,2.6,2,0.324,3
53.95,3.54,2,0.305,3
198.82,1.69,1,0.085,1
41.31,2.81,2,0.229,3
42.61,4.03,2,0.253,3
20.86,0.49,1,0.028,2
34.54,0.64,1,0.002,2
222.44,1.85,2,0.051,1
21.36,11.37,3,0.136,0
41.73,15.01,4,0.082,0
27.13,0.52,1,0.018,2
51.98,3.45,2,0.358,3
15.87,3.2,2,0.411,3
216.7,1.57,2,0.059,1
42.18,2.74,2,0.414,3
28.49,0.8,1,0.014,2
43.81,3.31,3,0.584,3
51.72,2.77,1,0.412,3
44.67,8.24,2,0.042,0
182.84,1.76,2,0.072,1
192.76,2.42,2,0.056,1
194.38,1.93,3,0.023,1
30.64,11.54,3,0.101,0
34.31,16.14,3,0.065,0
225.79,0.85,2,0.046,1
193.27,1.56,2,0.032,1
53.13,6.7,3,0.165,0
182.8,1.37,2,0.005,1
55.17,4.65,2,0.303,3
27.76,1.07,1,0.004,2
29.25,10.82,3,0.099,0
210.46,0.7,1,0.095,1
47.28,2.26,2,0.392,3
33.08,3.19,2,0.238,3
30.23,0.63,1,0.009,2
35.13,11.66,3,0.049,0
35.85,12.82,3,0.105,0
176.64,1.45,2,0.102,1
23.88,17.84,3,0.1,0
53.1,2.62,1,0.297,3
36.1,11.83,2,0.142,0
154.49,2.91,2,0.048,1
33.92,3.0,1,0.416,3
17.67,0.9,1,0.01,2
20.45,1.39,1,0.055,2
30.09,14.48,3,0.12,0
39.64,9.23,4,0.102,0
44.62,14.77,2,0.063,0
31.91,0.84,1,0.029,2
139.76,0.84,3,0.0,1
36.8,13.49,3,0.094,0
30.65,0.2,2,0.018,2
181.88,1.73,2,0.043,1
22.82,13.6,3,0.071,0
43.87,16.99,4,0.089,0
150.79,2.37,3,0.062,1
40.26,2.73,3,0.536,3
119.25,3.04,1,0.116,2
38.51,2.42,2,0.356,3
38.95,1.73,2,0.287,3
209.7,2.25,2,0.0,1
50.65,2.8,2,0.342,3
57.61,2.29,3,0.27,3
31.22,9.34,4,0.137,0
23.68,1.66,1,0.015,2
38.5,3.05,2,0.298,3
33.13,0.2,1,0.042,2
28.0,7.71,3,0.067,0
44.72,14.79,3,0.125,0
30.39,0.62,1,0.006,2
47.6,3.6,2,0.471,3
31.77,13.76,2,0.104,0
46.29,8.93,5,0.08,0
217.06,0.96,2,0.085,1
23.08,14.82,3,0.134,0
39.99,1.73,2,0.255,3
51.28,14.46,2,0.119,0
38.34,12.69,3,0.115,0
33.38,11.99,3,0.126,0
20.62,13.08,3,0.115,0
43.94,3.54,1,0.3,3
28.63,13.03,2,0.121,0
230.38,2.34,1,0.042,1
53.48,3.13,2,0.322,3
190.81,1.82,3,0.055,1
245.26,2.35,1,0.0,1
49.34,1.91,2,0.344,3
31.57,3.07,2,0.333,3
255.68,2.06,2,0.056,1
131.04,1.61,1,0.004,2
29.93,1.01,1,0.037,2
155.03,1.2,2,0.03,1
62.75,2.04,2,0.363,3
40.22,13.3,3,0.071,0
36.75,2.8,2,0.353,3
193.01,1.19,2,0.123,1
175.32,1.17,2,0.092,1
34.05,10.38,3,0.156,0
26.97,0.47,2,0.0,2
22.83,0.2,1,0.027,2
45.02,2.8,1,0.428,3
212.12,2.95,2,0.089,1
29.94,0.76,1,0.017,2
39.71,12.07,3,0.081,0
39.87,16.93,4,0.056,0
182.33,0.96,1,0.051,1
45.5,14.31,3,0.025,0
35.15,2.12,2,0.414,3
44.24,11.39,3,0.122,0
24.07,0.24,1,0.051,2
40.1,12.99,3,0.053,0
44.63,2.42,2,0.296,3
23.29,0.88,1,0.029,2
37.73,2.79,1,0.242,3
22.65,0.52,1,0.004,2
40.0,10.34,3,0.159,0
152.63,1.98,1,0.068,1
40.52,1.68,1,0.039,2
31.17,16.68,3,0.046,0
199.74,2.91,2,0.056,1
46.59,1.86,1,0.343,3
33.64,0.85,1,0.02,2
27.15,1.49,1,0.072,2
211.65,1.36,2,0.08,1
239.98,2.62,3,0.044,1
137.33,2.36,2,0.018,1
48.3,2.51,2,0.303,3
26.72,16.53,5,0.093,0
45.02,7.58,4,0.184,0
18.02,10.0,3,0.105,0
246.43,0.91,2,0.051,1
209.39,2.61,2,0.103,1
175.47,2.37,2,0.027,1
238.38,2.81,1,0.014,1
28.79,1.81,2,0.397,3
233.22,1.12,3,0.116,1
35.67,2.78,2,0.401,3
175.29,2.25,2,0.079,1
203.93,1.96,2,0.04,1
30.34,12.54,3,0.075,0
229.58,2.46,2,0.065,1
45.4,2.08,3,0.35,3
38.6,15.45,4,0.133,0
32.24,15.51,3,0.162,0
24.64,0.91,2,0.014,2
173.55,1.9,1,0.065,1
46.8,3.35,2,0.361,3
51.68,3.07,2,0.448,3
37.44,11.53,3,0.073,0
37.89,11.15,3,0.11,0
32.42,17.1,2,0.199,0
24.91,1.07,2,0.014,2
208.12,2.76,2,0.047,1
52.07,2.31,2,0.353,3
172.07,0.72,2,0.047,1
36.3,7.95,4,0.118,0
43.29,3.84,2,0.414,3
40.23,6.01,3,0.154,0
228.3,2.54,2,0.0,1
159.45,1.57,2,0.043,1
28.74,14.69,2,0.108,0
27.68,1.91,3,0.335,3
40.97,2.66,2,0.322,3
37.08,11.19,3,0.075,0
23.4,8.03,3,0.077,0
190.54,1.92,3,0.036,1
200.25,2.27,2,0.069,1
37.18,1.37,1,0.027,2
27.17,14.11,3,0.077,0
49.25,12.29,3,0.135,0
59.17,12.1,3,0.126,0
23.69,14.92,3,0.13,0
26.04,9.68,2,0.199,0
38.12,4.23,2,0.336,3
227.99,2.85,2,0.053,1
242.92,1.87,1,0.0,1
32.75,11.69,4,0.084,0
50.01,3.27,2,0.402,3
41.2,3.63,1,0.259,3
41.95,2.95,2,0.366,3
201.75,1.86,2,0.072,1
45.45,11.3,3,0.138,0
13.67,1.55,1,0.017,2
48.91,3.81,2,0.541,3
173.01,2.6,2,0.038,1
21.73,1.09,1,0.017,2
41.79,3.73,2,0.404,3
33.6,12.72,2,0.073,0
32.2,12.39,3,0.107,0
43.19,2.88,1,0.296,3
203.5,2.36,2,0.05,1
20.17,1.1,1,0.01,2
27.55,9.02,3,0.122,0
46.74,2.51,2,0.435,3
34.87,10.5,3,0.134,0
19.65,0.95,1,0.032,2
179.72,2.95,1,0.081,1
162.0,2.78,3,0.022,1
36.36,9.6,3,0.126,0
195.89,1.68,3,0.116,1
42.39,12.01,5,0.083,0
28.49,10.4,4,0.077,0
30.81,1.71,2,0.307,3
273.25,2.53,1,0.0,1
65.05,4.0,3,0.412,3
28.64,2.9,2,0.364,3
166.45,2.59,2,0.01,1
24.92,0.5,1,0.001,2
181.32,1.44,2,0.103,1
29.54,8.78,5,0.079,0
194.73,1.81,3,0.032,1
237.24,2.39,1,0.014,1
168.09,2.8,2,0.042,1
56.26,7.52,3,0.064,0
205.55,1.31,1,0.046,1
17.21,1.21,1,0.036,2
28.12,13.9,3,0.106,0
26.32,1.59,1,0.02,2
65.96,2.8,2,0.413,3
31.99,0.33,1,0.037,2
48.52,3.3,2,0.421,3
194.92,2.24,2,0.053,1
44.51,4.41,3,0.456,3
60.88,3.62,2,0.413,3
44.45,9.61,3,0.174,0
168.04,1.77,2,0.078,1
30.53,3.89,3,0.318,3
39.61,12.84,4,0.099,0
199.28,2.51,4,0.042,1
28.45,2.39,2,0.329,3
46.54,11.79,2,0.01,0
30.93,12.93,2,0.096,0
22.58,7.74,3,0.082,0
30.94,9.86,3,0.078,0
18.83,0.95,1,0.056,2
218.4,2.4,3,0.031,1
254.21,2.56,2,0.075,1
33.51,8.61,3,0.104,0
24.62,5.21,2,0.06,2
33.1,12.8,3,0.099,0
33.94,9.74,1,0.102,2
31.0,1.29,1,0.055,2
48.18,3.98,3,0.424,3
57.29,2.64,3,0.241,3
49.39,2.21,2,0.419,3
20.0,5.62,3,0.141,0
148.4,3.94,1,0.009,1
197.2,1.44,2,0.054,1
15.11,0.66,2,0.074,2
52.94,1.94,2,0.383,3
35.57,9.56,3,0.092,0
39.77,19.39,3,0.124,0
224.16,2.37,2,0.065,1
39.71,2.99,3,0.523,3
174.32,2.18,2,0.006,1
220.19,2.48,2,0.002,1
39.26,3.88,2,0.254,3
18.63,1.2,1,0.021,2
188.28,2.61,2,0.061,1
187.55,2.74,2,0.028,1
178.73,1.87,2,0.034,1
22.44,9.43,2,0.071,0
40.8,8.54,1,0.088,2
31.68,4.18,3,0.386,3
52.44,3.09,2,0.358,3
255.49,2.32,1,0.029,1
29.39,3.84,2,0.46,3
26.93,1.33,1,0.022,2
29.9,12.82,2,0.069,0
172.53,2.96,1,0.04,1
38.9,2.29,2,0.419,3
42.04,12.14,3,0.107,0
39.89,15.11,4,0.132,0
34.96,11.58,3,0.095,0
20.13,9.75,4,0.097,0
41.7,11.0,3,0.194,0
35.98,2.73,2,0.365,3
34.7,11.91,3,0.155,0
55.27,3.28,3,0.285,3
45.4,3.67,1,0.379,3
25.69,0.37,1,0.0,2
245.47,1.94,3,0.0,1
183.68,2.94,1,0.037,1
23.12,11.78,3,0.093,0
293.68,2.39,1,0.041,1
189.29,0.32,2,0.0,1
220.04,2.36,3,0.015,1
248.32,1.49,2,0.03,1
204.02,1.63,1,0.053,1
194.62,1.62,2,0.103,1
40.96,15.97,4,0.133,0
189.92,2.27,2,0.0,1
34.81,11.99,3,0.086,0
184.0,3.31,3,0.03,1
147.46,1.51,2,0.068,1
188.91,1.98,1,0.066,1
214.29,2.08,2,0.06,1
30.8,0.72,1,0.024,2
21.59,7.15,2,0.148,0
31.79,17.45,2,0.097,0
19.26,1.13,1,0.058,2
205.17,2.4,2,0.065,1
229.04,1.17,3,0.0,1
232.92,2.07,2,0.013,1
49.93,7.02,3,0.057,0
34.4,8.73,2,0.088,0
251.92,2.0,1,0.04,1
19.49,0.36,1,0.028,2
184.94,1.7,3,0.0,1
24.84,0.27,2,0.024,2
149.32,1.96,2,0.075,1
33.46,14.46,2,0.144,0
30.83,1.15,1,0.044,2
40.69,12.31,2,0.099,0
149.75,2.32,3,0.031,1
26.87,2.17,2,0.207,3
27.46,1.1,1,0.077,2
223.2,2.23,2,0.043,1
47.77,11.68,1,0.139,0
47.91,2.43,1,0.352,3
220.87,1.64,2,0.033,1
200.1,2.12,2,0.029,1
33.45,3.97,1,0.39,3
201.91,2.58,3,0.018,1
37.09,4.13,2,0.402,3
34.78,15.51,3,0.135,0
222.28,2.03,1,0.0,1
49.77,2.71,2,0.261,3
179.65,1.9,1,0.085,1
241.15,1.34,2,0.087,1
20.02,12.39,2,0.073,0
26.02,0.73,1,0.044,2
32.41,9.24,4,0.13,0
37.23,1.79,2,0.346,3
29.16,0.88,1,0.009,2
272.88,2.64,2,0.083,1
50.5,3.4,2,0.368,3
26.21,1.43,1,0.012,2
30.32,1.12,1,0.014,2
68.79,1.35,1,0.365,3
23.01,11.35,4,0.1,0
46.53,3.25,3,0.304,3
43.53,11.38,2,0.165,0
26.8,1.19,2,0.036,2
215.4,2.26,3,0.037,1
50.38,2.97,1,0.487,3
55.92,3.22,2,0.198,3
32.01,14.94,4,0.078,0
180.16,2.28,2,0.026,1
210.8,1.42,2,0.05,1
62.25,3.26,2,0.43,3
52.37,1.81,2,0.27,3
174.01,1.8,2,0.026,1
47.92,3.62,2,0.347,3
27.24,0.45,1,0.031,2
29.19,2.89,2,0.331,3
185.94,1.61,2,0.027,1
205.46,2.3,3,0.051,1
241.67,2.24,2,0.103,1
17.77,0.88,1,0.035,2
36.73,11.66,3,0.146,0
28.68,9.9,2,0.093,0
34.15,1.26,1,0.031,2
241.84,2.3,2,0.088,1
203.3,1.13,2,0.068,1
33.68,1.63,1,0.055,2
50.95,8.01,3,0.083,0
165.35,0.56,2,0.034,1
51.36,4.26,3,0.468,3
33.29,0.87,1,0.043,2
219.57,2.25,2,0.0,1
28.88,14.08,2,0.159,0
37.57,0.38,1,0.045,2
31.64,1.37,1,0.01,2
36.54,12.67,3,0.136,0
173.68,1.45,3,0.066,1
22.51,0.64,1,0.021,2
253.85,2.48,2,0.074,1
40.25,8.62,3,0.143,0
215.84,1.31,2,0.073,1
53.88,3.45,3,0.252,3
32.85,11.07,3,0.049,0
42.76,13.33,3,0.063,0
136.27,2.9,3,0.094,1
37.0,3.46,2,0.372,3
36.21,12.21,3,0.097,0
190.65,2.9,2,0.067,1
19.86,13.67,2,0.072,0
35.49,9.26,2,0.111,0
203.72,2.69,1,0.0,1
52.9,4.48,2,0.45,3
28.45,11.89,3,0.156,0
62.62,5.12,2,0.226,3
26.33,11.15,3,0.097,0
192.45,1.61,3,0.051,1
36.28,12.56,2,0.154,0
38.28,2.41,2,0.345,3
30.59,13.57,2,0.02,0
21.74,1.07,1,0.021,2
47.72,15.6,4,0.147,0
29.56,1.07,1,0.013,2
25.41,10.1,2,0.071,0
39.55,3.03,2,0.26,3
17.37,1.12,1,0.023,2
236.61,1.71,3,0.072,1
18.74,0.7,1,0.034,2
56.69,4.02,2,0.411,3
38.83,2.51,3,0.334,3
194.22,1.86,1,0.065,1
42.32,3.36,2,0.266,3
45.26,2.98,3,0.363,3
40.27,12.06,2,0.125,0
39.37,5.48,2,0.216,3
144.0,2.14,2,0.09,1
37.56,9.01,3,0.08,0
37.95,14.84,2,0.086,0
211.16,3.75,1,0.083,1
23.92,1.22,1,0.062,2
52.21,11.45,4,0.171,0
186.59,2.96,3,0.036,1
41.12,9.84,2,0.158,0
152.99,2.94,1,0.048,1
51.29,1.91,2,0.357,3
45.03,12.22,3,0.14,0
21.72,0.8,1,0.012,2
11.34,1.5,1,0.0,2
246.55,1.92,2,0.054,1
27.51,3.73,3,0.211,3
21.41,0.67,1,0.0,2
49.08,3.37,2,0.432,3
25.68,1.57,1,0.002,2
222.08,2.64,2,0.043,1
32.11,0.77,1,0.022,2
24.25,0.75,1,0.033,2
51.31,3.82,3,0.253,3
51.95,3.3,2,0.346,3
140.14,2.17,1,0.098,1
40.47,3.0,3,0.271,3
207.3,3.0,2,0.053,1
54.95,4.87,2,0.397,3
288.16,2.5,1,0.005,1
25.66,9.28,2,0.085,0
202.41,2.03,2,0.006,1
36.9,10.98,4,0.088,0
208.12,1.75,2,0.029,1
40.61,1.43,1,0.028,2
26.63,0.39,1,0.005,2
38.56,12.44,4,0.104,0
29.38,1.48,1,0.039,2
55.19,2.23,1,0.38,3
53.89,19.13,2,0.057,0
270.05,2.1,1,0.061,1
134.6,3.04,2,0.025,1
181.71,2.54,3,0.083,1
20.61,0.63,1,0.021,2
43.48,3.69,3,0.317,3
42.53,11.93,5,0.112,0
29.29,0.67,2,0.024,2
40.52,12.85,3,0.139,0
38.19,12.15,3,0.094,0
28.69,10.53,4,0.085,0
33.59,11.43,2,0.078,0
50.94,2.59,3,0.42,3
31.37,2.31,2,0.206,3
266.01,2.56,2,0.067,1
199.26,2.38,3,0.048,1
29.51,1.82,1,0.016,2
26.5,12.74,2,0.058,0
34.22,2.29,3,0.337,3
46.8,2.81,3,0.393,3
38.35,16.89,3,0.14,0
35.01,14.26,4,0.066,0
42.26,3.44,2,0.299,3
35.62,0.88,1,0.002,2
32.73,14.9,3,0.165,0
213.07,2.54,2,0.1,1
23.19,1.28,1,0.033,2
39.27,9.58,2,0.009,0
60.49,2.92,2,0.274,3
170.63,3.22,2,0.05,1
240.28,2.23,2,0.054,1
195.74,1.84,2,0.0,1
16.06,1.14,1,0.019,2
185.43,1.89,2,0.036,1
43.67,3.08,2,0.252,3
40.49,3.21,2,0.492,3
29.58,11.34,4,0.047,0
27.95,1.5,1,0.029,2
238.55,2.09,2,0.105,1
32.66,1.73,1,0.184,2
41.88,12.38,2,0.09,0
53.53,3.16,1,0.451,3
189.23,1.31,2,0.025,1
31.47,3.86,3,0.324,3
22.82,0.8,1,0.0,2
156.7,1.38,2,0.054,1
202.58,2.31,2,0.001,1
43.39,7.91,3,0.049,0
31.07,0.64,1,0.003,2
26.3,1.01,1,0.0,2
28.41,1.21,1,0.0,2
29.47,1.22,1,0.024,2
44.23,13.25,4,0.118,0
231.21,1.27,1,0.054,1
24.25,15.06,4,0.033,0
224.4,1.59,1,0.044,1
50.58,2.41,2,0.392,3
261.7,2.54,2,0.022,1
38.29,8.49,3,0.036,0
25.91,0.4,1,0.011,2
51.31,2.33,2,0.409,3
58.34,2.78,2,0.406,3
21.92,1.0,1,0.054,2
178.12,2.56,2,0.08,1
41.57,11.57,2,0.083,0
33.74,10.56,2,0.0,0
31.71,12.88,3,0.12,0
194.83,1.72,2,0.061,1
49.45,3.27,3,0.474,3
208.2,2.1,3,0.078,1
165.36,1.98,2,0.072,1
188.56,2.36,3,0.0,1
217.23,3.15,3,0.017,1
38.58,13.5,2,0.056,0
38.03,8.65,3,0.166,0
48.5,8.25,3,0.213,0
35.92,13.15,2,0.124,0
23.14,1.05,1,0.006,2
33.37,2.67,2,0.348,3
222.13,2.53,2,0.038,1
25.73,1.84,1,0.0,2
158.5,2.24,2,0.061,1
34.31,18.22,3,0.12,0
17.74,1.55,1,0.012,2
168.27,1.7,2,0.018,1
231.95,1.92,3,0.066,1
32.68,12.77,3,0.108,0
189.89,3.09,3,0.026,1
33.06,11.86,3,0.065,0
26.12,1.25,1,0.015,2
30.82,0.85,1,0.004,2
33.58,1.96,3,0.286,3
30.44,11.02,3,0.163,0
30.4,10.67,3,0.097,0
39.65,2.31,1,0.228,3
41.99,10.9,3,0.111,0
207.82,3.01,2,0.035,1
147.62,1.72,3,0.018,1
14.98,0.74,1,0.05,2
51.29,2.91,2,0.435,3
39.93,3.4,2,0.426,3
191.47,1.13,1,0.024,1
27.52,17.1,4,0.075,0
44.0,2.61,3,0.353,3
39.28,13.31,3,0.059,0
54.71,1.99,1,0.359,3
32.03,0.87,1,0.045,2
37.31,11.22,3,0.111,0
53.63,2.29,2,0.402,3
51.15,2.92,2,0.416,3
28.08,9.64,2,0.181,0
188.72,1.46,2,0.05,1
190.76,3.45,2,0.076,1
26.74,1.46,1,0.005,2
31.79,8.28,4,0.097,0
43.84,2.15,2,0.523,3
189.34,2.14,1,0.071,1
33.48,3.83,2,0.41,3
36.68,12.84,4,0.088,0
22.1,1.26,1,0.027,2
176.26,2.96,2,0.021,1
226.81,1.46,3,0.03,1
33.51,15.35,3,0.141,0
199.32,2.47,2,0.032,1
192.94,2.66,2,0.083,1
185.74,2.43,2,0.078,1
38.93,9.1,5,0.167,0
190.11,1.99,2,0.085,1
103.66,2.82,3,0.026,1
170.82,1.86,1,0.043,1
40.19,3.86,3,0.275,3
220.18,2.96,3,0.085,1
44.93,3.86,2,0.393,3
35.38,6.53,2,0.12,2
32.94,13.29,4,0.116,0
33.29,6.7,3,0.1,0
17.54,1.26,1,0.033,2
157.67,2.41,3,0.037,1
30.87,14.39,3,0.082,0
31.03,13.63,4,0.0,0
21.75,3.86,3,0.378,3
27.17,0.47,1,0.038,2
244.43,2.25,2,0.0,1
30.16,10.96,3,0.093,0
202.35,2.54,3,0.043,1
38.84,9.14,4,0.116,0
240.33,1.93,2,0.052,1
44.44,12.13,2,0.127,0
27.25,2.36,2,0.372,3
29.35,11.7,4,0.054,0
215.92,1.4,2,0.078,1
30.34,8.89,3,0.074,0
17.95,0.93,1,0.03,2
48.37,2.82,2,0.419,3
253.13,1.53,2,0.072,1
39.87,13.09,3,0.168,0
24.56,0.88,2,0.07,2
39.88,4.58,2,0.356,3
47.47,3.85,2,0.282,3
234.5,2.41,2,0.031,1
49.02,3.65,2,0.167,3
236.7,2.03,2,0.048,1
45.71,11.86,2,0.08,0
33.92,10.45,3,0.102,0
161.76,1.3,2,0.045,1
39.86,12.19,2,0.108,0
27.8,1.9,2,0.348,3
52.42,3.78,2,0.417,3
191.13,2.05,1,0.032,1
203.12,2.92,2,0.037,1
29.73,0.56,1,0.013,2
180.18,3.4,1,0.053,1
34.34,12.98,3,0.025,0
49.69,3.29,2,0.305,3
141.64,2.8,2,0.0,1
143.41,0.82,2,0.036,1
188.91,1.98,2,0.035,1
228.01,2.14,2,0.065,1
42.48,3.8,2,0.415,3
23.18,1.53,1,0.037,2
38.63,16.85,3,0.028,0
41.52,3.28,2,0.27,3
27.61,0.94,1,0.026,2
192.67,2.4,2,0.035,1
204.21,2.6,2,0.023,1
54.04,3.68,1,0.287,3
54.18,2.84,1,0.247,3
39.92,7.17,3,0.11,0
26.12,3.49,2,0.286,3
256.85,1.39,2,0.008,1
204.99,2.14,2,0.049,1
172.57,2.52,2,0.076,1
57.34,2.51,2,0.373,3
23.11,14.07,5,0.09,0
29.16,8.53,2,0.098,0
27.01,1.09,1,0.005,2
199.34,0.71,1,0.066,1
20.55,0.62,1,0.028,2
33.0,11.53,4,0.16,0
225.31,1.75,3,0.02,1
203.09,1.97,3,0.083,1
249.57,2.41,2,0.049,1
28.42,5.26,3,0.139,0
149.34,1.96,1,0.09,1
37.48,14.45,4,0.057,0
222.94,2.61,2,0.0,1
48.92,2.32,1,0.343,3
196.87,1.77,2,0.017,1
43.92,13.64,3,0.071,0
18.02,1.34,1,0.0,2
40.9,2.63,2,0.171,3
49.8,2.11,3,0.269,3
173.16,1.62,2,0.026,1
31.63,0.65,1,0.0,2
45.74,3.06,2,0.386,3
155.54,2.27,2,0.001,1
232.69,1.88,3,0.038,1
39.89,12.45,3,0.14,0
38.36,13.77,3,0.086,0
202.12,2.1,2,0.026,1
161.11,1.44,3,0.0,1
242.46,2.23,2,0.022,1
35.06,3.7,2,0.378,3
49.59,13.92,4,0.109,0
42.79,3.78,2,0.26,3
37.54,14.01,2,0.092,0
26.1,2.25,1,0.366,3
13.74,0.79,1,0.023,2
226.76,2.03,3,0.059,1
167.41,2.64,2,0.084,1
38.32,11.59,4,0.147,0
46.28,3.49,2,0.289,3
25.86,2.91,2,0.408,3
184.57,1.51,2,0.015,1
34.88,8.56,3,0.02,0
26.18,11.26,2,0.084,0
167.18,2.35,2,0.094,1
29.08,1.54,1,0.028,2
22.11,13.51,2,0.076,0
20.62,7.38,1,0.05,2
23.03,0.88,1,0.048,2
166.59,1.29,2,0.0,1
19.21,0.7,1,0.019,2
24.39,11.62,2,0.122,0
235.95,1.48,2,0.034,1
40.76,11.73,2,0.095,0
215.08,2.41,1,0.062,1
24.19,0.47,2,0.039,2
187.68,2.49,2,0.084,1
32.02,8.5,2,0.068,0
177.95,1.08,3,0.018,1
51.18,11.76,2,0.12,0
36.6,13.07,5,0.055,0
190.47,2.68,2,0.106,1
50.11,2.75,3,0.181,3
35.18,12.46,3,0.085,0
48.49,2.45,2,0.343,3
48.5,3.34,3,0.292,3
205.62,1.53,2,0.114,1
43.62,1.64,2,0.378,3
24.38,16.33,2,0.079,0
22.67,12.61,2,0.138,0
183.51,1.45,1,0.058,1
53.37,1.8,2,0.288,3
191.59,1.54,3,0.034,1
48.81,13.94,3,0.035,0
27.3,13.1,3,0.099,0
51.15,3.91,1,0.271,3
37.97,12.54,3,0.088,0
37.24,3.63,2,0.354,3
47.23,2.44,2,0.321,3
192.72,1.99,2,0.019,1
25.55,0.96,1,0.0,2
33.26,11.73,3,0.093,0
57.95,3.26,2,0.355,3
28.81,11.28,3,0.047,0
22.65,0.81,1,0.017,2
26.09,0.74,2,0.015,2
19.7,1.27,1,0.014,2
35.04,2.26,2,0.527,3
181.49,2.02,2,0.029,1
27.79,1.24,1,0.0,2
27.15,1.35,1,0.0,2
36.74,12.68,3,0.16,0
16.98,12.54,3,0.159,0
21.89,14.36,2,0.107,0
216.69,3.09,3,0.08,1
59.95,4.26,2,0.388,3
194.22,1.94,1,0.013,1
205.01,1.24,2,0.051,1
32.16,15.13,2,0.093,0
49.86,14.7,4,0.12,0
31.83,3.96,2,0.5,3
41.33,2.21,1,0.419,3
42.55,2.39,2,0.286,3
141.4,2.35,2,0.057,1
16.85,9.54,4,0.123,0
45.65,3.14,3,0.294,3
48.57,3.6,1,0.336,3
25.43,11.83,3,0.146,0
205.26,2.52,2,0.006,1
30.54,20.57,5,0.023,0
150.07,1.1,1,0.037,1
38.26,3.71,3,0.431,3
38.82,13.23,4,0.051,0
253.09,2.99,4,0.082,1
195.92,2.12,2,0.098,1
147.36,1.3,2,0.063,1
46.53,2.47,2,0.528,3
210.44,1.08,3,0.081,1
46.05,2.78,3,0.401,3
22.44,1.47,1,0.053,2
43.34,2.95,2,0.373,3
205.32,1.81,2,0.054,1
34.98,11.6,4,0.124,0
130.27,1.58,1,0.072,2
30.7,13.31,2,0.158,0
51.22,2.75,3,0.345,3
28.49,3.0,2,0.343,3
36.69,3.76,2,0.171,3
50.97,10.09,3,0.097,0
187.78,2.54,1,0.06,1
26.22,0.53,2,0.044,2
15.35,0.96,1,0.076,2
178.11,2.91,2,0.032,1
44.86,3.14,1,0.28,3
197.34,1.05,2,0.065,1
9.57,1.56,1,0.029,2
198.9,2.26,1,0.131,1
228.25,2.77,2,0.026,1
30.85,1.6,1,0.013,2
269.8,1.94,2,0.054,1
31.5,2.79,2,0.293,3
23.05,1.42,2,0.021,2
29.33,0.79,1,0.044,2
26.42,13.33,2,0.169,0
38.33,14.08,2,0.025,0
62.31,2.71,2,0.118,2
229.6,1.72,3,0.088,1
27.85,14.81,4,0.122,0
23.7,11.46,4,0.12,0
64.56,2.49,2,0.38,3
27.46,0.2,2,0.011,2
38.26,11.9,3,0.176,0
234.19,2.26,1,0.022,1
22.16,12.49,3,0.129,0
27.59,1.04,1,0.008,2
23.44,1.16,1,0.054,2
33.49,0.96,1,0.019,2
39.58,1.31,2,0.266,3
36.46,3.57,3,0.29,3
32.87,8.37,4,0.046,0
180.9,0.2,2,0.01,1
47.32,1.59,3,0.31,3
36.81,3.12,2,0.415,3
32.29,3.7,2,0.507,3
38.62,7.53,3,0.138,0
27.06,14.22,3,0.127,0
32.53,2.32,2,0.294,3
20.39,9.62,3,0.116,0
28.61,4.19,2,0.323,3
56.03,3.02,3,0.269,3
34.21,9.67,3,0.07,0
188.35,1.65,3,0.0,1
149.04,1.79,3,0.056,1
31.76,12.56,2,0.091,0
34.92,2.56,2,0.233,3
39.41,10.96,3,0.07,0
21.03,0.89,1,0.046,2
20.89,0.5,1,0.036,2
237.62,2.2,3,0.026,1
20.39,14.55,4,0.135,0
16.59,0.74,1,0.031,2
46.09,2.75,2,0.398,3
160.59,1.61,1,0.064,1
232.37,2.67,2,0.085,1
31.94,7.41,2,0.095,0
52.49,2.5,3,0.496,3
28.86,0.98,1,0.0,2
19.44,1.55,1,0.048,2
35.58,12.03,4,0.109,0
165.83,2.79,3,0.05,1
29.63,14.29,4,0.115,0
25.67,0.89,1,0.01,2
212.41,2.55,3,0.123,1
221.07,2.68,1,0.07,1
235.04,2.41,3,0.075,1
27.23,1.12,2,0.027,2
216.9,1.93,2,0.074,1
40.8,12.32,3,0.16,0
39.36,4.2,2,0.289,3
149.1,1.75,2,0.047,1
31.29,1.11,1,0.0,2
46.04,2.25,1,0.306,3
40.17,1.37,2,0.322,3
55.87,2.47,3,0.464,3
52.9,3.13,3,0.354,3
207.86,2.9,2,0.122,1
44.41,14.42,3,0.147,0
25.0,1.6,1,0.033,2
37.78,3.64,2,0.304,3
51.72,2.91,2,0.454,3
57.44,3.25,2,0.24,3
180.83,2.04,2,0.091,1
34.01,6.21,2,0.155,3
210.73,2.15,2,0.07,1
31.03,3.14,2,0.289,3
32.66,13.01,3,0.062,0
196.99,1.34,2,0.036,1
45.35,11.26,3,0.113,0
51.39,2.97,2,0.406,3
190.34,2.34,1,0.041,1
39.36,13.87,3,0.087,0
18.0,1.56,2,0.026,2
17.13,11.23,3,0.093,0
231.65,0.67,1,0.0,1
211.41,1.57,2,0.014,1
44.93,3.01,2,0.401,3
222.8,2.21,2,0.0,1
29.89,15.73,2,0.064,0
46.69,11.87,3,0.052,0
29.45,3.4,2,0.465,3
23.68,0.48,1,0.019,2
189.27,0.69,2,0.061,1
52.61,3.19,2,0.473,3
24.59,1.08,1,0.014,2
29.83,11.5,3,0.11,0
31.13,11.72,6,0.144,0
197.51,1.45,2,0.054,1
160.61,1.99,2,0.016,1
26.6,12.14,3,0.029,0
38.72,2.37,2,0.425,3
24.78,10.33,4,0.085,0
220.46,2.03,3,0.068,1
214.11,1.85,2,0.07,1
198.07,2.07,3,0.066,1
210.28,2.46,2,0.07,1
39.15,13.63,3,0.146,0
39.22,2.75,2,0.296,3
235.68,1.56,2,0.036,1
186.93,2.1,2,0.034,1
182.25,2.35,1,0.11,1
26.55,10.12,2,0.141,0
29.17,3.38,2,0.309,3
200.54,3.01,1,0.119,1
34.95,11.09,4,0.106,0
43.17,8.8,2,0.093,0
30.48,11.16,2,0.074,0
47.16,2.09,3,0.241,3
190.88,2.89,2,0.07,1
42.58,3.29,3,0.57,3
61.19,2.48,3,0.548,3
29.41,14.96,2,0.057,0
28.09,8.25,3,0.116,0
48.29,3.28,3,0.325,3
257.91,1.59,3,0.053,1
48.07,2.81,1,0.18,2
233.32,1.55,1,0.082,1
234.22,1.81,2,0.037,1
39.54,2.98,2,0.217,3
29.6,0.33,1,0.0,2
28.77,12.65,1,0.098,0
24.93,11.86,3,0.11,0
55.31,2.09,2,0.329,3
40.82,14.82,3,0.143,0
49.88,15.46,3,0.061,0
26.44,1.75,2,0.0,2
180.37,3.32,3,0.03,1
227.57,1.91,2,0.052,1
142.32,1.03,2,0.128,1
230.4,1.03,1,0.106,1
50.31,2.61,3,0.343,3
31.42,1.31,1,0.032,2
32.92,10.12,2,0.095,0
194.29,2.76,2,0.018,1
206.4,1.38,2,0.02,1
27.29,14.2,4,0.064,0
45.2,2.9,2,0.356,3
47.22,1.15,2,0.32,3
17.5,10.77,3,0.111,0
56.78,3.4,1,0.455,3
23.79,1.11,1,0.013,2
16.62,1.98,1,0.023,2
20.64,14.43,4,0.056,0
30.85,9.53,4,0.13,0
53.16,3.19,3,0.383,3
43.47,11.59,3,0.0,0
197.72,1.95,2,0.015,1
53.27,2.59,2,0.181,3
29.33,20.02,4,0.083,0
29.17,9.62,2,0.099,0
36.86,12.96,3,0.076,0
35.38,9.29,2,0.11,0
32.96,11.06,3,0.115,0
30.21,10.85,1,0.072,2
36.42,9.1,5,0.039,0
39.27,10.41,3,0.127,0
22.45,1.3,1,0.053,2
35.66,12.19,3,0.117,0
40.21,11.97,2,0.086,0
236.09,1.75,3,0.046,1
35.13,10.51,2,0.134,0
42.67,12.9,3,0.164,0
30.71,3.62,2,0.245,3
53.78,3.48,1,0.467,3
45.05,4.02,2,0.237,3
231.99,2.7,3,0.086,1
168.91,2.13,3,0.027,1
28.37,9.55,2,0.071,0
164.86,1.47,1,0.018,1
28.77,0.9,1,0.02,2
48.02,2.63,2,0.35,3
17.98,1.13,1,0.05,2
194.71,1.85,3,0.101,1
44.54,4.37,3,0.285,3
22.98,11.95,1,0.162,0
185.58,0.66,2,0.014,1
50.11,1.96,2,0.26,3
37.16,12.77,3,0.096,0
28.43,8.85,3,0.104,0
32.32,12.1,4,0.096,0
36.19,13.45,2,0.093,0
24.87,9.89,4,0.108,0
146.01,2.13,2,0.06,1
22.81,13.37,3,0.015,0
21.67,15.0,3,0.147,0
53.13,1.76,2,0.37,3
195.01,2.01,2,0.077,1
30.99,14.54,3,0.062,0
14.17,0.84,1,0.019,2
47.2,13.25,3,0.142,0
21.78,0.58,1,0.045,2
162.51,1.87,2,0.025,1
19.18,12.84,3,0.017,0
176.62,1.2,3,0.08,1
17.34,1.19,1,0.057,2
21.39,1.24,1,0.04,2
48.6,3.64,2,0.331,3
63.16,3.71,2,0.233,3
21.93,15.94,4,0.087,0
186.24,2.02,2,0.038,1
22.93,0.54,1,0.012,2
257.03,1.88,2,0.01,1
207.01,1.2,2,0.049,1
36.46,1.7,1,0.021,2
42.29,13.06,4,0.13,0
54.42,2.64,2,0.36,3
202.72,1.56,3,0.048,1
213.72,0.6,2,0.06,1
40.17,10.14,3,0.0,0
46.81,14.16,4,0.082,0
47.27,2.52,2,0.21,3
35.85,10.3,1,0.14,2
32.26,11.15,3,0.13,0
39.84,9.48,2,0.129,0
22.53,0.2,2,0.014,2
243.87,1.1,2,0.044,1
48.73,8.28,4,0.17,0
31.21,1.15,1,0.016,2
35.36,11.59,3,0.142,0
30.1,7.31,4,0.062,0
45.47,3.8,2,0.303,3
46.67,7.69,4,0.072,0
241.26,1.78,2,0.021,1
28.34,0.61,1,0.0,2
42.53,2.93,2,0.508,3
22.64,1.14,1,0.0,2
42.52,4.09,3,0.369,3
204.53,1.94,2,0.091,1
26.25,11.92,2,0.105,0
16.21,11.21,3,0.156,0
28.48,15.63,3,0.141,0
26.63,2.03,1,0.008,2
36.66,13.72,2,0.02,0
197.46,2.28,1,0.026,1
272.19,1.48,2,0.044,1
41.49,9.01,2,0.07,0
223.38,1.91,3,0.013,1
59.16,2.68,2,0.391,3
29.66,2.02,3,0.46,3
18.2,11.88,4,0.112,0
167.84,2.48,3,0.069,1
174.06,1.91,2,0.074,1
55.04,2.64,1,0.196,2
47.94,13.64,4,0.141,0
36.77,0.97,1,0.029,2
40.21,18.68,4,0.041,0
252.51,2.5,1,0.06,1
195.05,3.08,1,0.004,1
38.37,11.49,2,0.131,0
24.66,1.12,1,0.074,2
209.84,1.17,2,0.021,1
27.48,1.1,1,0.027,2
44.27,17.56,3,0.096,0
32.6,8.5,3,0.07,0
26.95,2.78,2,0.407,3
29.71,0.54,1,0.027,2
41.21,13.23,3,0.082,0
246.06,1.67,2,0.03,1
21.31,3.49,3,0.386,3
31.35,12.89,4,0.162,0
32.26,9.22,4,0.134,0
172.24,1.63,2,0.061,1
46.06,13.31,3,0.111,0
33.4,0.87,1,0.0,2
38.03,2.65,2,0.309,3
63.08,3.48,3,0.328,3
206.15,2.08,2,0.06,1
240.95,3.0,1,0.059,1
25.73,0.91,1,0.039,2
45.55,2.3,2,0.469,3
224.04,1.24,3,0.047,1
183.36,2.14,1,0.028,1
48.51,4.04,3,0.194,3
41.74,2.47,2,0.439,3
19.62,0.74,1,0.031,2
49.37,3.87,3,0.381,3
21.89,9.6,3,0.143,0
227.63,3.4,3,0.045,1
246.08,3.03,2,0.062,1
153.76,1.9,1,0.092,1
31.59,8.76,3,0.102,0
200.74,2.78,2,0.029,1
40.86,12.32,4,0.042,0
16.19,0.84,1,0.0,2
34.65,3.05,1,0.274,3
174.78,2.03,3,0.079,1
67.96,3.74,3,0.391,3
193.46,2.48,2,0.123,1
210.52,0.44,3,0.068,1
24.55,0.89,1,0.0,2
23.01,0.99,1,0.0,2
20.37,0.95,1,0.0,2
39.17,1.31,2,0.285,3
41.08,3.05,2,0.354,3
39.73,16.03,2,0.172,0
171.5,3.07,1,0.024,1
25.25,1.39,1,0.015,2
19.42,14.2,3,0.069,0
43.55,3.71,2,0.389,3
26.17,3.35,2,0.217,3
29.18,2.86,2,0.331,3
177.63,2.46,3,0.068,1
59.43,1.8,3,0.339,3
16.78,0.8,1,0.042,2
187.35,1.58,2,0.039,1
176.28,1.39,2,0.017,1
218.36,2.01,2,0.049,1
231.18,2.08,1,0.056,1
245.11,1.7,2,0.044,1
272.3,3.05,2,0.013,1
32.14,0.91,1,0.044,2
206.26,2.58,2,0.0,1
221.53,1.62,2,0.058,1
35.22,10.01,3,0.165,0
239.13,2.05,2,0.0,1
276.51,2.12,3,0.067,1
40.29,14.55,4,0.142,0
219.19,2.94,3,0.039,1
37.78,11.33,3,0.15,0
24.18,1.48,1,0.021,2
32.15,12.46,3,0.086,0
168.56,2.42,3,0.075,1
59.74,1.15,3,0.217,3
21.19,0.2,1,0.057,2
48.51,7.1,2,0.147,0
52.72,3.11,1,0.399,3
23.01,0.77,1,0.0,2
43.24,9.22,4,0.088,0
168.74,2.9,2,0.038,1
239.08,1.9,3,0.038,1
158.81,1.88,2,0.066,1
46.81,12.13,3,0.112,0
46.48,3.97,1,0.466,3
34.21,11.49,5,0.172,0
36.53,9.0,4,0.113,0
176.38,1.29,2,0.028,1
174.45,2.2,1,0.075,1
189.59,2.31,1,0.047,1
35.81,13.06,4,0.115,0
215.35,1.14,2,0.0,1
186.41,2.02,2,0.099,1
182.65,2.86,3,0.025,1
36.25,9.53,1,0.096,2
188.3,2.89,3,0.067,1
234.65,3.12,1,0.065,1
186.04,1.87,3,0.109,1
19.42,15.89,2,0.11,0
13.7,1.09,1,0.033,2
23.47,0.76,2,0.022,2
22.89,2.24,1,0.304,3
58.98,4.72,3,0.422,3
34.34,15.6,3,0.074,0
55.74,13.59,4,0.089,0
42.1,3.26,1,0.239,3
28.71,10.41,3,0.026,0
188.52,2.02,1,0.071,1
28.96,1.15,2,0.327,3
272.28,2.51,1,0.055,1
38.4,2.86,2,0.404,3
30.14,15.2,4,0.088,0
42.69,8.38,4,0.101,0
51.19,3.73,2,0.369,3
187.23,2.96,2,0.018,1
29.52,0.84,1,0.0,2
26.91,11.5,3,0.065,0
62.99,3.94,1,0.523,3
23.89,0.98,1,0.04,2
188.52,2.43,2,0.065,1
211.69,0.88,1,0.0,1
206.84,1.8,1,0.059,1
151.26,2.6,2,0.027,1
24.59,0.41,1,0.015,2
33.42,3.26,2,0.38,3
36.44,3.72,2,0.442,3
48.7,2.12,2,0.329,3
38.16,2.75,2,0.376,3
249.68,2.31,3,0.091,1
54.46,2.41,2,0.377,3
34.44,16.3,3,0.067,0
20.26,0.61,2,0.028,2
42.62,2.01,3,0.316,3
141.07,1.96,2,0.054,1
38.71,3.36,2,0.474,3
55.92,3.05,2,0.276,3
162.9,1.65,1,0.037,1
24.72,0.79,2,0.034,2
209.03,2.6,3,0.0,1
232.29,2.41,2,0.073,1
41.01,3.64,2,0.305,3
253.6,2.31,2,0.07,1
42.23,3.89,2,0.349,3
19.73,1.66,1,0.023,2
51.98,3.42,2,0.189,3
29.91,1.16,1,0.021,2
51.56,3.37,2,0.517,3
18.98,0.58,1,0.074,2
38.71,13.04,2,0.084,0
50.17,2.57,1,0.331,3
45.99,9.73,3,0.085,0
23.01,1.13,1,0.055,2
239.44,1.44,1,0.043,1
117.29,1.76,1,0.02,2
215.23,2.66,2,0.068,1
37.15,13.6,1,0.064,0
147.72,2.43,2,0.066,1
39.0,1.77,1,0.348,3
40.88,2.64,1,0.243,3
188.12,1.75,2,0.092,1
178.96,2.22,2,0.03,1
16.05,0.5,1,0.031,2
175.98,0.78,2,0.08,1
32.29,12.51,3,0.092,0
226.9,2.44,2,0.046,1
172.74,1.55,2,0.064,1
37.5,11.98,3,0.049,0
26.38,0.91,1,0.019,2
43.82,11.89,4,0.093,0
162.28,2.08,2,0.113,1
38.67,10.84,2,0.128,0
56.56,3.61,2,0.338,3
15.64,0.54,1,0.013,2
37.74,14.24,3,0.077,0
228.19,2.93,3,0.056,1
220.84,1.63,2,0.081,1
37.36,2.83,2,0.294,3
40.89,4.32,3,0.378,3
213.15,2.28,1,0.008,1
35.28,9.98,3,0.082,0
227.78,2.55,1,0.073,1
30.48,1.09,1,0.021,2
243.54,3.24,1,0.037,1
43.8,12.49,5,0.112,0
48.39,3.48,2,0.343,3
40.61,10.07,1,0.057,2
42.26,12.57,3,0.058,0
51.76,2.58,3,0.4,3
32.35,13.94,2,0.122,0
44.7,4.25,2,0.451,3
23.95,1.25,1,0.0,2
26.06,0.74,2,0.009,2
29.87,0.94,1,0.022,2
177.0,1.5,2,0.031,1
162.87,1.88,1,0.075,1
164.84,2.32,2,0.035,1
30.41,1.02,1,0.023,2
38.29,15.14,3,0.098,0
42.59,2.64,2,0.402,3
192.93,1.91,2,0.088,1
40.58,13.1,3,0.081,0
31.32,1.59,2,0.351,3
30.69,11.08,4,0.151,0
38.14,0.78,1,0.031,2
30.97,11.86,2,0.09,0
232.2,2.57,2,0.043,1
37.05,4.25,2,0.267,3
209.48,1.89,2,0.033,1
26.53,10.77,3,0.072,0
67.12,3.3,1,0.376,3
28.25,1.53,1,0.042,2
47.78,2.25,3,0.432,3
60.74,2.99,2,0.279,3
190.08,1.88,3,0.063,1
258.28,1.77,2,0.062,1
33.06,14.04,2,0.102,0
19.73,0.83,2,0.052,2
19.12,0.53,1,0.047,2
174.37,2.04,2,0.034,1
221.14,2.75,1,0.088,1
235.11,2.47,2,0.05,1
36.77,11.21,2,0.11,0
246.44,2.67,2,0.111,1
153.31,2.18,2,0.018,1
27.1,2.85,2,0.342,3
41.99,12.3,3,0.077,0
37.89,12.37,4,0.132,0
43.11,10.89,2,0.09,0
31.22,12.23,3,0.106,0
204.49,2.0,2,0.039,1
259.0,1.26,1,0.041,1
26.14,14.37,2,0.136,0
28.23,9.05,2,0.119,0
35.0,1.4,1,0.044,2
43.9,15.62,2,0.0,0
191.25,1.53,2,0.046,1
31.33,0.92,1,0.056,2
27.45,11.34,3,0.06,0
215.0,1.66,1,0.054,1
28.11,2.63,3,0.428,3
18.81,1.75,1,0.004,2
28.09,11.99,2,0.078,0
34.65,3.05,2,0.28,3
34.35,12.32,4,0.147,0
22.52,1.16,1,0.045,2
36.08,12.38,4,0.048,0
33.49,11.35,4,0.084,0
50.25,3.35,3,0.316,3
249.82,2.31,2,0.064,1
30.37,12.15,5,0.063,0
49.77,2.05,2,0.208,3
236.96,2.36,1,0.0,1
41.91,12.76,3,0.144,0
223.07,2.52,1,0.098,1
20.33,0.83,1,0.01,2
36.16,10.21,5,0.103,0
50.65,11.01,4,0.131,0
27.42,10.72,4,0.075,0
45.69,2.41,3,0.131,3
146.89,2.39,3,0.084,1
28.06,0.92,1,0.058,2
190.45,1.93,2,0.028,1
25.2,12.92,3,0.111,0
21.12,0.51,1,0.0,2
27.29,1.03,1,0.03,2
231.98,2.13,2,0.08,1
42.95,3.96,2,0.304,3
22.91,0.89,1,0.0,2
37.7,17.7,2,0.128,0
206.12,2.1,2,0.0,1
190.51,3.03,3,0.008,1
38.76,7.69,4,0.184,0
41.92,12.45,2,0.027,0
33.64,12.6,3,0.138,0
41.3,2.53,2,0.418,3
22.93,13.93,3,0.148,0
155.18,1.83,2,0.031,1
28.4,2.56,3,0.311,3
38.08,13.53,4,0.127,0
47.79,2.66,2,0.353,3
34.66,3.45,2,0.427,3
225.73,2.06,3,0.054,1
17.72,8.04,2,0.183,0
205.54,1.39,2,0.052,1
45.64,8.71,4,0.103,0
30.64,0.59,1,0.0,2
54.33,2.53,2,0.249,3
155.91,2.3,2,0.036,1
38.82,8.19,4,0.118,0
212.63,1.39,2,0.072,1
38.71,3.06,1,0.19,2
32.2,12.22,3,0.047,0
191.67,2.34,2,0.038,1
40.36,2.37,2,0.347,3
183.87,1.34,3,0.097,1
42.74,2.49,2,0.334,3
19.03,0.32,1,0.0,2
216.55,2.35,3,0.007,1
238.12,2.46,3,0.04,1
173.1,1.89,2,0.044,1
26.67,1.54,1,0.053,2
30.53,0.33,1,0.011,2
34.38,12.04,2,0.141,0
207.3,1.8,2,0.074,1
48.81,3.0,2,0.348,3
66.23,4.19,3,0.35,3
40.16,15.14,3,0.164,0
41.87,14.11,3,0.126,0
36.34,9.81,3,0.102,0
62.29,3.03,2,0.343,3
45.22,3.91,3,0.283,3
234.31,1.41,2,0.036,1
201.77,1.42,2,0.017,1
42.54,13.7,3,0.104,0
243.37,1.84,2,0.053,1
25.01,16.47,4,0.044,0
32.38,3.96,2,0.312,3
212.98,2.46,3,0.067,1
27.48,0.62,1,0.021,2
184.48,3.2,2,0.034,1
65.88,2.76,2,0.417,3
152.55,1.71,3,0.03,1
27.57,2.02,2,0.378,3
64.38,3.26,2,0.314,3
230.03,1.44,3,0.053,1
175.15,1.45,1,0.02,1
34.99,12.41,3,0.11,0
197.04,2.17,3,0.042,1
39.02,3.06,2,0.425,3
55.58,2.2,3,0.291,3
43.37,15.18,2,0.136,0
44.75,3.7,1,0.28,3
176.85,1.29,1,0.068,1
43.98,3.0,3,0.305,3
186.05,2.83,1,0.058,1
53.6,2.65,2,0.373,3
38.5,8.42,3,0.095,0
23.64,2.32,1,0.025,2
189.33,1.44,3,0.07,1
193.71,1.6,2,0.052,1
39.64,11.61,3,0.012,0
185.19,1.52,2,0.087,1
50.6,3.05,2,0.318,3
44.53,3.55,2,0.412,3
46.68,13.83,4,0.101,0
42.73,2.62,3,0.485,3
44.67,4.44,4,0.09,0
258.03,1.89,2,0.011,1
59.79,3.19,2,0.309,3
18.57,9.6,3,0.066,0
36.63,1.77,1,0.297,3
36.22,3.68,2,0.346,3
32.22,1.44,2,0.043,2
33.86,13.48,3,0.163,0
28.43,0.81,1,0.017,2
196.44,3.01,2,0.007,1
33.19,3.4,2,0.435,3
27.51,0.84,1,0.047,2
56.66,2.33,1,0.326,3
39.47,11.83,2,0.079,0
61.01,4.05,2,0.401,3
218.48,2.3,2,0.066,1
36.1,3.15,2,0.338,3
18.2,0.99,1,0.0,2
10.97,1.37,1,0.026,2
276.84,1.85,2,0.057,1
35.09,17.98,3,0.141,0
21.34,1.23,1,0.033,2
134.97,1.34,2,0.027,1
178.5,2.55,3,0.081,1
43.12,4.25,3,0.28,3
39.95,2.72,2,0.433,3
44.99,13.02,3,0.09,0
200.03,1.34,3,0.048,1
29.63,2.36,2,0.164,3
35.8,5.14,3,0.43,3
50.82,2.23,2,0.184,3
69.02,2.91,3,0.306,3
42.99,2.5,2,0.358,3
159.18,2.59,3,0.06,1
196.96,1.95,2,0.062,1
45.21,4.37,2,0.317,3
227.35,2.24,1,0.021,1
229.76,1.8,2,0.058,1
50.71,14.72,2,0.066,0
32.6,12.59,3,0.075,0
188.01,2.03,3,0.064,1
37.16,7.93,4,0.109,0
21.11,0.8,1,0.032,2
35.94,11.93,4,0.038,0
22.72,11.45,3,0.061,0
225.06,2.91,2,0.041,1
238.85,2.04,2,0.009,1
22.54,11.22,4,0.066,0
45.77,3.01,3,0.411,3
251.17,1.31,1,0.056,1
217.01,2.99,2,0.0,1
23.34,14.96,3,0.073,0
227.49,1.83,2,0.07,1
34.62,10.32,4,0.093,0
22.52,1.18,1,0.019,2
27.26,14.46,3,0.074,0
235.35,0.77,1,0.009,1
40.55,10.84,4,0.124,0
106.48,1.75,2,0.072,1
36.66,12.53,4,0.046,0
195.18,0.98,2,0.01,1
218.37,3.09,2,0.069,1
162.37,1.78,2,0.0,1
21.12,0.92,1,0.075,2
28.57,10.89,2,0.153,0
20.55,1.01,1,0.011,2
35.85,3.93,1,0.309,3
225.76,2.92,1,0.0,1
211.29,1.69,2,0.077,1
167.32,2.1,2,0.049,1
25.54,1.21,1,0.037,2
19.83,0.56,2,0.008,2
236.73,1.27,3,0.062,1
161.8,2.22,2,0.019,1
23.14,1.28,2,0.014,2
40.95,1.31,2,0.459,3
21.71,0.79,1,0.027,2
31.06,1.06,1,0.027,2
53.0,3.74,2,0.327,3
37.74,11.58,2,0.035,0
204.41,1.9,2,0.058,1
145.99,1.67,2,0.073,1
53.79,3.99,2,0.398,3
207.19,2.66,1,0.069,1
78.37,4.46,3,0.366,3
219.1,2.72,2,0.048,1
160.25,1.65,2,0.0,1
37.0,15.43,3,0.082,0
49.11,2.69,3,0.452,3
21.5,1.39,1,0.006,2
27.44,13.01,3,0.126,0
42.44,13.05,4,0.163,0
234.28,2.07,1,0.059,1
18.47,0.96,1,0.057,2
216.38,1.95,3,0.07,1
46.13,4.08,3,0.157,0
18.78,0.86,1,0.026,2
239.0,1.51,2,0.027,1
39.41,2.8,2,0.338,3
39.18,2.99,3,0.31,3
30.13,3.15,1,0.348,3
41.75,6.95,4,0.135,0
33.57,10.7,2,0.16,0
205.82,2.38,3,0.033,1
54.09,11.33,5,0.134,0
27.64,0.27,1,0.03,2
29.51,11.69,3,0.124,0
226.15,2.07,3,0.054,1
40.18,12.09,4,0.098,0
38.87,14.1,3,0.09,0
16.7,1.04,1,0.0,2
42.91,17.22,4,0.134,0
25.18,14.2,3,0.066,0
50.87,3.21,2,0.357,3
25.16,0.91,1,0.07,2
35.73,11.55,3,0.113,0
66.78,3.34,1,0.35,3
52.52,1.99,2,0.423,3
14.07,10.27,4,0.083,0
233.19,1.29,2,0.048,1
211.6,1.91,1,0.081,1
32.57,10.38,2,0.091,0
170.55,1.51,1,0.011,1
19.34,11.73,3,0.05,0
242.14,1.57,3,0.07,1
30.57,1.52,1,0.026,2
198.58,2.89,1,0.059,1
64.24,2.55,2,0.208,3
37.11,9.37,3,0.085,0
21.32,3.73,2,0.455,3
10.67,10.59,3,0.111,0
221.32,1.12,4,0.013,1
182.01,2.1,1,0.021,1
203.6,2.37,3,0.025,1
245.56,2.13,2,0.041,1
180.19,1.66,2,0.027,1
203.32,2.32,1,0.06,1
49.05,14.43,4,0.116,0
231.0,1.64,2,0.021,1
34.98,0.73,1,0.0,2
41.39,12.11,4,0.108,0
176.59,1.15,2,0.052,1
43.74,3.17,2,0.264,3
33.35,12.47,3,0.111,0
46.1,8.95,3,0.188,0
57.05,2.44,2,0.45,3
197.28,2.13,3,0.034,1
219.46,0.82,1,0.038,1
49.31,2.83,1,0.321,3
28.66,0.68,2,0.055,2
45.01,10.25,3,0.071,0
43.73,13.42,3,0.092,0
34.68,2.75,2,0.258,3
38.45,14.48,4,0.143,0
61.59,3.38,2,0.414,3
32.97,15.81,3,0.124,0
29.24,0.91,1,0.042,2
18.78,1.04,1,0.0,2
31.41,1.54,1,0.0,2
40.36,4.08,1,0.479,3
14.45,1.04,1,0.03,2
190.11,1.51,2,0.055,1
61.77,2.76,1,0.424,3
32.45,0.83,1,0.055,2
230.65,0.47,1,0.056,1
15.67,0.92,1,0.01,2
29.08,9.61,4,0.084,0
187.97,1.41,2,0.066,1
37.22,2.95,2,0.304,3
176.19,1.55,3,0.041,1
36.53,12.31,3,0.083,0
185.41,1.39,2,0.066,1
38.38,14.0,4,0.0,0
39.49,11.67,3,0.136,0
38.18,2.69,1,0.416,3
27.98,14.28,3,0.159,0
38.24,10.3,3,0.058,0
28.42,14.23,4,0.123,0
158.34,2.48,1,0.112,1
201.13,2.74,2,0.0,1
180.79,1.8,2,0.083,1
46.59,11.05,3,0.086,0
30.42,12.67,4,0.086,0
218.53,2.4,2,0.053,1
26.3,1.5,1,0.041,2
28.27,12.15,4,0.137,0
40.41,2.41,1,0.35,3
36.66,3.26,1,0.385,3
37.6,0.91,1,0.032,2
31.15,13.5,4,0.113,0
39.52,3.44,2,0.333,3
42.57,3.8,2,0.403,3
183.17,1.08,2,0.028,1
38.13,7.4,3,0.071,0
39.98,4.42,2,0.452,3
226.56,2.45,2,0.059,1
52.72,11.42,5,0.161,0
43.95,11.27,3,0.109,0
44.15,2.41,2,0.321,3
196.95,1.63,3,0.06,1
213.86,1.74,2,0.071,1
44.28,3.43,2,0.487,3
32.59,12.29,2,0.081,0
61.95,1.63,2,0.316,3
12.48,1.61,1,0.018,2
146.8,2.77,1,0.072,1
21.32,1.25,1,0.005,2
31.18,2.87,2,0.228,3
229.66,1.95,3,0.033,1
29.46,0.44,1,0.01,2
38.05,3.48,2,0.46,3
229.14,2.78,2,0.053,1
201.42,0.92,3,0.024,1
39.3,7.89,4,0.063,0
59.85,2.46,2,0.31,3
19.24,1.2,1,0.011,2
35.37,3.44,2,0.368,3
34.46,11.62,2,0.079,0
32.23,10.19,3,0.073,0
209.41,2.74,2,0.019,1
18.79,9.19,3,0.102,0
187.79,3.5,2,0.082,1
31.66,0.83,1,0.034,2
43.93,10.48,4,0.116,0
198.95,1.81,2,0.0,1
23.17,0.83,1,0.023,2
51.66,2.66,2,0.302,3
32.9,13.41,4,0.029,0
207.85,2.17,2,0.079,1
40.04,6.3,4,0.083,0
175.13,1.01,2,0.037,1
165.87,1.74,3,0.058,1
36.44,2.91,2,0.18,3
53.63,3.41,1,0.355,3
39.61,2.31,1,0.384,3
25.0,0.69,1,0.017,2
176.29,2.35,2,0.011,1
51.63,3.56,2,0.266,3
29.16,0.93,1,0.03,2
45.82,2.81,2,0.358,3
46.22,3.97,2,0.313,3
36.75,4.56,2,0.334,3
22.81,14.4,3,0.076,0
137.63,3.62,1,0.0,1
38.16,15.52,3,0.099,0
192.36,2.08,1,0.093,1
62.98,4.48,2,0.413,3
40.02,3.28,1,0.33,3
25.8,11.56,4,0.064,0
57.4,13.15,1,0.105,0
201.69,2.52,3,0.069,1
28.57,2.84,2,0.276,3
36.86,8.0,3,0.068,0
32.87,1.33,1,0.054,2
22.03,0.54,1,0.046,2
36.97,0.98,1,0.043,2
49.99,3.83,2,0.4,3
58.17,2.67,2,0.369,3
227.57,1.87,3,0.051,1
38.01,12.22,4,0.077,0
32.8,10.14,3,0.059,0
34.07,2.56,3,0.536,3
54.04,4.39,2,0.457,3
33.08,12.3,2,0.17,0
36.86,0.88,1,0.018,2
169.54,1.68,2,0.046,1
61.52,3.83,2,0.301,3
193.21,2.33,2,0.074,1
49.73,14.16,4,0.105,0
185.15,1.57,3,0.0,1
48.05,11.42,3,0.143,0
180.62,1.56,2,0.021,1
238.88,2.18,3,0.077,1
202.67,1.99,2,0.031,1
209.98,1.57,2,0.069,1
34.93,14.35,2,0.067,0
43.6,16.54,4,0.047,0
57.72,3.7,1,0.371,3
33.33,14.89,4,0.107,0
51.06,1.61,2,0.322,3
151.09,1.73,2,0.057,1
42.91,0.2,1,0.325,3
17.77,0.97,2,0.025,2
31.05,9.41,4,0.09,0
47.16,2.69,1,0.351,3
24.29,10.96,4,0.129,0
250.35,1.79,2,0.034,1
42.49,2.61,3,0.336,3
17.97,13.89,3,0.15,0
220.32,2.32,3,0.043,1
26.07,0.47,1,0.021,2
30.85,3.83,1,0.309,3
38.37,10.71,4,0.089,0
43.33,10.81,2,0.071,0
203.8,1.32,3,0.081,1
16.63,1.27,1,0.018,2
16.28,1.46,1,0.005,2
229.0,2.94,2,0.078,1
196.52,2.69,2,0.063,1
248.17,2.17,2,0.071,1
28.4,4.13,2,0.25,3
34.5,7.04,2,0.123,0
188.94,2.03,2,0.063,1
220.21,1.43,3,0.048,1
59.26,7.81,4,0.056,0
48.65,13.07,3,0.106,0
28.11,0.61,2,0.013,2
42.22,3.86,2,0.397,3
173.77,1.96,3,0.076,1
40.76,11.91,3,0.15,0
54.02,13.85,3,0.042,0
25.89,0.24,2,0.036,2
42.03,15.51,4,0.209,0
186.37,2.1,2,0.064,1
158.95,1.57,2,0.022,1
240.46,2.33,1,0.063,1
170.82,1.51,3,0.056,1
20.03,1.55,1,0.0,2
15.69,14.87,3,0.074,0
57.55,2.78,2,0.324,3
233.49,1.36,3,0.0,1
22.46,14.29,4,0.142,0
39.08,15.36,3,0.127,0
201.79,2.1,2,0.004,1
38.35,9.87,4,0.084,0
216.68,1.97,1,0.0,1
190.5,1.66,3,0.047,1
169.59,2.07,1,0.071,1
35.36,12.46,3,0.056,0
33.57,2.71,2,0.284,3
27.86,1.37,1,0.05,2
47.32,2.33,3,0.491,3
24.98,0.56,1,0.074,2
48.37,11.47,4,0.025,0
45.37,2.29,2,0.319,3
42.89,3.37,2,0.357,3
45.37,11.76,3,0.11,0
21.24,0.79,1,0.021,2
43.23,2.15,2,0.279,3
36.49,3.56,2,0.353,3
60.94,3.61,2,0.354,3
26.22,1.75,2,0.0,2
234.03,2.4,2,0.0,1
20.97,2.21,1,0.021,2
215.43,1.47,2,0.073,1
39.33,13.3,4,0.058,0
248.96,2.41,2,0.042,1
29.36,11.44,4,0.094,0
42.29,4.14,2,0.252,3
210.31,2.35,2,0.023,1
19.87,0.43,1,0.026,2
27.27,1.19,2,0.388,3
44.43,9.24,3,0.112,0
44.07,2.96,1,0.252,3
30.05,15.43,3,0.126,0
37.16,14.82,3,0.138,0
52.48,3.35,2,0.352,3
162.48,1.4,3,0.024,1
30.47,1.23,1,0.021,2
27.3,13.42,4,0.042,0
48.93,10.21,2,0.092,0
28.22,16.02,4,0.044,0
204.24,2.35,2,0.0,1
208.69,2.44,2,0.062,1
28.89,2.02,2,0.377,3
209.83,1.97,3,0.047,1
44.07,12.07,2,0.081,0
24.71,12.68,3,0.127,0
34.8,13.87,3,0.072,0
18.58,11.82,2,0.182,0
44.1,3.69,2,0.501,3
177.31,1.86,2,0.089,1
179.43,2.18,1,0.049,1
21.69,1.14,2,0.04,2
40.15,11.74,2,0.099,0
34.19,0.95,1,0.036,2
23.9,12.63,3,0.076,0
35.56,2.3,2,0.429,3
181.09,1.98,2,0.086,1
47.21,2.89,1,0.256,3
37.68,14.21,2,0.159,0
32.72,10.1,4,0.106,0
29.93,1.5,1,0.043,2
53.34,2.15,3,0.286,3
188.47,2.45,3,0.09,1
21.43,1.21,1,0.008,2
34.08,9.75,3,0.037,0
29.14,14.28,3,0.153,0
36.95,11.82,2,0.137,0
43.43,9.21,2,0.13,0
21.39,15.24,2,0.153,0
26.44,13.36,3,0.163,0
228.78,1.46,2,0.061,1
26.59,15.33,2,0.098,0
59.49,3.55,2,0.252,3
206.07,2.22,1,0.029,1
28.87,0.89,1,0.039,2
22.95,7.89,3,0.103,0
30.01,14.37,3,0.09,0
33.47,2.16,2,0.319,3
33.46,14.33,4,0.108,0
37.34,0.2,1,0.025,2
32.89,3.65,1,0.435,3
14.49,1.39,1,0.034,2
59.03,11.73,2,0.12,0
202.38,1.69,2,0.064,1
35.6,14.45,4,0.079,0
30.54,2.68,3,0.48,3
227.95,2.53,2,0.025,1
161.32,1.21,1,0.059,1
218.97,2.03,2,0.086,1
43.24,3.14,1,0.389,3
32.24,13.57,3,0.013,0
243.48,1.99,3,0.098,1
62.39,3.68,3,0.499,3
19.46,0.83,1,0.035,2
165.33,1.39,3,0.053,1
50.21,15.01,3,0.048,0
39.53,13.14,4,0.076,0
44.44,1.52,3,0.287,3
39.37,13.44,1,0.116,0
40.98,13.91,2,0.157,0
32.19,13.33,4,0.107,0
44.97,11.59,4,0.154,0
178.59,1.56,3,0.07,1
38.03,3.51,2,0.367,3
41.98,10.3,3,0.151,0
38.42,3.97,1,0.371,3
26.3,1.02,1,0.008,2
218.42,2.84,2,0.044,1
202.95,1.38,2,0.057,1
55.28,3.8,1,0.358,3
24.66,1.6,1,0.226,2
40.75,3.94,3,0.274,3
32.78,15.48,2,0.104,0
156.49,2.64,1,0.066,1
179.75,1.96,1,0.034,1
13.76,0.43,1,0.022,2
180.78,2.08,2,0.025,1
43.87,2.94,2,0.348,3
246.99,2.79,2,0.0,1
48.62,3.06,2,0.371,3
35.51,3.51,2,0.415,3
36.42,0.49,1,0.025,2
47.97,2.73,2,0.316,3
148.01,1.77,1,0.039,1
36.72,14.97,3,0.095,0
50.47,3.89,1,0.414,3
32.57,9.75,3,0.127,0
27.12,11.21,4,0.114,0
34.25,9.36,4,0.104,0
41.16,11.52,4,0.124,0
34.16,1.01,1,0.012,2
17.7,1.1,1,0.008,2
25.82,1.31,1,0.015,2
32.3,16.69,4,0.0,0
40.15,1.2,1,0.004,2
31.94,9.67,2,0.086,0
40.43,15.19,4,0.032,0
185.85,1.42,2,0.018,1
30.91,11.32,3,0.129,0
46.93,2.56,2,0.289,3
26.92,0.87,1,0.036,2
138.74,2.04,1,0.042,1
48.37,10.8,3,0.097,0
20.48,0.84,1,0.007,2
45.47,2.54,2,0.211,3
52.67,3.03,2,0.387,3
28.56,2.26,1,0.288,3
218.78,2.19,1,0.026,1
153.44,2.26,1,0.013,1
44.26,12.54,2,0.162,0
230.1,2.88,2,0.021,1
55.37,3.29,2,0.307,3
190.59,3.02,1,0.054,1
28.08,1.59,1,0.022,2
41.97,5.51,3,0.411,3
22.77,13.7,4,0.032,0
57.06,1.89,2,0.447,3
216.89,1.79,1,0.069,1
36.68,4.46,2,0.349,3
37.3,9.81,2,0.176,0
20.52,0.71,1,0.024,2
51.49,13.38,3,0.125,0
53.36,2.67,2,0.437,3
58.34,3.32,4,0.29,3
194.87,3.43,2,0.069,1
31.48,10.66,3,0.088,0
56.08,4.38,2,0.391,3
42.13,2.45,3,0.286,3
36.7,4.19,2,0.333,3
121.07,2.92,2,0.099,1
14.19,9.39,2,0.028,0
45.86,3.62,2,0.258,3
48.47,2.82,2,0.498,3
49.73,2.89,2,0.358,3
51.56,4.26,2,0.485,3
231.31,1.88,1,0.063,1
38.83,3.9,1,0.373,3
56.87,4.28,2,0.416,3
34.46,13.16,3,0.089,0
240.75,1.9,2,0.098,1
185.08,1.47,2,0.107,1
185.53,2.08,2,0.052,1
54.21,3.11,1,0.518,3
39.75,2.16,2,0.393,3
37.06,5.81,5,0.058,0
210.57,1.96,1,0.029,1
27.8,0.89,1,0.004,2
38.35,12.85,2,0.13,0
52.11,4.78,1,0.453,3
36.66,10.21,4,0.088,0
155.38,1.17,2,0.048,1
159.95,3.34,2,0.071,1
49.15,2.4,2,0.238,3
29.66,1.31,1,0.033,2
13.72,0.51,1,0.014,2
38.1,3.74,2,0.427,3
190.8,2.08,2,0.057,1
25.88,14.98,3,0.139,0
215.48,1.44,1,0.053,1
34.62,0.33,1,0.041,2
24.28,0.92,1,0.019,2
203.55,2.25,1,0.045,1
26.4,11.58,2,0.133,0
40.48,3.32,2,0.361,3
49.73,3.07,3,0.217,3
36.72,11.04,2,0.134,0
43.99,2.12,2,0.316,3
48.96,3.54,2,0.466,3
27.49,0.74,1,0.007,2
35.11,12.1,3,0.167,0
184.21,2.81,2,0.0,1
43.1,11.92,3,0.061,0
16.79,16.63,3,0.161,0
220.18,1.09,2,0.028,1
38.41,13.54,4,0.081,0
33.0,0.61,1,0.042,2
49.69,16.45,3,0.135,0
115.68,1.32,2,0.045,1
29.93,12.68,3,0.067,0
52.6,2.85,2,0.235,3
151.7,2.27,2,0.03,1
38.95,13.45,4,0.132,0
47.95,14.11,2,0.096,0
30.0,0.63,1,0.025,2
44.81,4.0,1,0.397,3
41.77,2.45,3,0.491,3
247.45,2.8,2,0.029,1
20.04,1.82,1,0.0,2
187.5,1.84,2,0.051,1
49.61,4.17,2,0.472,3
37.83,2.1,1,0.52,3
31.86,2.92,3,0.326,3
17.57,1.65,2,0.02,2
221.77,2.69,2,0.048,1
176.11,2.04,3,0.037,1
33.91,2.11,2,0.272,3
114.82,1.46,2,0.047,1
212.61,1.44,2,0.1,1
194.58,1.86,3,0.022,1
52.33,2.25,2,0.367,3
46.67,9.94,2,0.126,0
191.33,2.02,3,0.055,1
220.08,1.91,2,0.017,1
219.86,1.42,2,0.059,1
206.85,2.82,2,0.06,1
167.51,1.99,2,0.077,1
24.67,1.44,1,0.023,2
188.09,2.24,1,0.035,1
23.43,0.97,1,0.043,2
275.61,1.44,1,0.045,1
32.24,10.61,5,0.111,0
195.94,2.25,2,0.105,1
29.29,2.87,3,0.33,3
37.13,11.83,3,0.103,0
177.0,2.76,1,0.112,1
193.71,2.2,2,0.048,1
27.37,13.99,3,0.086,0
25.58,3.89,2,0.259,3
36.07,15.02,2,0.159,0
32.73,14.02,3,0.048,0
34.67,3.35,2,0.295,3
241.87,1.42,2,0.045,1
35.85,15.75,2,0.012,0
186.72,2.45,2,0.0,1
145.1,1.74,1,0.051,1
34.09,0.2,2,0.037,2
54.93,3.71,2,0.345,3
33.66,12.65,4,0.071,0
22.23,1.48,1,0.059,2
37.49,1.07,2,0.0,2
36.37,3.18,1,0.294,3
37.66,12.76,3,0.036,0
57.24,4.44,2,0.283,3
32.64,11.55,1,0.094,2
18.1,1.12,1,0.001,2
48.76,2.74,3,0.234,3
29.89,3.01,2,0.326,3
45.58,2.82,2,0.261,3
43.44,2.96,3,0.254,3
61.87,2.81,2,0.13,2
69.65,3.94,1,0.361,3
215.68,3.43,2,0.059,1
25.26,0.58,1,0.044,2
164.83,2.32,2,0.042,1
44.11,2.76,1,0.299,3
162.37,2.65,2,0.023,1
43.05,13.03,3,0.097,0
224.61,1.2,3,0.079,1
36.42,1.58,1,0.02,2
31.68,14.79,2,0.093,0
189.99,1.99,2,0.0,1
34.2,1.6,1,0.0,2
35.32,14.59,3,0.084,0
207.61,1.04,2,0.069,1
35.79,2.39,2,0.367,3
36.56,12.88,4,0.072,0
230.06,1.25,2,0.0,1
62.01,2.94,2,0.53,3
207.75,3.16,3,0.026,1
26.12,10.04,3,0.049,0
36.44,11.55,4,0.11,0
